seq_id,scan_name,subset_name,iteration,intervention,recovery_horizon_R,eval_iteration,ablated_absrel,baseline_absrel,delta_absrel,delta_rmse,delta_rot,delta_trans,immediate_effect_E0,recovery_fraction
scan1_subset_middle,scan1,subset_middle,1,skip_frame,0,1,0.02803679866095384,0.029421794538696606,-0.0013849958777427673,-0.25290838877360144,15.980290511434413,42.66781395023119,-0.0013849958777427673,0.0
scan1_subset_middle,scan1,subset_middle,1,skip_frame,1,2,0.023527901619672775,0.025893068872392178,-0.0023651672527194023,-3.0801796913146973,5.294915470076565,-6.4022343116294,-0.0013849958777427673,-0.707707070272364
scan1_subset_middle,scan1,subset_middle,1,skip_frame,2,3,0.01948803523555398,0.01974366062010328,-0.00025562538454930103,-1.2348628044128418,3.554977570686275,-9.302998612234788,-0.0013849958777427673,0.8154323860039836
scan1_subset_middle,scan1,subset_middle,1,skip_frame,4,5,0.009276440056661764,0.013558757724240422,-0.004282317667578658,-2.9590922196706124,0.0,3.3988383434688227,-0.0013849958777427673,-2.0919353164847503
scan1_subset_middle,scan1,subset_middle,1,skip_global,0,1,0.03816966867695252,0.029421794538696606,0.008747874138255913,5.185027122497559,14.571891844199447,22.90980101955851,0.008747874138255913,0.0
scan1_subset_middle,scan1,subset_middle,1,skip_global,1,2,0.02851035709803303,0.025893068872392178,0.002617288225640852,0.49615176518758375,8.27138398661679,-6.080391031035539,0.008747874138255913,0.7008086554200621
scan1_subset_middle,scan1,subset_middle,1,skip_global,2,3,0.0233421524365743,0.01974366062010328,0.003598491816471018,2.3630725542704276,1.3729606576131812,-10.345148875795338,0.008747874138255913,0.5886438511118703
scan1_subset_middle,scan1,subset_middle,1,skip_global,4,5,0.012953756765152017,0.013558757724240422,-0.0006050009590884056,-0.03347015380859375,0.0,4.235608269355572,0.008747874138255913,0.9308402304918134
scan1_subset_middle,scan1,subset_middle,2,skip_frame,0,2,0.023574112138400476,0.025893068872392178,-0.0023189567339917012,-1.3893446922302246,5.08471397934409,6.163131302310834,-0.0023189567339917012,0.0
scan1_subset_middle,scan1,subset_middle,2,skip_frame,1,3,0.02274577117835482,0.01974366062010328,0.0030021105582515376,2.796134154001873,3.5927297337762276,-10.762620069706855,-0.0023189567339917012,-0.29459532998008964
scan1_subset_middle,scan1,subset_middle,2,skip_frame,2,4,0.014228127431124449,0.014805633885165056,-0.0005775064540406074,0.5683763821919765,2.3888811449179777,-10.556630635684266,-0.0023189567339917012,0.7509628163495206
scan1_subset_middle,scan1,subset_middle,2,skip_frame,4,6,0.010196667319784561,0.012327385523046056,-0.0021307182032614946,-1.1917452812194824,0.0,1.952695446124034,-0.0023189567339917012,0.08117380025723253
scan1_subset_middle,scan1,subset_middle,2,skip_global,0,2,0.03756150354941686,0.025893068872392178,0.011668434677024685,7.316807905832928,-1.5164828534602268,-1.3660129678451085,0.011668434677024685,0.0
scan1_subset_middle,scan1,subset_middle,2,skip_global,1,3,0.02439099146674077,0.01974366062010328,0.004647330846637487,2.628032048543293,3.7618418025311584,-7.315027942664187,0.011668434677024685,0.6017177131918003
scan1_subset_middle,scan1,subset_middle,2,skip_global,2,4,0.018993944705774386,0.014805633885165056,0.004188310820609329,3.6421976089477557,1.1944405724589888,-1.9418849286412936,0.011668434677024685,0.6410563253307513
scan1_subset_middle,scan1,subset_middle,2,skip_global,4,6,0.01331350595379869,0.012327385523046056,0.000986120430752635,0.7273599306742344,0.0,9.517828009697197,0.011668434677024685,0.9154881988846095
scan1_subset_middle,scan1,subset_middle,3,skip_frame,0,3,0.016860014603783686,0.01974366062010328,-0.002883646016319595,-3.335175196329754,2.5674012300721705,-9.951300816049748,-0.002883646016319595,0.0
scan1_subset_middle,scan1,subset_middle,3,skip_frame,1,4,0.015920300347109635,0.014805633885165056,0.0011146664619445783,1.9221685727437343,3.5833217173769665,-15.708494552636278,-0.002883646016319595,0.6134523947681935
scan1_subset_middle,scan1,subset_middle,3,skip_frame,2,5,0.013426711627592644,0.013558757724240422,-0.00013204609664777857,0.16184361775716205,0.0,8.865291417655415,-0.002883646016319595,0.9542086317458932
scan1_subset_middle,scan1,subset_middle,3,skip_frame,4,7,0.00897424085997045,0.009459928997481862,-0.0004856881375114117,-0.30249834060668945,0.0,11.08557581736178,-0.002883646016319595,0.831571512327544
scan1_subset_middle,scan1,subset_middle,3,skip_global,0,3,0.03233550830433766,0.01974366062010328,0.012591847684234377,9.63927396138509,1.69029893041479,-1.3102064803446964,0.012591847684234377,0.0
scan1_subset_middle,scan1,subset_middle,3,skip_global,1,4,0.018990121471385162,0.014805633885165056,0.004184487586220106,3.3067916234334316,1.1944405724589888,-7.0554432948849755,0.012591847684234377,0.6676827983347278
scan1_subset_middle,scan1,subset_middle,3,skip_global,2,5,0.013987440693502625,0.013558757724240422,0.00042868296926220316,0.47663036982218543,0.0,-2.7972230083779372,0.012591847684234377,0.965955515027478
scan1_subset_middle,scan1,subset_middle,3,skip_global,4,7,0.010137740445012847,0.009459928997481862,0.0006778114475309849,0.500160853068035,0.0,14.691383833720801,0.012591847684234377,0.9461706125639021
scan1_subset_middle,scan1,subset_middle,4,skip_frame,0,4,0.012538679099331299,0.014805633885165056,-0.0022669547858337573,-1.1990043322245274,2.3888811449179777,5.061292940514996,-0.0022669547858337573,0.0
scan1_subset_middle,scan1,subset_middle,4,skip_frame,1,5,0.015166866593062878,0.013558757724240422,0.0016081088688224554,1.0233513514200858,0.0,-3.930514088923516,-0.0022669547858337573,0.29063037389560753
scan1_subset_middle,scan1,subset_middle,4,skip_frame,2,6,0.012658343417569995,0.012327385523046056,0.0003309578945239391,0.37978283564249615,0.0,-6.259736715305652,-0.0022669547858337573,0.854007721463127
scan1_subset_middle,scan1,subset_middle,4,skip_frame,4,8,0.0074319082001845045,0.0070116585508609814,0.00042024964932352304,0.18128705024719238,0.0,-6.0260159839878185,-0.0022669547858337573,0.8146193069444212
scan1_subset_middle,scan1,subset_middle,4,skip_global,0,4,0.023834553236762684,0.014805633885165056,0.009028919351597628,7.370340824127199,0.0,-5.771244360630696,0.009028919351597628,0.0
scan1_subset_middle,scan1,subset_middle,4,skip_global,1,5,0.014650282605240742,0.013558757724240422,0.0010915248810003195,0.44092814127604285,0.0,13.2220005773948,0.009028919351597628,0.8791079155217862
scan1_subset_middle,scan1,subset_middle,4,skip_global,2,6,0.01226043615800639,0.012327385523046056,-6.694936503966534e-05,0.18508005142211914,0.0,11.482394600296448,0.009028919351597628,0.9925850079691078
scan1_subset_middle,scan1,subset_middle,4,skip_global,4,8,0.00725258879053096,0.0070116585508609814,0.00024093023966997862,0.1773383617401123,0.0,-7.089319165538383,0.009028919351597628,0.9733157169437617
scan1_subset_middle,scan1,subset_middle,5,skip_frame,0,5,0.009141480783000588,0.013558757724240422,-0.004417276941239834,-2.7005419731140137,1.1944405724589888,1.2259156138321927,-0.004417276941239834,0.0
scan1_subset_middle,scan1,subset_middle,5,skip_frame,1,6,0.012831763209154209,0.012327385523046056,0.0005043776861081532,0.4943388303120919,0.0,10.846783083615833,-0.004417276941239834,0.8858170558881496
scan1_subset_middle,scan1,subset_middle,5,skip_frame,2,7,0.010415097077687582,0.009459928997481862,0.0009551680802057198,0.6380960146586112,0.0,1.8561845529866332,-0.004417276941239834,0.7837654073059714
scan1_subset_middle,scan1,subset_middle,5,skip_frame,4,9,0.005574009963311255,0.0051468931293735904,0.00042711683393766454,0.20980278650919537,0.0,-3.876052366063753,-0.004417276941239834,0.9033076622499965
scan1_subset_middle,scan1,subset_middle,5,skip_global,0,5,0.018811450727904837,0.013558757724240422,0.005252693003664415,3.4261110623677578,0.0,0.3331671650553094,0.005252693003664415,0.0
scan1_subset_middle,scan1,subset_middle,5,skip_global,1,6,0.012355098423237601,0.012327385523046056,2.7712900191545486e-05,-0.1029523213704433,0.0,12.235555949322706,0.005252693003664415,0.9947240586548248
scan1_subset_middle,scan1,subset_middle,5,skip_global,2,7,0.010039970899621645,0.009459928997481862,0.0005800419021397829,0.42168847719828406,0.0,16.607069046053468,0.005252693003664415,0.8895724723041818
scan1_subset_middle,scan1,subset_middle,5,skip_global,4,9,0.005307070988540848,0.0051468931293735904,0.00016017785916725737,0.12856109937032123,0.0,4.776288836605083,0.005252693003664415,0.9695055737970003
scan1_subset_middle,scan1,subset_middle,6,skip_frame,0,6,0.008448905777186155,0.012327385523046056,-0.0038784797458599005,-2.2703280448913574,0.0,12.754010173878502,-0.0038784797458599005,0.0
scan1_subset_middle,scan1,subset_middle,6,skip_frame,1,7,0.010469569747025767,0.009459928997481862,0.0010096407495439053,0.7420653502146415,0.0,-2.8606720684597207,-0.0038784797458599005,0.7396813144063339
scan1_subset_middle,scan1,subset_middle,6,skip_frame,2,8,0.007394570275209844,0.0070116585508609814,0.0003829117243488627,0.3168481985727958,0.0,-6.831077752722036,-0.0038784797458599005,0.9012727281204438
scan1_subset_middle,scan1,subset_middle,6,skip_frame,4,10,0.003976627757462363,0.0038135617505759,0.00016306600688646266,0.08288041750589947,0.0,0.969827097986574,-0.0038784797458599005,0.9579562051186349
scan1_subset_middle,scan1,subset_middle,6,skip_global,0,6,0.016822618898004293,0.012327385523046056,0.004495233374958238,2.9685594240824376,0.0,10.577325504113066,0.004495233374958238,0.0
scan1_subset_middle,scan1,subset_middle,6,skip_global,1,7,0.009403058172514042,0.009459928997481862,-5.687082496782028e-05,-0.17346501350402832,0.0,1.365913289771898,0.004495233374958238,0.9873486379406612
scan1_subset_middle,scan1,subset_middle,6,skip_global,2,8,0.007631919890021284,0.0070116585508609814,0.0006202613391603027,0.40688562393188477,0.0,1.7508965999615036,0.004495233374958238,0.8620179894072652
scan1_subset_middle,scan1,subset_middle,6,skip_global,4,10,0.003956436916875343,0.0038135617505759,0.00014287516629944274,0.07386330763498883,0.0,9.367497760540607,0.004495233374958238,0.9682162961559765
scan1_subset_middle,scan1,subset_middle,7,skip_frame,0,7,0.00811383492934207,0.009459928997481862,-0.0013460940681397915,-0.7353748480478917,0.0,-2.2761007589645637,-0.0013460940681397915,0.0
scan1_subset_middle,scan1,subset_middle,7,skip_frame,1,8,0.008170084756178161,0.0070116585508609814,0.0011584262053171797,0.7264382839202881,0.0,1.851067336129173,-0.0013460940681397915,0.13941660338935735
scan1_subset_middle,scan1,subset_middle,7,skip_frame,2,9,0.0056047467126821475,0.0051468931293735904,0.0004578535833085571,0.3959832986195888,0.0,1.2458963539667565,-0.0013460940681397915,0.6598650910472558
scan1_subset_middle,scan1,subset_middle,7,skip_frame,4,11,0.003512654957982401,0.003425298685518404,8.735627246399692e-05,0.031447768211364746,0.0,-1.9549394745380226,-0.0013460940681397915,0.9351038872159082
scan1_subset_middle,scan1,subset_middle,7,skip_global,0,7,0.01423405739478767,0.009459928997481862,0.004774128397305807,2.8933722972869873,0.0,13.583497517284423,0.004774128397305807,0.0
scan1_subset_middle,scan1,subset_middle,7,skip_global,1,8,0.007075673745324214,0.0070116585508609814,6.401519446323257e-05,-0.11564127604166607,0.0,-4.652674152015489,0.004774128397305807,0.9865912289876078
scan1_subset_middle,scan1,subset_middle,7,skip_global,2,9,0.005586061044596136,0.0051468931293735904,0.0004391679152225452,0.2742624282836914,0.0,-13.187636277067934,0.004774128397305807,0.908010870534948
scan1_subset_middle,scan1,subset_middle,7,skip_global,4,11,0.0034266182143862047,0.003425298685518404,1.3195288678007414e-06,-0.015315651893615723,0.0,14.867016145131732,0.004774128397305807,0.9997236084248289
scan1_subset_middle,scan1,subset_middle,8,skip_frame,0,8,0.006031732773408294,0.0070116585508609814,-0.0009799257774526877,-0.4978811740875244,0.0,1.825901788723474,-0.0009799257774526877,0.0
scan1_subset_middle,scan1,subset_middle,8,skip_frame,1,9,0.006057583726942539,0.0051468931293735904,0.0009106905975689488,0.6496632099151611,0.0,-8.33679313312086,-0.0009799257774526877,0.07065349384288622
scan1_subset_middle,scan1,subset_middle,8,skip_frame,2,10,0.004332308269416292,0.0038135617505759,0.0005187465188403921,0.3453004757563267,0.0,2.412017094497026,-0.0009799257774526877,0.4706267242108161
scan1_subset_middle,scan1,subset_middle,8,skip_frame,4,12,0.003498598157117764,0.003449651955937346,4.894620118041804e-05,0.032759110132853486,0.0,-8.254785337379714,-0.0009799257774526877,0.9500511137612346
scan1_subset_middle,scan1,subset_middle,8,skip_global,0,8,0.010851769630486766,0.0070116585508609814,0.0038401110796257845,2.114609479904175,0.0,3.2275089000459296,0.0038401110796257845,0.0
scan1_subset_middle,scan1,subset_middle,8,skip_global,1,9,0.005104712055375178,0.0051468931293735904,-4.2181073998412075e-05,-0.13462964693705182,0.0,4.7882202165897425,0.0038401110796257845,0.9890156630566732
scan1_subset_middle,scan1,subset_middle,8,skip_global,2,10,0.00404260881866018,0.0038135617505759,0.00022904706808427999,0.12697203954060843,0.0,-3.7304716152338884,0.0038401110796257845,0.9403540513972318
scan1_subset_middle,scan1,subset_middle,8,skip_global,4,12,0.003574124459798137,0.003449651955937346,0.00012447250386079124,-0.015397985776265166,0.0,-3.4118090772526113,0.0038401110796257845,0.9675862230857861
scan1_subset_middle,scan1,subset_middle,9,skip_frame,0,9,0.0047630766639485955,0.0051468931293735904,-0.0003838164654249949,-0.17211902141571045,0.0,-10.064284506852681,-0.0003838164654249949,0.0
scan1_subset_middle,scan1,subset_middle,9,skip_frame,1,10,0.0043945921352133155,0.0038135617505759,0.0005810303846374154,0.34462650616963675,0.0,-2.4949281560754777,-0.0003838164654249949,-0.5138234989320953
scan1_subset_middle,scan1,subset_middle,9,skip_frame,2,11,0.0036476824898272753,0.003425298685518404,0.00022238380430887128,0.12675185998280902,0.0,2.515654605235717,-0.0003838164654249949,0.42059858202636347
scan1_subset_middle,scan1,subset_middle,9,skip_frame,4,13,0.0037137454686065516,0.0036197270189101496,9.401844969640204e-05,0.05436992645263672,0.0,13.031109561123737,-0.0003838164654249949,0.7550432090184129
scan1_subset_middle,scan1,subset_middle,9,skip_global,0,9,0.008218055435766777,0.0051468931293735904,0.0030711623063931865,1.6181223392486572,0.0,0.18179806013421995,0.0030711623063931865,0.0
scan1_subset_middle,scan1,subset_middle,9,skip_global,1,10,0.0037613663589581847,0.0038135617505759,-5.219539161771536e-05,-0.11679387092590332,0.0,-2.2111757732657225,0.0030711623063931865,0.9830046782258752
scan1_subset_middle,scan1,subset_middle,9,skip_global,2,11,0.003398421686142683,0.003425298685518404,-2.6876999375720963e-05,0.004390557607015566,0.0,9.1264283771126,0.0030711623063931865,0.9912485903725207
scan1_subset_middle,scan1,subset_middle,9,skip_global,4,13,0.003917281593506535,0.0036197270189101496,0.000297554574596385,0.03990614414215088,0.0,0.9299474732657664,0.0030711623063931865,0.90311336721704
scan1_subset_middle,scan1,subset_middle,10,skip_frame,0,10,0.004015637096017599,0.0038135617505759,0.00020207534544169903,0.09689446290334036,0.0,-0.33821759191190637,0.00020207534544169903,0.0
scan1_subset_middle,scan1,subset_middle,10,skip_frame,1,11,0.0038194213217745223,0.003425298685518404,0.0003941226362561183,0.1777295668919887,0.0,-2.323671043288666,0.00020207534544169903,-0.9503746753204343
scan1_subset_middle,scan1,subset_middle,10,skip_frame,2,12,0.0035639902343973517,0.003449651955937346,0.00011433827846000577,0.031924287478129365,0.0,-9.40227435349734,0.00020207534544169903,0.4341799678229741
scan1_subset_middle,scan1,subset_middle,10,skip_frame,4,14,0.003891953694013258,0.003879268614885708,1.2685079127550125e-05,0.017904718716938994,0.0,11.635218197558682,0.00020207534544169903,0.9372259931075565
scan1_subset_middle,scan1,subset_middle,10,skip_global,0,10,0.00589939074901243,0.0038135617505759,0.00208582899843653,1.0466907024383536,0.0,-6.038429230261035,0.00208582899843653,0.0
scan1_subset_middle,scan1,subset_middle,10,skip_global,1,11,0.0034036843571811914,0.003425298685518404,-2.1614328337212548e-05,-0.06293030579884817,0.0,15.3462402532681,0.00208582899843653,0.9896375357934836
scan1_subset_middle,scan1,subset_middle,10,skip_global,2,12,0.0034921637270599604,0.003449651955937346,4.25117711226144e-05,-0.00438471635182669,0.0,5.446965237143651,0.00208582899843653,0.9796187649349588
scan1_subset_middle,scan1,subset_middle,10,skip_global,4,14,0.004227866185829043,0.003879268614885708,0.00034859757094333555,0.03938639163970947,0.0,10.128454151891901,0.00208582899843653,0.832873370154201
scan1_subset_middle,scan1,subset_middle,11,skip_frame,0,11,0.003950178196343283,0.003425298685518404,0.0005248795108248792,0.17095903555552194,0.0,6.064183543530579,0.0005248795108248792,0.0
scan1_subset_middle,scan1,subset_middle,11,skip_frame,1,12,0.0038993962419529757,0.003449651955937346,0.00044974428601562977,0.14499191443125437,0.0,3.4908542873347415,0.0005248795108248792,0.14314756674568974
scan1_subset_middle,scan1,subset_middle,11,skip_frame,2,13,0.003679970628581941,0.0036197270189101496,6.024360967179154e-05,0.012312213579813935,0.0,11.038916749642064,0.0005248795108248792,0.8852239258165838
scan1_subset_middle,scan1,subset_middle,11,skip_frame,4,15,0.003991905871468286,0.004116255945215623,-0.00012435007374733686,-0.016588052113850615,0.0,-0.41189751053147816,0.0005248795108248792,0.7630883446909303
scan1_subset_middle,scan1,subset_middle,11,skip_global,0,11,0.004240314631412427,0.003425298685518404,0.0008150159458940229,0.4780695041020717,0.0,-2.174591456908658,0.0008150159458940229,0.0
scan1_subset_middle,scan1,subset_middle,11,skip_global,1,12,0.003510191027695934,0.003449651955937346,6.0539071758587866e-05,-0.022236227989196777,0.0,3.737618403237576,0.0008150159458940229,0.9257203836764443
scan1_subset_middle,scan1,subset_middle,11,skip_global,2,13,0.0036683320067822933,0.0036197270189101496,4.860498787214373e-05,0.006392478942871094,0.0,11.799330621202015,0.0008150159458940229,0.940363144896721
scan1_subset_middle,scan1,subset_middle,11,skip_global,4,15,0.004516807889255385,0.004116255945215623,0.000400551944039762,0.0742800235748291,0.0,-5.6148582861077685,0.0008150159458940229,0.5085348378056813
scan1_subset_middle,scan1,subset_middle,12,skip_frame,0,12,0.00418863872376581,0.003449651955937346,0.0007389867678284641,0.24039944012959769,0.0,-4.209023687895478,0.0007389867678284641,0.0
scan1_subset_middle,scan1,subset_middle,12,skip_frame,1,13,0.004268376699959238,0.0036197270189101496,0.0006486496810490885,0.20074939727783203,0.0,0.8855800229473445,0.0007389867678284641,0.12224452549378384
scan1_subset_middle,scan1,subset_middle,12,skip_frame,2,14,0.003932801734966536,0.003879268614885708,5.353312008082823e-05,-0.002882401148478486,0.0,16.59003419852444,0.0007389867678284641,0.9275587569204561
scan1_subset_middle,scan1,subset_middle,12,skip_frame,4,16,0.004188030841760337,0.0042797305310765905,-9.169968931625316e-05,-0.014144142468770049,0.0,8.77199283896856,0.0007389867678284641,0.8759115950266395
scan1_subset_middle,scan1,subset_middle,12,skip_global,0,12,0.0034501340317850313,0.003449651955937346,4.820758476853371e-07,0.11804771423339844,0.0,5.587450898083048,4.820758476853371e-07,0.0
scan1_subset_middle,scan1,subset_middle,12,skip_global,1,13,0.003670782083645463,0.0036197270189101496,5.10550647353134e-05,-0.008090694745381377,0.0,5.742520498110826,4.820758476853371e-07,
scan1_subset_middle,scan1,subset_middle,12,skip_global,2,14,0.0038982557210450373,0.003879268614885708,1.8987106159329414e-05,-0.010648330052694277,0.0,11.225333582906895,4.820758476853371e-07,
scan1_subset_middle,scan1,subset_middle,12,skip_global,4,16,0.004704590770415962,0.0042797305310765905,0.00042486023933937123,0.0840927759806318,0.0,3.0531098113061486,4.820758476853371e-07,
scan1_subset_middle,scan1,subset_middle,13,skip_frame,0,13,0.0044841513348122435,0.0036197270189101496,0.0008644243159020939,0.28982178370157907,0.0,14.236403482043384,0.0008644243159020939,0.0
scan1_subset_middle,scan1,subset_middle,13,skip_frame,1,14,0.0046186529798433185,0.003879268614885708,0.0007393843649576106,0.2218306064605713,0.0,7.863039432880499,0.0008644243159020939,0.14465112635568844
scan1_subset_middle,scan1,subset_middle,13,skip_frame,2,15,0.0041547675694649415,0.004116255945215623,3.851162424931866e-05,0.007249593734741211,0.0,2.277602529021367,0.0008644243159020939,0.9554482404753634
scan1_subset_middle,scan1,subset_middle,13,skip_global,0,13,0.003242201288230717,0.0036197270189101496,-0.0003775257306794324,-0.03056569894154837,0.0,9.37717820188083,-0.0003775257306794324,0.0
scan1_subset_middle,scan1,subset_middle,13,skip_global,1,14,0.003785517532378435,0.003879268614885708,-9.37510825072727e-05,-0.06009308497111032,0.0,16.415784440131485,-0.0003775257306794324,0.7516696879480267
scan1_subset_middle,scan1,subset_middle,13,skip_global,2,15,0.004017267298574249,0.004116255945215623,-9.898864664137363e-05,-0.039240519205728575,0.0,-7.383253812935895,-0.0003775257306794324,0.7377962914919098
scan1_subset_middle,scan1,subset_middle,14,skip_frame,0,14,0.004800232670580347,0.003879268614885708,0.0009209640556946392,0.3030922810236607,0.0,11.783203628543642,0.0009209640556946392,0.0
scan1_subset_middle,scan1,subset_middle,14,skip_frame,1,15,0.004998048961473008,0.004116255945215623,0.0008817930162573848,0.29132211208343506,0.0,10.270189950892822,0.0009209640556946392,0.04253264738731799
scan1_subset_middle,scan1,subset_middle,14,skip_frame,2,16,0.004452092029775183,0.0042797305310765905,0.00017236149869859219,0.05606178442637155,0.0,-1.1038420351414597,0.0009209640556946392,0.8128466603741792
scan1_subset_middle,scan1,subset_middle,14,skip_global,0,14,0.003286383541611334,0.003879268614885708,-0.000592885073274374,-0.15175795555114746,0.0,10.092183784112823,-0.000592885073274374,0.0
scan1_subset_middle,scan1,subset_middle,14,skip_global,1,15,0.003876211354508996,0.004116255945215623,-0.00024004459070662686,-0.082992871602376,0.0,-3.475523154010279,-0.000592885073274374,0.5951245839587201
scan1_subset_middle,scan1,subset_middle,14,skip_global,2,16,0.004179040668532252,0.0042797305310765905,-0.0001006898625443382,-0.042688210805256865,0.0,-5.9147736445777,-0.000592885073274374,0.8301696786052477
scan1_subset_middle,scan1,subset_middle,15,skip_frame,0,15,0.0051399043295532465,0.004116255945215623,0.0010236483843376236,0.34950164953867624,0.0,7.120048666861953,0.0010236483843376236,0.0
scan1_subset_middle,scan1,subset_middle,15,skip_frame,1,16,0.005256002303212881,0.0042797305310765905,0.0009762717721362906,0.32101690769195557,0.0,11.023034736659303,0.0010236483843376236,0.04628211495882861
scan1_subset_middle,scan1,subset_middle,15,skip_global,0,15,0.003393041086383164,0.004116255945215623,-0.0007232148588324589,-0.19410443305969238,0.0,10.300063650857728,-0.0007232148588324589,0.0
scan1_subset_middle,scan1,subset_middle,15,skip_global,1,16,0.0039128494293739395,0.0042797305310765905,-0.00036688110170265097,-0.10786942640940289,0.0,11.129527399873195,-0.0007232148588324589,0.4927080144689848
scan1_subset_middle,scan1,subset_middle,16,skip_frame,0,16,0.0054139262065291405,0.0042797305310765905,0.00113419567545255,0.383036096890768,0.0,2.8112941674569907,0.00113419567545255,0.0
scan1_subset_middle,scan1,subset_middle,16,skip_global,0,16,0.0035709704582889876,0.0042797305310765905,-0.0007087600727876029,-0.21327702204386334,0.0,-3.0223702425683427,-0.0007087600727876029,0.0
scan1_subset_uniform,scan1,subset_uniform,1,skip_frame,0,1,0.021517841921498377,0.01893404747049014,0.002583794451008238,1.5204588572184257,1.9717674687208273,13.198254286380397,0.002583794451008238,0.0
scan1_subset_uniform,scan1,subset_uniform,1,skip_frame,1,2,0.014737805351614952,0.015894453041255474,-0.001156647689640522,-1.7816149393717442,23.89703457005366,22.262018906189724,0.002583794451008238,0.5523453155535729
scan1_subset_uniform,scan1,subset_uniform,1,skip_frame,2,3,0.012649815762415528,0.014135557692497969,-0.0014857419300824404,-1.141618649164835,7.287551301145894,6.876444064845721,0.002583794451008238,0.42497673160390914
scan1_subset_uniform,scan1,subset_uniform,1,skip_frame,4,5,0.008519329984361926,0.010479195043444633,-0.0019598650590827073,-1.4280156294504796,0.49585835795580113,-7.774310015071286,0.002583794451008238,0.24147795180923293
scan1_subset_uniform,scan1,subset_uniform,1,skip_global,0,1,0.02726777798185746,0.01893404747049014,0.008333730511367321,6.2602702776590995,20.52754273911011,16.426184612655497,0.008333730511367321,0.0
scan1_subset_uniform,scan1,subset_uniform,1,skip_global,1,2,0.01925789751112461,0.015894453041255474,0.003363444469869137,1.7987922032674177,28.658469861861125,27.560459323060456,0.008333730511367321,0.5964058994610693
scan1_subset_uniform,scan1,subset_uniform,1,skip_global,2,3,0.0150293226664265,0.014135557692497969,0.0008937649739285316,1.4050121307373047,9.351202316563132,-0.9720110509736841,0.008333730511367321,0.8927533146518928
scan1_subset_uniform,scan1,subset_uniform,1,skip_global,4,5,0.010795436489085356,0.010479195043444633,0.00031624144564072233,0.4930001894632987,4.079180075332768,2.5442634484371744,0.008333730511367321,0.9620528351367537
scan1_subset_uniform,scan1,subset_uniform,2,skip_frame,0,2,0.014589039453615745,0.015894453041255474,-0.0013054135876397286,-1.0451431274414062,26.56148780788543,20.840964752196378,-0.0013054135876397286,0.0
scan1_subset_uniform,scan1,subset_uniform,2,skip_frame,1,3,0.014479120960459113,0.014135557692497969,0.00034356326796114445,0.8958857854207363,5.4900068748176745,4.63765027937545,-0.0013054135876397286,0.7368165375217759
scan1_subset_uniform,scan1,subset_uniform,2,skip_frame,2,4,0.013061362008253733,0.01181665544087688,0.001244706567376852,1.0725735823313407,2.884739502873779,-17.76803390534161,-0.0013054135876397286,0.0465040511587127
scan1_subset_uniform,scan1,subset_uniform,2,skip_frame,4,6,0.008008304905767242,0.008681592919553319,-0.0006732880137860775,-0.5046590169270839,-1.1944405724589888,4.874760029608175,-0.0013054135876397286,0.4842339468800647
scan1_subset_uniform,scan1,subset_uniform,2,skip_global,0,2,0.024956441173950832,0.015894453041255474,0.009061988132695358,6.3694890340169295,10.156548214052044,3.6299541224571925,0.009061988132695358,0.0
scan1_subset_uniform,scan1,subset_uniform,2,skip_global,1,3,0.014918564353138208,0.014135557692497969,0.0007830066606402397,1.11856492360433,6.417340662361055,-2.616256363692605,0.009061988132695358,0.9135943846786582
scan1_subset_uniform,scan1,subset_uniform,2,skip_global,2,4,0.013376754863808552,0.01181665544087688,0.0015600994229316711,1.23950759569804,4.0926045275552125,-13.646731164049829,0.009061988132695358,0.827841374311352
scan1_subset_uniform,scan1,subset_uniform,2,skip_global,4,6,0.009526411537081003,0.008681592919553319,0.0008448186175276842,0.596891562143961,2.3888811449179777,18.879676750226956,0.009061988132695358,0.9067733696891959
scan1_subset_uniform,scan1,subset_uniform,3,skip_frame,0,3,0.012317527240763107,0.014135557692497969,-0.0018180304517348613,-1.2321263949076329,6.748353116176635,9.84906690029202,-0.0018180304517348613,0.0
scan1_subset_uniform,scan1,subset_uniform,3,skip_frame,1,4,0.012333972301955024,0.01181665544087688,0.0005173168610781431,0.34200477600097656,3.6339889144137674,-8.546172853378602,-0.0018180304517348613,0.7154520373492689
scan1_subset_uniform,scan1,subset_uniform,3,skip_frame,2,5,0.010423976617554823,0.010479195043444633,-5.5218425889810505e-05,0.0831622282663993,2.884739502873779,-7.710778085584963,-0.0018180304517348613,0.9696273371894744
scan1_subset_uniform,scan1,subset_uniform,3,skip_frame,4,7,0.007070006259406607,0.006922749957690637,0.00014725630171597004,0.1017155647277832,0.0,0.9779635341549247,-0.0018180304517348613,0.9190022908717231
scan1_subset_uniform,scan1,subset_uniform,3,skip_global,0,3,0.019838908376793068,0.014135557692497969,0.005703350684295099,5.7438565889994315,8.044991959343626,10.301463555046361,0.005703350684295099,0.0
scan1_subset_uniform,scan1,subset_uniform,3,skip_global,1,4,0.013708143960684538,0.01181665544087688,0.0018914885198076572,1.6195689042409267,5.495330295797664,-5.564537014140043,0.005703350684295099,0.6683548628675225
scan1_subset_uniform,scan1,subset_uniform,3,skip_global,2,5,0.010701171588152647,0.010479195043444633,0.00022197654470801353,0.3088401158650722,1.6902989304147904,-3.334872963774467,0.005703350684295099,0.9610796254701198
scan1_subset_uniform,scan1,subset_uniform,3,skip_global,4,7,0.007699435964847605,0.006922749957690637,0.0007766860071569681,0.5679326057434082,2.3888811449179777,18.152816236325542,0.005703350684295099,0.8638193493351773
scan1_subset_uniform,scan1,subset_uniform,4,skip_frame,0,4,0.011458134123434624,0.01181665544087688,-0.00035852131744225704,-0.6103735764821359,7.0155845520446,-9.274003823324586,-0.00035852131744225704,0.0
scan1_subset_uniform,scan1,subset_uniform,4,skip_frame,1,5,0.010862980193148056,0.010479195043444633,0.0003837851497034226,0.29410545031229773,1.6902989304147904,-6.512848816137881,-0.00035852131744225704,-0.07046675060049812
scan1_subset_uniform,scan1,subset_uniform,4,skip_frame,2,6,0.00941437017172575,0.008681592919553319,0.0007327772521724309,0.43764257431030273,-1.1944405724589888,10.107505125720774,-0.00035852131744225704,-1.0438875361726603
scan1_subset_uniform,scan1,subset_uniform,4,skip_frame,4,8,0.0057881456256533665,0.00552757903157423,0.00026056659407913685,0.14001290003458688,0.0,4.188060618926568,-0.00035852131744225704,0.2732186863027932
scan1_subset_uniform,scan1,subset_uniform,4,skip_global,0,4,0.01571356365457177,0.01181665544087688,0.003896908213694891,3.84336304664612,3.265983444575358,-14.867378709893432,0.003896908213694891,0.0
scan1_subset_uniform,scan1,subset_uniform,4,skip_global,1,5,0.010791644221171737,0.010479195043444633,0.00031244917772710323,0.3089439868927002,1.1944405724589888,1.509769720214507,0.003896908213694891,0.9198212632699266
scan1_subset_uniform,scan1,subset_uniform,4,skip_global,2,6,0.008999597979709506,0.008681592919553319,0.000318005060156187,0.385282039642334,0.0,16.130256136989722,0.003896908213694891,0.9183955477733289
scan1_subset_uniform,scan1,subset_uniform,4,skip_global,4,8,0.005658254725858569,0.00552757903157423,0.00013067569428433946,0.04083029429117868,1.1944405724589888,5.028992904782204,0.003896908213694891,0.9664668277725643
scan1_subset_uniform,scan1,subset_uniform,5,skip_frame,0,5,0.010080185796444615,0.010479195043444633,-0.0003990092470000182,-0.25594210624694824,1.6902989304147904,0.7118267606101121,-0.0003990092470000182,0.0
scan1_subset_uniform,scan1,subset_uniform,5,skip_frame,1,6,0.009903598887224993,0.008681592919553319,0.0012220059676716737,0.6697483857472726,3.5833217173769665,0.9802412332670878,-0.0003990092470000182,-2.062600621061842
scan1_subset_uniform,scan1,subset_uniform,5,skip_frame,2,7,0.007975642879803976,0.006922749957690637,0.0010528929221133394,0.6936249732971191,0.0,-2.226221932955318,-0.0003990092470000182,-1.6387682241191053
scan1_subset_uniform,scan1,subset_uniform,5,skip_frame,4,9,0.004764382339393099,0.00452518086725225,0.00023920147214084864,0.18732317288716693,0.0,11.011521661293935,-0.0003990092470000182,0.400511456966716
scan1_subset_uniform,scan1,subset_uniform,5,skip_global,0,5,0.013339472779383263,0.010479195043444633,0.002860277735938629,2.524814764658611,2.884739502873779,-0.0527045677610225,0.002860277735938629,0.0
scan1_subset_uniform,scan1,subset_uniform,5,skip_global,1,6,0.009093980149676403,0.008681592919553319,0.00041238723012308395,0.20557681719462018,1.1944405724589888,3.9341899224226955,0.002860277735938629,0.8558226619249074
scan1_subset_uniform,scan1,subset_uniform,5,skip_global,2,7,0.006907438859343529,0.006922749957690637,-1.531109834710786e-05,0.10846614837646484,3.5833217173769665,11.58750923727139,0.002860277735938629,0.9946469889428121
scan1_subset_uniform,scan1,subset_uniform,5,skip_global,4,9,0.004597271637370189,0.00452518086725225,7.209077011793852e-05,0.020868619283040957,0.0,5.1174933378314496,0.002860277735938629,0.9747958846051427
scan1_subset_uniform,scan1,subset_uniform,6,skip_frame,0,6,0.008698299216727415,0.008681592919553319,1.6706297174096107e-05,-0.019642988840740117,1.1944405724589888,12.29538934916042,1.6706297174096107e-05,0.0
scan1_subset_uniform,scan1,subset_uniform,6,skip_frame,1,7,0.008250036587317785,0.006922749957690637,0.0013272866296271486,0.771397590637207,1.1944405724589888,8.992168246838684,1.6706297174096107e-05,-78.44828323089861
scan1_subset_uniform,scan1,subset_uniform,6,skip_frame,2,8,0.006638167581210534,0.00552757903157423,0.0011105885496363044,0.7371137142181396,0.0,10.38897256123585,1.6706297174096107e-05,-65.47724136969883
scan1_subset_uniform,scan1,subset_uniform,6,skip_frame,4,10,0.004013356170617044,0.003769837087020278,0.000243519083596766,0.1769704818725586,0.0,8.913342723387913,1.6706297174096107e-05,-13.57648460691539
scan1_subset_uniform,scan1,subset_uniform,6,skip_global,0,6,0.011250041658058763,0.008681592919553319,0.0025684487385054435,2.1687382857004796,1.1944405724589888,14.167482497728024,0.0025684487385054435,0.0
scan1_subset_uniform,scan1,subset_uniform,6,skip_global,1,7,0.00705160580885907,0.006922749957690637,0.00012885585116843325,0.002445062001546816,2.3888811449179777,16.539041891597932,0.0025684487385054435,0.949831254470193
scan1_subset_uniform,scan1,subset_uniform,6,skip_global,2,8,0.005481402661340932,0.00552757903157423,-4.617637023329735e-05,0.010320266087849639,0.0,3.52585933588965,0.0025684487385054435,0.9820216889903098
scan1_subset_uniform,scan1,subset_uniform,6,skip_global,4,10,0.003805758082307875,0.003769837087020278,3.592099528759718e-05,0.018878817558288574,0.0,-1.7090475506691618,0.0025684487385054435,0.9860145173430639
scan1_subset_uniform,scan1,subset_uniform,7,skip_frame,0,7,0.006958914532636602,0.006922749957690637,3.6164574945965824e-05,0.0061550140380859375,2.3888811449179777,19.757161362608343,3.6164574945965824e-05,0.0
scan1_subset_uniform,scan1,subset_uniform,7,skip_frame,1,8,0.006466986223434408,0.00552757903157423,0.0009394071918601785,0.48459545771280954,0.0,8.39810142693247,3.6164574945965824e-05,-24.975894733002242
scan1_subset_uniform,scan1,subset_uniform,7,skip_frame,2,9,0.005333603747809927,0.00452518086725225,0.0008084228805576767,0.5368831952412929,0.0,3.3086203668606338,3.6164574945965824e-05,-21.35399923172211
scan1_subset_uniform,scan1,subset_uniform,7,skip_frame,4,11,0.0034356037310014167,0.003312281255299846,0.0001233224757015705,0.10754640897115131,0.0,-2.145166979730556,3.6164574945965824e-05,-2.4100352592510474
scan1_subset_uniform,scan1,subset_uniform,7,skip_global,0,7,0.009506722756971916,0.006922749957690637,0.0025839727992812795,1.9315210183461513,2.3888811449179777,9.909941317008776,0.0025839727992812795,0.0
scan1_subset_uniform,scan1,subset_uniform,7,skip_global,1,8,0.005302951399547358,0.00552757903157423,-0.00022462763202687162,-0.23414127031962106,0.0,-0.5191515086074645,0.0025839727992812795,0.9130688867586567
scan1_subset_uniform,scan1,subset_uniform,7,skip_global,2,9,0.00435781335302939,0.00452518086725225,-0.00016736751422286034,-0.04313675562540631,0.0,-3.1839816875040636,0.0025839727992812795,0.9352286083392933
scan1_subset_uniform,scan1,subset_uniform,7,skip_global,4,11,0.0033310659928247333,0.003312281255299846,1.878473752488707e-05,-0.009824037551879883,0.0,3.1663934879305566,0.0025839727992812795,0.9927302882096468
scan1_subset_uniform,scan1,subset_uniform,8,skip_frame,0,8,0.005594457034021616,0.00552757903157423,6.68780024473863e-05,-0.05788373947143555,0.0,0.1037427027666924,6.68780024473863e-05,0.0
scan1_subset_uniform,scan1,subset_uniform,8,skip_frame,1,9,0.005120459711179137,0.00452518086725225,0.000595278843926887,0.28839826583862305,0.0,-4.485801958421498,6.68780024473863e-05,-7.900966269068814
scan1_subset_uniform,scan1,subset_uniform,8,skip_frame,2,10,0.004373484950823088,0.003769837087020278,0.0006036478638028102,0.38027461369832327,0.0,2.0540580503018653,6.68780024473863e-05,-8.026104873238507
scan1_subset_uniform,scan1,subset_uniform,8,skip_frame,4,12,0.0031771877547726035,0.0031067096861079335,7.047806866466999e-05,0.07317026456197073,0.0,-2.8899075726240504,6.68780024473863e-05,-0.05383034907652795
scan1_subset_uniform,scan1,subset_uniform,8,skip_global,0,8,0.007515048064912359,0.00552757903157423,0.0019874690333381295,1.4982857704162598,0.0,8.546709659111947,0.0019874690333381295,0.0
scan1_subset_uniform,scan1,subset_uniform,8,skip_global,1,9,0.004314829711802304,0.00452518086725225,-0.00021035115544994643,-0.14297012488047223,0.0,16.893923295241763,0.0019874690333381295,0.8941612916118531
scan1_subset_uniform,scan1,subset_uniform,8,skip_global,2,10,0.0037169549614191055,0.003769837087020278,-5.288212560117245e-05,0.004594246546426817,0.0,-8.655451108749206,0.0019874690333381295,0.9733922266389468
scan1_subset_uniform,scan1,subset_uniform,8,skip_global,4,12,0.0031368740601465106,0.0031067096861079335,3.016437403857708e-05,-0.032966574033101104,0.0,-12.718703369700496,0.0019874690333381295,0.9848227199857734
scan1_subset_uniform,scan1,subset_uniform,9,skip_frame,0,9,0.004478805582039058,0.00452518086725225,-4.6375285213192015e-05,-0.12442302703857422,0.0,13.186157487751773,-4.6375285213192015e-05,0.0
scan1_subset_uniform,scan1,subset_uniform,9,skip_frame,1,10,0.004013241113473971,0.003769837087020278,0.00024340402645369342,0.08842698733011822,0.0,-9.943975082425887,-4.6375285213192015e-05,-4.248572064511081
scan1_subset_uniform,scan1,subset_uniform,9,skip_frame,2,11,0.0036872194226210317,0.003312281255299846,0.00037493816732118556,0.22741504510243793,0.0,-1.137576134902214,-4.6375285213192015e-05,-7.08487032688976
scan1_subset_uniform,scan1,subset_uniform,9,skip_frame,4,13,0.0030911231491093836,0.0030406059619660177,5.051718714336583e-05,0.055193702379862764,0.0,1.9661514612909627,-4.6375285213192015e-05,-0.08931269988169488
scan1_subset_uniform,scan1,subset_uniform,9,skip_global,0,9,0.006150518388797839,0.00452518086725225,0.001625337521545589,1.1756846904754639,0.0,0.2076774868168414,0.001625337521545589,0.0
scan1_subset_uniform,scan1,subset_uniform,9,skip_global,1,10,0.003637536739309629,0.003769837087020278,-0.00013230034771064903,-0.08258291085561176,0.0,-13.01430419194256,0.001625337521545589,0.91860130837019
scan1_subset_uniform,scan1,subset_uniform,9,skip_global,2,11,0.003361284383572638,0.003312281255299846,4.900312827279185e-05,0.028034448623657227,0.0,-2.7639462555938303,0.001625337521545589,0.969850490976057
scan1_subset_uniform,scan1,subset_uniform,9,skip_global,4,13,0.0031091509542117515,0.0030406059619660177,6.854499224573374e-05,-0.016971866289773985,0.0,1.4177080105237572,0.001625337521545589,0.9578272258302681
scan1_subset_uniform,scan1,subset_uniform,10,skip_frame,0,10,0.003849764238111675,0.003769837087020278,7.992715109139681e-05,-0.04597210884094238,0.0,2.9402003187691648,7.992715109139681e-05,0.0
scan1_subset_uniform,scan1,subset_uniform,10,skip_frame,1,11,0.0034649206403022013,0.003312281255299846,0.00015263938500235507,0.027631282806396484,0.0,0.25849973270518944,7.992715109139681e-05,-0.9097313355734613
scan1_subset_uniform,scan1,subset_uniform,10,skip_frame,2,12,0.003311179617109398,0.0031067096861079335,0.00020446993100146438,0.10885536670684814,0.0,1.1972137004098116,7.992715109139681e-05,-1.5582036668322226
scan1_subset_uniform,scan1,subset_uniform,10,skip_frame,4,14,0.0030902702128514647,0.003103006553525726,-1.2736340674261108e-05,0.03759225209554007,0.0,-7.7331731019346766,7.992715109139681e-05,0.8406506362312716
scan1_subset_uniform,scan1,subset_uniform,10,skip_global,0,10,0.0050847041032587486,0.003769837087020278,0.0013148670162384706,0.852412223815918,0.0,-7.17718741477648,0.0013148670162384706,0.0
scan1_subset_uniform,scan1,subset_uniform,10,skip_global,1,11,0.0032774986466392875,0.003312281255299846,-3.4782608660558715e-05,-0.04782418409983258,0.0,20.104904827256597,0.0013148670162384706,0.9735466718451393
scan1_subset_uniform,scan1,subset_uniform,10,skip_global,2,12,0.0031905054735640683,0.0031067096861079335,8.379578745613481e-05,0.027452985445658662,0.0,0.0031026312174233794,0.0013148670162384706,0.9362705228580035
scan1_subset_uniform,scan1,subset_uniform,10,skip_global,4,14,0.003272291195268432,0.003103006553525726,0.0001692846417427063,0.020929058392842315,0.0,-10.247492591950644,0.0013148670162384706,0.8712534122066653
scan1_subset_uniform,scan1,subset_uniform,11,skip_frame,0,11,0.0036045704425002136,0.003312281255299846,0.00029228918720036745,0.039243459701538086,0.0,-0.6190212539909208,0.00029228918720036745,0.0
scan1_subset_uniform,scan1,subset_uniform,11,skip_frame,1,12,0.0033223061667134366,0.0031067096861079335,0.00021559648060550307,0.04447217782338431,0.0,1.104332581462078,0.00029228918720036745,0.2623863966007428
scan1_subset_uniform,scan1,subset_uniform,11,skip_frame,2,13,0.003115433811520537,0.0030406059619660177,7.482784955451915e-05,0.03930278619130512,0.0,-17.378834878776974,0.00029228918720036745,0.7439937813942332
scan1_subset_uniform,scan1,subset_uniform,11,skip_frame,4,15,0.0030931318954875073,0.0031709329147512713,-7.780101926376393e-05,-0.012908379236856504,0.0,1.6370889642290898,0.00029228918720036745,0.7338217673771473
scan1_subset_uniform,scan1,subset_uniform,11,skip_global,0,11,0.004299991996958852,0.003312281255299846,0.0009877107416590056,0.5982419649759931,0.0,19.726185191848813,0.0009877107416590056,0.0
scan1_subset_uniform,scan1,subset_uniform,11,skip_global,1,12,0.003122400143183768,0.0031067096861079335,1.5690457075834274e-05,-0.013137459754943848,0.0,0.8424557382056648,0.0009877107416590056,0.9841143196949749
scan1_subset_uniform,scan1,subset_uniform,11,skip_global,2,13,0.0031653891395156584,0.0030406059619660177,0.00012478317754964063,0.04380031426747699,0.0,-6.232845006563274,0.0009877107416590056,0.8736642497781801
scan1_subset_uniform,scan1,subset_uniform,11,skip_global,4,15,0.0033470739144831896,0.0031709329147512713,0.00017614099973191832,0.02629784742991159,0.0,-4.373492837733863,0.0009877107416590056,0.8216674251855725
scan1_subset_uniform,scan1,subset_uniform,12,skip_frame,0,12,0.0035866818701227507,0.0031067096861079335,0.0004799721840148172,0.11682037512461374,0.0,-16.703587747662343,0.0004799721840148172,0.0
scan1_subset_uniform,scan1,subset_uniform,12,skip_frame,1,13,0.0033882283217584095,0.0030406059619660177,0.00034762235979239175,0.10289311408996582,0.0,-16.752934236909674,0.0004799721840148172,0.27574477986486756
scan1_subset_uniform,scan1,subset_uniform,12,skip_frame,2,14,0.0031451549536238113,0.003103006553525726,4.2148400098085403e-05,0.023931145668029785,0.0,-5.736681984817896,0.0004799721840148172,0.9121857442955814
scan1_subset_uniform,scan1,subset_uniform,12,skip_frame,4,16,0.0031131867629786334,0.003216166631318629,-0.0001029798683399954,-0.04404091835021973,0.0,-3.3923991648418497,0.0004799721840148172,0.7854461742374298
scan1_subset_uniform,scan1,subset_uniform,12,skip_global,0,12,0.0037103481590747833,0.0031067096861079335,0.0006036384729668498,0.3760928710301714,0.0,-19.28139943111618,0.0006036384729668498,0.0
scan1_subset_uniform,scan1,subset_uniform,12,skip_global,1,13,0.003060431064416965,0.0030406059619660177,1.9825102450947256e-05,0.002424279848734834,0.0,-10.314647091911484,0.0006036384729668498,0.967157324559669
scan1_subset_uniform,scan1,subset_uniform,12,skip_global,2,14,0.003199405502527952,0.003103006553525726,9.639894900222634e-05,0.03291440010070801,0.0,-2.1554127392865183,0.0006036384729668498,0.8403035039691377
scan1_subset_uniform,scan1,subset_uniform,12,skip_global,4,16,0.0034626390552148223,0.003216166631318629,0.0002464724238961935,0.034274657567341826,0.0,-2.20575379479045,0.0006036384729668498,0.5916886763615394
scan1_subset_uniform,scan1,subset_uniform,13,skip_frame,0,13,0.0036799844820052385,0.0030406059619660177,0.0006393785200392208,0.1741890509923305,0.0,-14.309462698328662,0.0006393785200392208,0.0
scan1_subset_uniform,scan1,subset_uniform,13,skip_frame,1,14,0.003620726328032712,0.003103006553525726,0.0005177197745069861,0.18563552697499563,0.0,-7.683249435022056,0.0006393785200392208,0.19027656031480678
scan1_subset_uniform,scan1,subset_uniform,13,skip_frame,2,15,0.003257994346010188,0.0031709329147512713,8.706143125891685e-05,0.03159566720326801,0.0,0.9467693932048142,0.0006393785200392208,0.8638342882498206
scan1_subset_uniform,scan1,subset_uniform,13,skip_global,0,13,0.00340182000460724,0.0030406059619660177,0.0003612140426412225,0.24480493863423725,0.0,-5.910600594651285,0.0003612140426412225,0.0
scan1_subset_uniform,scan1,subset_uniform,13,skip_global,1,14,0.003053107454131047,0.003103006553525726,-4.989909939467907e-05,-0.01186279455820749,0.0,-6.857291378426318,0.0003612140426412225,0.8618572549676825
scan1_subset_uniform,scan1,subset_uniform,13,skip_global,2,15,0.0032172111871962747,0.0031709329147512713,4.627827244500348e-05,0.011715133984884218,0.0,13.59938722312347,0.0003612140426412225,0.8718813031004733
scan1_subset_uniform,scan1,subset_uniform,14,skip_frame,0,14,0.003890960904148718,0.003103006553525726,0.000787954350622992,0.24235026041666696,0.0,-18.356290719990547,0.000787954350622992,0.0
scan1_subset_uniform,scan1,subset_uniform,14,skip_frame,1,15,0.0038465721299871802,0.0031709329147512713,0.000675639215235909,0.25287596384684274,0.0,7.9376399018069765,0.000787954350622992,0.14254015514767027
scan1_subset_uniform,scan1,subset_uniform,14,skip_frame,2,16,0.003419936324159304,0.003216166631318629,0.00020376969284067537,0.056720217068989776,0.0,-5.005841249325462,0.000787954350622992,0.7413940380181087
scan1_subset_uniform,scan1,subset_uniform,14,skip_global,0,14,0.003213070643444856,0.003103006553525726,0.0001100640899191303,0.1356046199798584,0.0,4.9780458122850355,0.0001100640899191303,0.0
scan1_subset_uniform,scan1,subset_uniform,14,skip_global,1,15,0.003038073113809029,0.0031709329147512713,-0.00013285980094224215,-0.04013931751251221,0.0,-0.062494576719176465,0.0001100640899191303,-0.20711306512288452
scan1_subset_uniform,scan1,subset_uniform,14,skip_global,2,16,0.0031980501177410283,0.003216166631318629,-1.8116513577600465e-05,-0.020879546801249482,0.0,-5.071006607879621,0.0001100640899191303,0.8354003236576835
scan1_subset_uniform,scan1,subset_uniform,15,skip_frame,0,15,0.004147552186623216,0.0031709329147512713,0.0009766192718719444,0.3143349488576259,1.1944405724589888,-9.23091477008603,0.0009766192718719444,0.0
scan1_subset_uniform,scan1,subset_uniform,15,skip_frame,1,16,0.004027254646643996,0.003216166631318629,0.0008110880153253675,0.2922710180282593,0.0,-0.2168356054485443,0.0009766192718719444,0.16949415326332162
scan1_subset_uniform,scan1,subset_uniform,15,skip_global,0,15,0.0031365775891269245,0.0031709329147512713,-3.435532562434673e-05,0.056936939557393984,0.0,0.8243535491101639,-3.435532562434673e-05,0.0
scan1_subset_uniform,scan1,subset_uniform,15,skip_global,1,16,0.003051115859610339,0.003216166631318629,-0.00016505077170828964,-0.049420714378356934,0.0,0.7087208210197993,-3.435532562434673e-05,-3.804226672540179
scan1_subset_uniform,scan1,subset_uniform,16,skip_frame,0,16,0.004267406921523313,0.003216166631318629,0.0010512402902046842,0.3450282414754229,0.0,6.736385539746763,0.0010512402902046842,0.0
scan1_subset_uniform,scan1,subset_uniform,16,skip_global,0,16,0.0031084578561907015,0.003216166631318629,-0.00010770877512792732,-0.0037578741709394237,1.1944405724589888,13.484044306718634,-0.00010770877512792732,0.0
scan4_subset_middle,scan4,subset_middle,1,skip_frame,0,1,0.042612267968555294,0.040067690735061966,0.002544577233493328,2.1633551915486677,12.624162230193225,3.6833279242482106,0.002544577233493328,0.0
scan4_subset_middle,scan4,subset_middle,1,skip_frame,1,2,0.04052864760160446,0.04295805282890797,-0.002429405227303505,-2.3574415842692034,9.329088298464747,-6.495062238700282,0.002544577233493328,0.04526174512365222
scan4_subset_middle,scan4,subset_middle,1,skip_frame,2,3,0.037196245354910694,0.04365182543794314,-0.0064555800830324445,-4.473226547241211,2.3888811449179777,12.332869816574405,0.002544577233493328,-1.5369951432638924
scan4_subset_middle,scan4,subset_middle,1,skip_frame,4,5,0.036542403201262154,0.03484599695851406,0.001696406242748097,1.2758935292561802,0.0,-15.08127916160808,0.002544577233493328,0.333324915267287
scan4_subset_middle,scan4,subset_middle,1,skip_global,0,1,0.04057949377844731,0.040067690735061966,0.0005118030433853421,-2.3307673136393205,11.230257366672632,9.99982084351403,0.0005118030433853421,0.0
scan4_subset_middle,scan4,subset_middle,1,skip_global,1,2,0.03419732674956322,0.04295805282890797,-0.00876072607934475,-6.501251856486,15.202276611978562,15.112878258070772,0.0005118030433853421,-16.11737785183255
scan4_subset_middle,scan4,subset_middle,1,skip_global,2,3,0.03918053023517132,0.04365182543794314,-0.00447129520277182,-3.5385570526123047,4.777762289835955,11.435344824411864,0.0005118030433853421,-7.736359153310726
scan4_subset_middle,scan4,subset_middle,1,skip_global,4,5,0.03726957055429617,0.03484599695851406,0.0024235735957821164,1.6365585327148438,0.0,-8.663756805542933,0.0005118030433853421,-3.7353637832070907
scan4_subset_middle,scan4,subset_middle,2,skip_frame,0,2,0.0349294263869524,0.04295805282890797,-0.008028626441955566,-5.3271004358927385,13.27158874683835,-7.165016142184179,-0.008028626441955566,0.0
scan4_subset_middle,scan4,subset_middle,2,skip_frame,1,3,0.0411231629550457,0.04365182543794314,-0.0025286624828974383,-2.157085418701172,7.955636294118148,5.120826185555202,-0.008028626441955566,0.6850441976371837
scan4_subset_middle,scan4,subset_middle,2,skip_frame,2,4,0.04185976150135199,0.039675699546933174,0.002184061954418816,1.587867101033524,0.0,19.344972786411304,-0.008028626441955566,0.7279656775403746
scan4_subset_middle,scan4,subset_middle,2,skip_frame,4,6,0.033028483390808105,0.030820603171984356,0.0022078802188237497,1.4625743230183872,0.0,-3.676044843732768,-0.008028626441955566,0.7249990101313062
scan4_subset_middle,scan4,subset_middle,2,skip_global,0,2,0.04286698314050833,0.04295805282890797,-9.106968839963508e-05,-0.5040365854899065,0.9964207241112328,-2.0148763499629716,-9.106968839963508e-05,0.0
scan4_subset_middle,scan4,subset_middle,2,skip_global,1,3,0.039431593691309295,0.04365182543794314,-0.004220231746633843,-2.381218592325851,3.5833217173769665,8.212683206455587,-9.106968839963508e-05,-45.34068503797311
scan4_subset_middle,scan4,subset_middle,2,skip_global,2,4,0.04172805013755957,0.039675699546933174,0.0020523505906263964,1.413895924886063,0.0,12.08204961773469,-9.106968839963508e-05,-21.536044941981157
scan4_subset_middle,scan4,subset_middle,2,skip_global,4,6,0.03280681588997444,0.030820603171984356,0.0019862127179900817,1.3509448369344028,0.0,2.883685341437971,-9.106968839963508e-05,-20.809811287309074
scan4_subset_middle,scan4,subset_middle,3,skip_frame,0,3,0.038233380764722824,0.04365182543794314,-0.005418444673220314,-3.211782455444336,6.468061220250746,2.9988615941122827,-0.005418444673220314,0.0
scan4_subset_middle,scan4,subset_middle,3,skip_frame,1,4,0.042046766728162766,0.039675699546933174,0.0023710671812295914,1.7673180898030552,0.0,7.046577102362595,-0.005418444673220314,0.5624081587566698
scan4_subset_middle,scan4,subset_middle,3,skip_frame,2,5,0.039608038341005646,0.03484599695851406,0.004762041382491589,3.787522633870438,0.0,4.295287803173974,-0.005418444673220314,0.12114238131338328
scan4_subset_middle,scan4,subset_middle,3,skip_frame,4,7,0.029592694404224556,0.02644973962257306,0.003142954781651497,2.4639743169148787,0.0,13.790864959759022,-0.005418444673220314,0.41995259318878275
scan4_subset_middle,scan4,subset_middle,3,skip_global,0,3,0.04460871654252211,0.04365182543794314,0.0009568911045789719,0.9288005828857422,1.1944405724589888,17.496682153410106,0.0009568911045789719,0.0
scan4_subset_middle,scan4,subset_middle,3,skip_global,1,4,0.03742104023694992,0.039675699546933174,-0.0022546593099832535,-2.0313549041748047,0.0,7.382434332531102,0.0009568911045789719,-1.356233953052886
scan4_subset_middle,scan4,subset_middle,3,skip_global,2,5,0.03647720068693161,0.03484599695851406,0.0016312037284175532,0.9985974629720005,0.0,1.3678525032072315,0.0009568911045789719,-0.7046910778162956
scan4_subset_middle,scan4,subset_middle,3,skip_global,4,7,0.02785347340007623,0.02644973962257306,0.0014037337775031702,1.0667645136515311,0.0,8.090316916806321,0.0009568911045789719,-0.46697337950571427
scan4_subset_middle,scan4,subset_middle,4,skip_frame,0,4,0.03981327824294567,0.039675699546933174,0.00013757869601249695,0.011488596598304923,0.0,18.72440239571316,0.00013757869601249695,0.0
scan4_subset_middle,scan4,subset_middle,4,skip_frame,1,5,0.03893411159515381,0.03484599695851406,0.004088114636639752,3.1061395009358677,0.0,1.386986317671667,0.00013757869601249695,-28.714736039280442
scan4_subset_middle,scan4,subset_middle,4,skip_frame,2,6,0.033225297927856445,0.030820603171984356,0.0024046947558720895,1.926126162211098,0.0,-0.19020442217691702,0.00013757869601249695,-16.478685476519267
scan4_subset_middle,scan4,subset_middle,4,skip_frame,4,8,0.02362214618672927,0.021850990131497383,0.001771156055231888,1.3372023900349923,0.0,3.708934036642326,0.00013757869601249695,-11.873766844475727
scan4_subset_middle,scan4,subset_middle,4,skip_global,0,4,0.045172072326143585,0.039675699546933174,0.005496372779210411,4.169593175252274,0.0,17.16274812175095,0.005496372779210411,0.0
scan4_subset_middle,scan4,subset_middle,4,skip_global,1,5,0.03600147304435571,0.03484599695851406,0.0011554760858416557,0.3833910624186174,0.0,-3.6188192332432045,0.005496372779210411,0.7897747965326968
scan4_subset_middle,scan4,subset_middle,4,skip_global,2,6,0.03252654957274596,0.030820603171984356,0.0017059464007616008,1.0152031580607073,0.0,-2.3737011917832316,0.005496372779210411,0.689623235306345
scan4_subset_middle,scan4,subset_middle,4,skip_global,4,8,0.023978471445540588,0.021850990131497383,0.002127481314043205,1.533768653869629,0.0,9.320391422151962,0.005496372779210411,0.6129299449829472
scan4_subset_middle,scan4,subset_middle,5,skip_frame,0,5,0.036472865690787636,0.03484599695851406,0.0016268687322735786,0.9388217926025391,0.0,-1.5481477794284473,0.0016268687322735786,0.0
scan4_subset_middle,scan4,subset_middle,5,skip_frame,1,6,0.03366664393494526,0.030820603171984356,0.0028460407629609073,2.2515719731648716,0.0,5.595411599175879,0.0016268687322735786,-0.7493979117685259
scan4_subset_middle,scan4,subset_middle,5,skip_frame,2,7,0.0279356362298131,0.02644973962257306,0.00148589660724004,1.4764706293741838,0.0,10.374006247169126,0.0016268687322735786,0.08665242759723313
scan4_subset_middle,scan4,subset_middle,5,skip_frame,4,9,0.018179680376003187,0.01715237119545539,0.001027309180547796,0.6670118967692069,0.0,-12.523382646694083,0.0016268687322735786,0.3685359118605023
scan4_subset_middle,scan4,subset_middle,5,skip_global,0,5,0.04060454790790876,0.03484599695851406,0.005758550949394703,4.202229181925453,0.0,-9.90580747841576,0.005758550949394703,0.0
scan4_subset_middle,scan4,subset_middle,5,skip_global,1,6,0.031407562705377735,0.030820603171984356,0.0005869595333933796,0.2800159454345703,0.0,7.270358647787912,0.005758550949394703,0.8980716609870272
scan4_subset_middle,scan4,subset_middle,5,skip_global,2,7,0.02792928957690795,0.02644973962257306,0.0014795499543348925,1.1458555857340507,0.0,-1.8130229512218357,0.005758550949394703,0.7430690520346248
scan4_subset_middle,scan4,subset_middle,5,skip_global,4,9,0.019242178027828533,0.01715237119545539,0.0020898068323731422,1.3039089838663749,0.0,0.1753156236424971,0.005758550949394703,0.6370950173510563
scan4_subset_middle,scan4,subset_middle,6,skip_frame,0,6,0.032670870423316956,0.030820603171984356,0.0018502672513325998,1.19586912790934,0.0,-1.0512446604404175,0.0018502672513325998,0.0
scan4_subset_middle,scan4,subset_middle,6,skip_frame,1,7,0.028001357180376846,0.02644973962257306,0.0015516175578037875,1.519961039225258,0.0,5.5846275286658535,0.0018502672513325998,0.16140894960645213
scan4_subset_middle,scan4,subset_middle,6,skip_frame,2,8,0.022809825216730435,0.021850990131497383,0.0009588350852330514,0.8997739156087228,0.0,3.974673360767861,0.0018502672513325998,0.481785626080514
scan4_subset_middle,scan4,subset_middle,6,skip_frame,4,10,0.013368474319577217,0.012922994326800108,0.00044547999277710915,0.25684658686320105,0.0,1.478741291393053,0.0018502672513325998,0.7592347848905256
scan4_subset_middle,scan4,subset_middle,6,skip_global,0,6,0.035705799236893654,0.030820603171984356,0.004885196064909298,3.629986127217606,0.0,-2.8323782054794027,0.004885196064909298,0.0
scan4_subset_middle,scan4,subset_middle,6,skip_global,1,7,0.02695374966909488,0.02644973962257306,0.0005040100465218203,0.3283529281616211,0.0,-3.943136189574944,0.004885196064909298,0.8968291057666734
scan4_subset_middle,scan4,subset_middle,6,skip_global,2,8,0.022943252076705296,0.021850990131497383,0.0010922619452079126,0.8413244883219377,0.0,-3.5670346688403463,0.004885196064909298,0.7764138980922985
scan4_subset_middle,scan4,subset_middle,6,skip_global,4,10,0.01446329973017176,0.012922994326800108,0.0015403054033716525,0.7572356859842948,0.0,-14.220783951096001,0.004885196064909298,0.684699368683322
scan4_subset_middle,scan4,subset_middle,7,skip_frame,0,7,0.028304131391147774,0.02644973962257306,0.0018543917685747147,1.4453652699788435,0.0,14.401616010816868,0.0018543917685747147,0.0
scan4_subset_middle,scan4,subset_middle,7,skip_frame,1,8,0.02351476065814495,0.021850990131497383,0.0016637705266475677,1.3831113179524728,0.0,-5.479973255779124,0.0018543917685747147,0.10279448235129862
scan4_subset_middle,scan4,subset_middle,7,skip_frame,2,9,0.018055369146168232,0.01715237119545539,0.0009029979507128409,0.7037054697672538,0.0,-14.605176814554897,0.0018543917685747147,0.5130489867268527
scan4_subset_middle,scan4,subset_middle,7,skip_frame,4,11,0.010347037731359402,0.009917667523647348,0.00042937020771205425,0.1922283172607422,0.0,-4.095688873787052,0.0018543917685747147,0.7684576608954277
scan4_subset_middle,scan4,subset_middle,7,skip_global,0,7,0.03127858291069666,0.02644973962257306,0.004828843288123604,3.6962766647338867,0.0,13.747726107504503,0.004828843288123604,0.0
scan4_subset_middle,scan4,subset_middle,7,skip_global,1,8,0.022976898588240147,0.021850990131497383,0.0011259084567427635,0.8926588694254534,0.0,9.447408181278456,0.004828843288123604,0.7668368200078264
scan4_subset_middle,scan4,subset_middle,7,skip_global,2,9,0.019272505926589172,0.01715237119545539,0.002120134731133781,1.3155523935953788,0.0,2.322967862862747,0.004828843288123604,0.5609435625404972
scan4_subset_middle,scan4,subset_middle,7,skip_global,4,11,0.011119633835429946,0.009917667523647348,0.0012019663117825985,0.4487001101175956,0.0,-2.9448169930395665,0.004828843288123604,0.7510860800269086
scan4_subset_middle,scan4,subset_middle,8,skip_frame,0,8,0.024232860344151657,0.021850990131497383,0.002381870212654274,1.7499411900838204,0.0,11.248533992396238,0.002381870212654274,0.0
scan4_subset_middle,scan4,subset_middle,8,skip_frame,1,9,0.01909862520794074,0.01715237119545539,0.0019462540124853475,1.3244892756144218,0.0,-4.438384383964891,0.002381870212654274,0.18288830258450173
scan4_subset_middle,scan4,subset_middle,8,skip_frame,2,10,0.014137296782185635,0.012922994326800108,0.0012143024553855266,0.6313168207804374,0.0,-1.3551333302709132,0.002381870212654274,0.49018949524023403
scan4_subset_middle,scan4,subset_middle,8,skip_frame,4,12,0.008512596832588315,0.008232038856173554,0.00028055797641476053,0.11624066034952563,0.0,-9.96563339884059,0.002381870212654274,0.8822110562850037
scan4_subset_middle,scan4,subset_middle,8,skip_global,0,8,0.02668013423681259,0.021850990131497383,0.0048291441053152084,3.384059588114418,0.0,14.707914652420376,0.0048291441053152084,0.0
scan4_subset_middle,scan4,subset_middle,8,skip_global,1,9,0.018365830803910892,0.01715237119545539,0.0012134596084555013,0.7982543309529646,0.0,-5.380735018302676,0.0048291441053152084,0.7487215991090628
scan4_subset_middle,scan4,subset_middle,8,skip_global,2,10,0.015135022501150766,0.012922994326800108,0.0022120281743506585,1.1191236178080253,0.0,-10.229879846384796,0.0048291441053152084,0.5419419826556875
scan4_subset_middle,scan4,subset_middle,8,skip_global,4,12,0.008718956572314104,0.008232038856173554,0.00048691771614054954,0.16811513900756836,0.0,-13.024883025495528,0.0048291441053152084,0.8991710113590061
scan4_subset_middle,scan4,subset_middle,9,skip_frame,0,9,0.020045395009219646,0.01715237119545539,0.0028930238137642554,1.8756507237752302,0.0,-8.337582713661085,0.0028930238137642554,0.0
scan4_subset_middle,scan4,subset_middle,9,skip_frame,1,10,0.014528021682053804,0.012922994326800108,0.0016050273552536964,0.9135317802429199,0.0,-2.10756365339952,0.0028930238137642554,0.44520769320411624
scan4_subset_middle,scan4,subset_middle,9,skip_frame,2,11,0.010857750894501805,0.009917667523647348,0.0009400833708544578,0.3562761942545585,0.0,12.206770472804706,0.0028930238137642554,0.675051630621986
scan4_subset_middle,scan4,subset_middle,9,skip_frame,4,13,0.007815874259298047,0.007636503471682469,0.00017937078761557767,0.1016825040181466,0.0,-9.547077610020162,0.0028930238137642554,0.937998855466665
scan4_subset_middle,scan4,subset_middle,9,skip_global,0,9,0.02182246247927348,0.01715237119545539,0.004670091283818088,2.9463173548380546,0.0,3.6319083747595613,0.004670091283818088,0.0
scan4_subset_middle,scan4,subset_middle,9,skip_global,1,10,0.01379698251063625,0.012922994326800108,0.0008739881838361416,0.44991318384806434,0.0,-3.597289596525247,0.004670091283818088,0.8128541540794889
scan4_subset_middle,scan4,subset_middle,9,skip_global,2,11,0.011256936239078641,0.009917667523647348,0.0013392687154312934,0.5121806462605782,0.0,9.047611293570053,0.004670091283818088,0.7132242960492288
scan4_subset_middle,scan4,subset_middle,9,skip_global,4,13,0.007687840688352783,0.007636503471682469,5.133721667031389e-05,0.04496177037556848,0.0,-13.884852969558697,0.004670091283818088,0.989007234858942
scan4_subset_middle,scan4,subset_middle,10,skip_frame,0,10,0.015843987309684355,0.012922994326800108,0.002920992982884247,1.5780731836954764,0.0,1.3449245275523296,0.002920992982884247,0.0
scan4_subset_middle,scan4,subset_middle,10,skip_frame,1,11,0.011168688147639235,0.009917667523647348,0.001251020623991888,0.5908881823221854,0.0,12.719980179294986,0.002920992982884247,0.5717139235450661
scan4_subset_middle,scan4,subset_middle,10,skip_frame,2,12,0.008753310268123945,0.008232038856173554,0.0005212714119503907,0.1968975067138672,0.0,0.06182612531501519,0.002920992982884247,0.8215430796976182
scan4_subset_middle,scan4,subset_middle,10,skip_frame,4,14,0.007696083979681134,0.0076101866240302725,8.589735565086177e-05,0.08034642537435133,0.0,6.599844135183539,0.002920992982884247,0.9705930975684697
scan4_subset_middle,scan4,subset_middle,10,skip_global,0,10,0.016956607345491648,0.012922994326800108,0.00403361301869154,2.1191169420878104,0.0,-12.583153987859882,0.00403361301869154,0.0
scan4_subset_middle,scan4,subset_middle,10,skip_global,1,11,0.010359101618329683,0.009917667523647348,0.00044143409468233585,0.1658137639363595,0.0,3.166961398594397,0.00403361301869154,0.8905611191165949
scan4_subset_middle,scan4,subset_middle,10,skip_global,2,12,0.0089155751435707,0.008232038856173554,0.0006835362873971462,0.23504145940144738,0.0,-2.3582374478458625,0.00403361301869154,0.8305399441568448
scan4_subset_middle,scan4,subset_middle,10,skip_global,4,14,0.007614542807762821,0.0076101866240302725,4.356183732548771e-06,0.006597042083740234,0.0,12.127831059506914,0.00403361301869154,0.9989200293353967
scan4_subset_middle,scan4,subset_middle,11,skip_frame,0,11,0.012087090484177073,0.009917667523647348,0.002169422960529726,0.9763355255126953,0.0,-5.403007091247327,0.002169422960529726,0.0
scan4_subset_middle,scan4,subset_middle,11,skip_frame,1,12,0.008926921136056384,0.008232038856173554,0.0006948822798828296,0.328855196634926,0.0,4.287934490882652,0.002169422960529726,0.679692576078777
scan4_subset_middle,scan4,subset_middle,11,skip_frame,2,13,0.007743347280969222,0.007636503471682469,0.00010684380928675276,0.08394670486450195,0.0,0.6408675784773088,0.002169422960529726,0.9507501251573995
scan4_subset_middle,scan4,subset_middle,11,skip_frame,4,15,0.00774745208521684,0.0076617040516187744,8.574803359806538e-05,0.019465923309326172,0.0,3.4539011407624987,0.002169422960529726,0.9604742665869418
scan4_subset_middle,scan4,subset_middle,11,skip_global,0,11,0.012928783583144346,0.009917667523647348,0.003011116059496999,1.2834140459696464,0.0,10.745764203371895,0.003011116059496999,0.0
scan4_subset_middle,scan4,subset_middle,11,skip_global,1,12,0.008158378846322497,0.008232038856173554,-7.366000985105717e-05,-0.02993885676066199,0.0,-12.324846834472774,0.003011116059496999,0.9755373063025137
scan4_subset_middle,scan4,subset_middle,11,skip_global,2,13,0.007779261330142617,0.007636503471682469,0.00014275785846014789,0.08578014373779297,0.0,0.917300275226534,0.003011116059496999,0.9525897190146848
scan4_subset_middle,scan4,subset_middle,11,skip_global,4,15,0.007705291345094641,0.0076617040516187744,4.358729347586632e-05,0.001401583353676017,0.0,9.495536451147766,0.003011116059496999,0.9855245388704321
scan4_subset_middle,scan4,subset_middle,12,skip_frame,0,12,0.009558832117666801,0.008232038856173554,0.001326793261493247,0.5562761624654122,0.0,-8.45423053414946,0.001326793261493247,0.0
scan4_subset_middle,scan4,subset_middle,12,skip_frame,1,13,0.007942602115993699,0.007636503471682469,0.0003060986443112297,0.17757749557495117,0.0,0.2188101259815305,0.001326793261493247,0.7692943933354551
scan4_subset_middle,scan4,subset_middle,12,skip_frame,2,14,0.0076531032876422005,0.0076101866240302725,4.2916663611928044e-05,0.04711739222208777,0.0,12.18335694006893,0.001326793261493247,0.9676538426464216
scan4_subset_middle,scan4,subset_middle,12,skip_frame,4,16,0.007755225369085868,0.007677942824860414,7.728254422545433e-05,0.0156529744466134,0.0,7.972422995894295,0.001326793261493247,0.9417523841367145
scan4_subset_middle,scan4,subset_middle,12,skip_global,0,12,0.010015615494921803,0.008232038856173554,0.001783576638748249,0.6671622594197579,0.0,-1.9707124179374667,0.001783576638748249,0.0
scan4_subset_middle,scan4,subset_middle,12,skip_global,1,13,0.007494067462782065,0.007636503471682469,-0.00014243600890040398,-0.05733156204223633,0.0,-11.629700987747947,0.001783576638748249,0.9201402363060953
scan4_subset_middle,scan4,subset_middle,12,skip_global,2,14,0.007550000601137678,0.0076101866240302725,-6.018602289259434e-05,0.015004475911460702,0.0,17.68953400315539,0.001783576638748249,0.9662554321552259
scan4_subset_middle,scan4,subset_middle,12,skip_global,4,16,0.0077467010511706276,0.007677942824860414,6.875822631021399e-05,-0.016815026601154415,0.0,6.007855524840959,0.001783576638748249,0.9614492448395882
scan4_subset_middle,scan4,subset_middle,13,skip_frame,0,13,0.008209612065305313,0.007636503471682469,0.0005731085936228437,0.28800980250040453,0.0,0.7464368677058246,0.0005731085936228437,0.0
scan4_subset_middle,scan4,subset_middle,13,skip_frame,1,14,0.007880758726969361,0.0076101866240302725,0.00027057210293908885,0.12435309092203894,0.0,16.575630112190726,0.0005731085936228437,0.5278868508519534
scan4_subset_middle,scan4,subset_middle,13,skip_frame,2,15,0.007775831424320738,0.0076617040516187744,0.00011412737270196337,0.026148478190101798,0.0,4.4000144444940705,0.0005731085936228437,0.8008625695515756
scan4_subset_middle,scan4,subset_middle,13,skip_global,0,13,0.008392821531742811,0.007636503471682469,0.0007563180600603419,0.3608283996582031,0.0,-12.065103384795359,0.0007563180600603419,0.0
scan4_subset_middle,scan4,subset_middle,13,skip_global,1,14,0.007537183041373889,0.0076101866240302725,-7.300358265638351e-05,-0.06526358922322473,0.0,21.507927602006237,0.0007563180600603419,0.9034750239197528
scan4_subset_middle,scan4,subset_middle,13,skip_global,2,15,0.007616814846793811,0.0076617040516187744,-4.488920482496363e-05,-0.010495662689208984,0.0,7.169630504150954,0.0007563180600603419,0.940647715299325
scan4_subset_middle,scan4,subset_middle,14,skip_frame,0,14,0.007913195605700215,0.0076101866240302725,0.0003030089816699428,0.18384917577107984,0.0,17.63661273697078,0.0003030089816699428,0.0
scan4_subset_middle,scan4,subset_middle,14,skip_frame,1,15,0.008000286218399802,0.0076617040516187744,0.0003385821667810278,0.08307186762491625,0.0,3.060640210481269,0.0003030089816699428,-0.1173997711719108
scan4_subset_middle,scan4,subset_middle,14,skip_frame,2,16,0.00786435704988738,0.007677942824860414,0.000186414225026966,0.006522973378498165,0.0,8.423199134907197,0.0003030089816699428,0.3847897709183401
scan4_subset_middle,scan4,subset_middle,14,skip_global,0,14,0.007682238395015399,0.0076101866240302725,7.20517709851265e-05,0.21321868896484375,0.0,0.9768629398836275,7.20517709851265e-05,0.0
scan4_subset_middle,scan4,subset_middle,14,skip_global,1,15,0.007690490844349067,0.0076617040516187744,2.8786792730292263e-05,-0.08572673797607422,0.0,3.001315926540988,7.20517709851265e-05,0.600470712423784
scan4_subset_middle,scan4,subset_middle,14,skip_global,2,16,0.00767637820293506,0.007677942824860414,-1.564621925354004e-06,-0.032533009847004024,0.0,-2.5636921527616376,7.20517709851265e-05,0.9782847540877658
scan4_subset_middle,scan4,subset_middle,15,skip_frame,0,15,0.007998115538309017,0.0076617040516187744,0.0003364114866902428,0.10882170995076379,0.0,0.8109274782751861,0.0003364114866902428,0.0
scan4_subset_middle,scan4,subset_middle,15,skip_frame,1,16,0.008119334777196249,0.007677942824860414,0.00044139195233583537,0.04390907287597656,0.0,-0.5265297137366645,0.0003364114866902428,-0.3120596941514524
scan4_subset_middle,scan4,subset_middle,15,skip_global,0,15,0.007501435078059633,0.0076617040516187744,-0.00016026897355914116,0.12261231740315637,0.0,-5.183073577016838,-0.00016026897355914116,0.0
scan4_subset_middle,scan4,subset_middle,15,skip_global,1,16,0.007682563581814368,0.007677942824860414,4.620756953954697e-06,-0.06951681772867957,0.0,-4.347349932946615,-0.00016026897355914116,0.9711687368344593
scan4_subset_middle,scan4,subset_middle,16,skip_frame,0,16,0.008059763815253973,0.007677942824860414,0.0003818209903935594,0.05963277816772461,0.0,4.450622766723182,0.0003818209903935594,0.0
scan4_subset_middle,scan4,subset_middle,16,skip_global,0,16,0.007489619466165702,0.007677942824860414,-0.00018832335869471174,0.07328271865844727,0.0,-9.991127880330456,-0.00018832335869471174,0.0
scan4_subset_uniform,scan4,subset_uniform,1,skip_frame,0,1,0.038979639299213886,0.03845164862771829,0.0005279906714955943,-0.06695556640625,1.2042585425040713,15.962449203548701,0.0005279906714955943,0.0
scan4_subset_uniform,scan4,subset_uniform,1,skip_frame,1,2,0.03391014567265908,0.03839181549847126,-0.004481669825812183,-5.072362581888839,30.994586799371497,25.754304945248812,0.0005279906714955943,-7.488160999355042
scan4_subset_uniform,scan4,subset_uniform,1,skip_frame,2,3,0.03122908187409242,0.035505526388684906,-0.0042764445145924875,-4.15502611796061,10.03141857927498,8.333228539213005,0.0005279906714955943,-7.09946983055395
scan4_subset_uniform,scan4,subset_uniform,1,skip_frame,4,5,0.029197356663644314,0.030406133271753788,-0.0012087766081094742,-1.9021641413370745,-1.1944405724589888,10.788215136404423,0.0005279906714955943,-1.2893900846495554
scan4_subset_uniform,scan4,subset_uniform,1,skip_global,0,1,0.04266887033979098,0.03845164862771829,0.004217221712072686,-1.1518224080403598,19.26537514920615,27.4665891873848,0.004217221712072686,0.0
scan4_subset_uniform,scan4,subset_uniform,1,skip_global,1,2,0.033203826285898685,0.03839181549847126,-0.005187989212572575,-5.333983739217125,35.96649280520123,39.823365377532284,0.004217221712072686,-0.23019124124322476
scan4_subset_uniform,scan4,subset_uniform,1,skip_global,2,3,0.03396013627449671,0.035505526388684906,-0.0015453901141881943,-0.8248144785563127,11.903528892250264,9.84192109946411,0.004217221712072686,0.6335525567071351
scan4_subset_uniform,scan4,subset_uniform,1,skip_global,4,5,0.0334494241202871,0.030406133271753788,0.00304329084853331,2.3910560607910156,0.0,-4.597348445799621,0.004217221712072686,0.2783659346575854
scan4_subset_uniform,scan4,subset_uniform,2,skip_frame,0,2,0.03522028339405855,0.03839181549847126,-0.0031715321044127123,-3.0828164418538435,25.77986443804445,24.900682416932582,-0.0031715321044127123,0.0
scan4_subset_uniform,scan4,subset_uniform,2,skip_frame,1,3,0.034696140326559544,0.035505526388684906,-0.0008093860621253626,0.7790425618489607,7.345163519908126,14.138600864953114,-0.0031715321044127123,0.744796509863727
scan4_subset_uniform,scan4,subset_uniform,2,skip_frame,2,4,0.03452762961387634,0.034415675327181816,0.00011195428669452667,0.27449480692546047,0.6985822145031877,-1.1454204115075122,-0.0031715321044127123,0.9647002511692191
scan4_subset_uniform,scan4,subset_uniform,2,skip_frame,4,6,0.028008817695081234,0.025806688393155735,0.002202129301925499,1.8929793039957659,2.3888811449179777,-7.6139531638283025,-0.0031715321044127123,0.30565757197867693
scan4_subset_uniform,scan4,subset_uniform,2,skip_global,0,2,0.04069937796642383,0.03839181549847126,0.0023075624679525716,2.8144448598225864,12.756751143021988,5.2080738125002775,0.0023075624679525716,0.0
scan4_subset_uniform,scan4,subset_uniform,2,skip_global,1,3,0.034412466610471405,0.035505526388684906,-0.001093059778213501,-1.4281050364176409,8.590271289403915,6.6872999050287945,0.0023075624679525716,0.5263141113647343
scan4_subset_uniform,scan4,subset_uniform,2,skip_global,2,4,0.033651288598775864,0.034415675327181816,-0.0007643867284059525,-0.36378733317057055,0.0,4.020041024699822,0.0023075624679525716,0.6687471134490375
scan4_subset_uniform,scan4,subset_uniform,2,skip_global,4,6,0.02798337520410617,0.025806688393155735,0.002176686810950436,1.8402096430460588,0.0,-23.243819592595596,0.0023075624679525716,0.05671597576218934
scan4_subset_uniform,scan4,subset_uniform,3,skip_frame,0,3,0.03625517711043358,0.035505526388684906,0.0007496507217486723,1.1366713841756209,9.086129647359716,17.260337402151364,0.0007496507217486723,0.0
scan4_subset_uniform,scan4,subset_uniform,3,skip_frame,1,4,0.031831922630469,0.034415675327181816,-0.002583752696712814,-2.434535344441727,1.1944405724589893,6.629296213262803,0.0007496507217486723,-2.446608696228325
scan4_subset_uniform,scan4,subset_uniform,3,skip_frame,2,5,0.033624147375424705,0.030406133271753788,0.0032180141036709173,2.7075459162394253,-1.1944405724589888,-7.753029119969082,0.0007496507217486723,-3.2926845933855953
scan4_subset_uniform,scan4,subset_uniform,3,skip_frame,4,7,0.02339049708098173,0.0215218144779404,0.0018686826030413321,1.483572006225586,-1.1944405724589888,-17.73752871080991,0.0007496507217486723,-1.4927376828002656
scan4_subset_uniform,scan4,subset_uniform,3,skip_global,0,3,0.039176952093839645,0.035505526388684906,0.003671425705154739,3.786867141723633,7.252913704317463,11.099141213383666,0.003671425705154739,0.0
scan4_subset_uniform,scan4,subset_uniform,3,skip_global,1,4,0.0345315874243776,0.034415675327181816,0.00011591209719578194,0.03537813822428859,2.770125086619556,21.08359957407216,0.003671425705154739,0.9684285870110242
scan4_subset_uniform,scan4,subset_uniform,3,skip_global,2,5,0.03234391566365957,0.030406133271753788,0.0019377823919057846,1.4484163920084683,-1.1944405724589888,-6.905967806550414,0.003671425705154739,0.4721989364553645
scan4_subset_uniform,scan4,subset_uniform,3,skip_global,4,7,0.02405720390379429,0.0215218144779404,0.0025353894258538894,1.9878689448038749,1.1944405724589888,-18.671989729604395,0.003671425705154739,0.30942646550244424
scan4_subset_uniform,scan4,subset_uniform,4,skip_frame,0,4,0.03336016989002625,0.034415675327181816,-0.001055505437155567,-0.5876563390095981,0.0,17.69038902188821,-0.001055505437155567,0.0
scan4_subset_uniform,scan4,subset_uniform,4,skip_frame,1,5,0.03208580147475004,0.030406133271753788,0.001679668202996254,1.458580334981285,-0.6985822145031877,8.108232067218966,-0.001055505437155567,-0.5913401711342336
scan4_subset_uniform,scan4,subset_uniform,4,skip_frame,2,6,0.02858697685102622,0.025806688393155735,0.0027802884578704834,2.652163823445637,1.1944405724589888,-13.73712949589405,-0.001055505437155567,-1.6340825541959831
scan4_subset_uniform,scan4,subset_uniform,4,skip_frame,4,8,0.01902379219730695,0.017961064043144386,0.0010627281541625636,0.7173128128051758,0.0,-1.1900318276453525,-0.001055505437155567,-0.00684289891150236
scan4_subset_uniform,scan4,subset_uniform,4,skip_global,0,4,0.037752523397405945,0.034415675327181816,0.0033368480702241285,3.484921773274742,0.0,21.854093933286457,0.0033368480702241285,0.0
scan4_subset_uniform,scan4,subset_uniform,4,skip_global,1,5,0.031822821435829006,0.030406133271753788,0.001416688164075218,0.8853991826375349,-1.1944405724589888,13.09817984876525,0.0033368480702241285,0.5754412145051415
scan4_subset_uniform,scan4,subset_uniform,4,skip_global,2,6,0.02793727597842614,0.025806688393155735,0.002130587585270405,1.821587244669594,1.1944405724589888,-21.59909774967341,0.0033368480702241285,0.3614969754594496
scan4_subset_uniform,scan4,subset_uniform,4,skip_global,4,8,0.01950255533059438,0.017961064043144386,0.0015414912874499934,1.2772432963053397,0.0,0.7581521895971299,0.0033368480702241285,0.5380397144223426
scan4_subset_uniform,scan4,subset_uniform,5,skip_frame,0,5,0.03263551679750284,0.030406133271753788,0.00222938352574905,1.6630859375,0.0,10.317500910365355,0.00222938352574905,0.0
scan4_subset_uniform,scan4,subset_uniform,5,skip_frame,1,6,0.028376038186252117,0.025806688393155735,0.0025693497930963823,2.500095049540203,0.0,-15.333111162259879,0.00222938352574905,-0.15249339713009102
scan4_subset_uniform,scan4,subset_uniform,5,skip_frame,2,7,0.02411850355565548,0.0215218144779404,0.00259668907771508,2.1560068130493164,0.0,-11.734102777089115,0.00222938352574905,-0.16475655611683915
scan4_subset_uniform,scan4,subset_uniform,5,skip_frame,4,9,0.01522176464398702,0.014775144557158152,0.00044662008682886875,0.16126457850138465,0.0,1.1833632507117962,0.00222938352574905,0.7996665528068756
scan4_subset_uniform,scan4,subset_uniform,5,skip_global,0,5,0.03525110334157944,0.030406133271753788,0.004844970069825649,4.198613484700523,-1.1944405724589888,-9.23635531813811,0.004844970069825649,0.0
scan4_subset_uniform,scan4,subset_uniform,5,skip_global,1,6,0.027449633305271465,0.025806688393155735,0.0016429449121157305,1.3495324452718087,1.1944405724589888,-16.82003473568739,0.004844970069825649,0.6608967881250805
scan4_subset_uniform,scan4,subset_uniform,5,skip_global,2,7,0.02289634756743908,0.0215218144779404,0.00137453308949868,0.9862022399902344,0.0,-4.551365211068713,0.004844970069825649,0.7162968873514334
scan4_subset_uniform,scan4,subset_uniform,5,skip_global,4,9,0.015958611232539017,0.014775144557158152,0.0011834666753808652,1.0236589113871268,0.0,6.540139210492634,0.004844970069825649,0.7557329233566445
scan4_subset_uniform,scan4,subset_uniform,6,skip_frame,0,6,0.029133216477930546,0.025806688393155735,0.003326528084774811,2.752424240112301,1.1944405724589888,-21.860275645798236,0.003326528084774811,0.0
scan4_subset_uniform,scan4,subset_uniform,6,skip_frame,1,7,0.024032939225435257,0.0215218144779404,0.0025111247474948577,2.2637287775675468,1.1944405724589888,-9.798447479005503,0.003326528084774811,0.24512143487138238
scan4_subset_uniform,scan4,subset_uniform,6,skip_frame,2,8,0.02001045799503724,0.017961064043144386,0.002049393951892853,1.541574478149414,0.0,5.870099894070206,0.003326528084774811,0.3839240494397971
scan4_subset_uniform,scan4,subset_uniform,6,skip_frame,4,10,0.0123318190065523,0.012032071283708015,0.00029974772284428394,0.10963424046834191,0.0,2.740415933738018,0.003326528084774811,0.9098917203747056
scan4_subset_uniform,scan4,subset_uniform,6,skip_global,0,6,0.030727391441663105,0.025806688393155735,0.00492070304850737,4.632888158162434,1.1944405724589888,-17.68716065471442,0.00492070304850737,0.0
scan4_subset_uniform,scan4,subset_uniform,6,skip_global,1,7,0.022600205925603706,0.0215218144779404,0.0010783914476633072,0.7441514333089216,-1.1944405724589888,1.994088847093547,0.00492070304850737,0.7808460626392761
scan4_subset_uniform,scan4,subset_uniform,6,skip_global,2,8,0.018608634515355032,0.017961064043144386,0.0006475704722106457,0.49301624298095703,1.1944405724589888,14.15935745410176,0.00492070304850737,0.8683987906144677
scan4_subset_uniform,scan4,subset_uniform,6,skip_global,4,10,0.013022137340158224,0.012032071283708015,0.0009900660564502086,0.8488146464029924,0.0,-0.8009428800734852,0.00492070304850737,0.7987958129782833
scan4_subset_uniform,scan4,subset_uniform,7,skip_frame,0,7,0.02477524025986592,0.0215218144779404,0.0032534257819255216,2.6186377207438163,1.1944405724589888,-20.214573937534414,0.0032534257819255216,0.0
scan4_subset_uniform,scan4,subset_uniform,7,skip_frame,1,8,0.020081513250867527,0.017961064043144386,0.0021204492077231407,1.852183659871418,0.0,1.6597405573464492,0.0032534257819255216,0.3482411003492556
scan4_subset_uniform,scan4,subset_uniform,7,skip_frame,2,9,0.016357087685416143,0.014775144557158152,0.0015819431282579916,1.1886461575826033,0.0,4.42000608802958,0.0032534257819255216,0.5137608065176986
scan4_subset_uniform,scan4,subset_uniform,7,skip_frame,4,11,0.01009184354916215,0.00995751516893506,0.00013432838022708893,0.012566725413005742,0.0,9.762123732586584,0.0032534257819255216,0.9587117121363723
scan4_subset_uniform,scan4,subset_uniform,7,skip_global,0,7,0.025966116537650425,0.0215218144779404,0.004444302059710026,3.772515296936035,-1.1944405724589888,-5.966142848101651,0.004444302059710026,0.0
scan4_subset_uniform,scan4,subset_uniform,7,skip_global,1,8,0.018298823696871597,0.017961064043144386,0.00033775965372721123,0.09215227762858191,1.1944405724589888,12.795469493288278,0.004444302059710026,0.924001643185061
scan4_subset_uniform,scan4,subset_uniform,7,skip_global,2,9,0.01525774085894227,0.014775144557158152,0.0004825963017841186,0.22765843073527137,0.0,10.119172173827167,0.004444302059710026,0.8914123533233458
scan4_subset_uniform,scan4,subset_uniform,7,skip_global,4,11,0.010651139542460442,0.00995751516893506,0.0006936243735253811,0.5735073089599609,0.0,23.48835093033092,0.004444302059710026,0.8439295159945457
scan4_subset_uniform,scan4,subset_uniform,8,skip_frame,0,8,0.020389748116334278,0.017961064043144386,0.002428684073189892,1.7953510284423828,0.0,-6.851665383623484,0.002428684073189892,0.0
scan4_subset_uniform,scan4,subset_uniform,8,skip_frame,1,9,0.01648075133562088,0.014775144557158152,0.0017056067784627284,1.3750395774841309,0.0,18.844262077084824,0.002428684073189892,0.29772390024259376
scan4_subset_uniform,scan4,subset_uniform,8,skip_frame,2,10,0.013219999770323435,0.012032071283708015,0.0011879284866154194,0.8740332921346017,0.0,3.886986004821062,0.002428684073189892,0.5108756631918925
scan4_subset_uniform,scan4,subset_uniform,8,skip_frame,4,12,0.008497646699349085,0.008557970557982722,-6.032385863363743e-05,-0.09667380650838453,0.0,1.9344344017694688,0.002428684073189892,0.9751619161588165
scan4_subset_uniform,scan4,subset_uniform,8,skip_global,0,8,0.02174460142850876,0.017961064043144386,0.0037835373853643724,3.0648094813028983,2.3888811449179777,-3.7068443367083734,0.0037835373853643724,0.0
scan4_subset_uniform,scan4,subset_uniform,8,skip_global,1,9,0.015000219456851482,0.014775144557158152,0.0002250748996933307,-0.015680472056068595,0.0,14.793333691871641,0.0037835373853643724,0.9405120455360176
scan4_subset_uniform,scan4,subset_uniform,8,skip_global,2,10,0.012494019077469906,0.012032071283708015,0.0004619477937618903,0.22522401809692383,0.0,0.5245968769232565,0.0037835373853643724,0.8779058466426644
scan4_subset_uniform,scan4,subset_uniform,8,skip_global,4,12,0.008954784600064158,0.008557970557982722,0.0003968140420814361,0.28627602259317797,0.0,-14.471601081686682,0.0037835373853643724,0.8951208877659284
scan4_subset_uniform,scan4,subset_uniform,9,skip_frame,0,9,0.017092696701486904,0.014775144557158152,0.0023175521443287526,1.6755496660868339,0.0,11.27441866622939,0.0023175521443287526,0.0
scan4_subset_uniform,scan4,subset_uniform,9,skip_frame,1,10,0.013340754434466362,0.012032071283708015,0.0013086831507583465,1.071456750233967,0.0,1.8441998121490828,0.0023175521443287526,0.4353166318346685
scan4_subset_uniform,scan4,subset_uniform,9,skip_frame,2,11,0.010774250142276287,0.00995751516893506,0.0008167349733412266,0.5737075805664062,0.0,12.28644157011734,0.0023175521443287526,0.6475872289044945
scan4_subset_uniform,scan4,subset_uniform,9,skip_frame,4,13,0.007526102087770899,0.007718502931917707,-0.00019240084414680857,-0.14286057154337506,0.0,2.632908062510931,0.0023175521443287526,0.9169810074747919
scan4_subset_uniform,scan4,subset_uniform,9,skip_global,0,9,0.018278606391201418,0.014775144557158152,0.003503461834043266,2.6473053296407087,0.0,13.177185331692396,0.003503461834043266,0.0
scan4_subset_uniform,scan4,subset_uniform,9,skip_global,1,10,0.012138767167925835,0.012032071283708015,0.00010669588421781916,-0.02714649836222449,0.0,16.66913294732897,0.003503461834043266,0.9695455839760972
scan4_subset_uniform,scan4,subset_uniform,9,skip_global,2,11,0.010400649470587572,0.00995751516893506,0.00044313430165251154,0.15192969640096265,0.0,14.145737096401405,0.003503461834043266,0.8735153049630627
scan4_subset_uniform,scan4,subset_uniform,9,skip_global,4,13,0.007981798378750682,0.007718502931917707,0.00026329544683297446,0.19902944564819336,0.0,19.329216126965463,0.003503461834043266,0.9248470629037476
scan4_subset_uniform,scan4,subset_uniform,10,skip_frame,0,10,0.014183620922267437,0.012032071283708015,0.0021515496385594215,1.5558894475301095,0.0,15.372220256264939,0.0021515496385594215,0.0
scan4_subset_uniform,scan4,subset_uniform,10,skip_frame,1,11,0.010890750214457512,0.00995751516893506,0.0009332350455224514,0.7228670120239258,0.0,3.495859117342545,0.0021515496385594215,0.56624981882951
scan4_subset_uniform,scan4,subset_uniform,10,skip_frame,2,12,0.008996052667498589,0.008557970557982722,0.0004380821095158662,0.26451651255289477,1.1944405724589888,-17.02484172878383,0.0021515496385594215,0.7963876353746662
scan4_subset_uniform,scan4,subset_uniform,10,skip_frame,4,14,0.007068282070880135,0.0072813040266434354,-0.00021302195576330084,-0.17746798197428504,0.0,14.309234500641276,0.0021515496385594215,0.9009913822365119
scan4_subset_uniform,scan4,subset_uniform,10,skip_global,0,10,0.015003867136935392,0.012032071283708015,0.002971795853227377,2.0914173126220703,0.0,2.165293479481533,0.002971795853227377,0.0
scan4_subset_uniform,scan4,subset_uniform,10,skip_global,1,11,0.010016729899992546,0.00995751516893506,5.921473105748552e-05,-0.06463766098022461,0.0,21.08966410615099,0.002971795853227377,0.9800744283988491
scan4_subset_uniform,scan4,subset_uniform,10,skip_global,2,12,0.008862816030159593,0.008557970557982722,0.0003048454721768703,0.011253197987873165,0.0,-3.42206080877736,0.002971795853227377,0.8974204530752651
scan4_subset_uniform,scan4,subset_uniform,10,skip_global,4,14,0.007413471816107631,0.0072813040266434354,0.00013216778946419528,0.110471884409586,0.0,17.877393055765204,0.002971795853227377,0.955525952659009
scan4_subset_uniform,scan4,subset_uniform,11,skip_frame,0,11,0.011701603420078754,0.00995751516893506,0.001744088251143694,1.1805899937947615,0.0,23.705816113802296,0.001744088251143694,0.0
scan4_subset_uniform,scan4,subset_uniform,11,skip_frame,1,12,0.009235222823917866,0.008557970557982722,0.0006772522659351434,0.4638365109761544,0.0,-15.87343554581635,0.001744088251143694,0.6116869284045505
scan4_subset_uniform,scan4,subset_uniform,11,skip_frame,2,13,0.008026493868480125,0.007718502931917707,0.00030799093656241807,0.1773052215576172,0.0,2.2056509862138762,0.001744088251143694,0.8234086283417988
scan4_subset_uniform,scan4,subset_uniform,11,skip_frame,4,15,0.006894729255388181,0.007080392834420006,-0.00018566357903182507,-0.1541895866394043,0.0,-4.95421376148656,0.001744088251143694,0.8935469126002796
scan4_subset_uniform,scan4,subset_uniform,11,skip_global,0,11,0.012438247290750345,0.00995751516893506,0.0024807321218152847,1.5451277097066267,0.0,5.89256349690283,0.0024807321218152847,0.0
scan4_subset_uniform,scan4,subset_uniform,11,skip_global,1,12,0.008484114737560352,0.008557970557982722,-7.385582042237007e-05,-0.16203689575195312,0.0,2.149024040026365,0.0024807321218152847,0.9702282161895313
scan4_subset_uniform,scan4,subset_uniform,11,skip_global,2,13,0.007870842780297002,0.007718502931917707,0.00015233984837929437,-0.060980002085367246,0.0,13.457836710790737,0.0024807321218152847,0.9385907704263453
scan4_subset_uniform,scan4,subset_uniform,11,skip_global,4,15,0.007106413909544547,0.007080392834420006,2.602107512454134e-05,0.02002843221028705,0.0,-2.3588247818601538,0.0024807321218152847,0.9895107275405858
scan4_subset_uniform,scan4,subset_uniform,12,skip_frame,0,12,0.009929983721425137,0.008557970557982722,0.0013720131634424142,0.8662891387939453,0.0,-11.750127823838048,0.0013720131634424142,0.0
scan4_subset_uniform,scan4,subset_uniform,12,skip_frame,1,13,0.008117135614156723,0.007718502931917707,0.0003986326822390156,0.24411725997924805,0.0,3.9542049913726283,0.0013720131634424142,0.7094541853819853
scan4_subset_uniform,scan4,subset_uniform,12,skip_frame,2,14,0.00743101987366875,0.0072813040266434354,0.0001497158470253144,0.07603009541829309,0.0,12.900941078795155,0.0013720131634424142,0.890878709465386
scan4_subset_uniform,scan4,subset_uniform,12,skip_frame,4,16,0.0068722992825011415,0.007036554006238778,-0.00016425472373763662,-0.13391526540120324,0.0,-2.859522871344913,0.0013720131634424142,0.8802819622185566
scan4_subset_uniform,scan4,subset_uniform,12,skip_global,0,12,0.010292462228486935,0.008557970557982722,0.0017344916705042124,0.8982466061909982,0.0,3.4545865964917795,0.0017344916705042124,0.0
scan4_subset_uniform,scan4,subset_uniform,12,skip_global,1,13,0.0076094890634218855,0.007718502931917707,-0.00010901386849582195,-0.16929960250854492,0.0,5.235661818118559,0.0017344916705042124,0.937149384831504
scan4_subset_uniform,scan4,subset_uniform,12,skip_global,2,14,0.007287692356233795,0.0072813040266434354,6.388329590359745e-06,-0.12319151560465613,0.0,-7.361651027382106,0.0017344916705042124,0.9963168865558734
scan4_subset_uniform,scan4,subset_uniform,12,skip_global,4,16,0.0070060093421489,0.007036554006238778,-3.054466408987811e-05,-0.031116644541421934,0.0,-10.882110138237508,0.0017344916705042124,0.9823898467722253
scan4_subset_uniform,scan4,subset_uniform,13,skip_frame,0,13,0.008634373312816024,0.007718502931917707,0.0009158703808983164,0.5444086392720529,0.0,14.145460367018316,0.0009158703808983164,0.0
scan4_subset_uniform,scan4,subset_uniform,13,skip_frame,1,14,0.007590255389610927,0.0072813040266434354,0.00030895136296749115,0.15657265981038293,0.0,5.855159246573724,0.0009158703808983164,0.6626691184570668
scan4_subset_uniform,scan4,subset_uniform,13,skip_frame,2,15,0.007210792740806937,0.007080392834420006,0.00013039990638693145,0.0512555440266933,0.0,-6.053826975716856,0.0009158703808983164,0.8576218762975708
scan4_subset_uniform,scan4,subset_uniform,13,skip_global,0,13,0.00890921902221938,0.007718502931917707,0.001190716090301673,0.523764928181965,0.0,12.657250992692603,0.001190716090301673,0.0
scan4_subset_uniform,scan4,subset_uniform,13,skip_global,1,14,0.007129511718327801,0.0072813040266434354,-0.00015179230831563473,-0.1860795021057129,0.0,7.368021139278497,0.001190716090301673,0.8725201502255862
scan4_subset_uniform,scan4,subset_uniform,13,skip_global,2,15,0.007023671874776483,0.007080392834420006,-5.672095964352319e-05,-0.14371792475382428,0.0,-12.423892688287605,0.001190716090301673,0.9523639933099814
scan4_subset_uniform,scan4,subset_uniform,14,skip_frame,0,14,0.007900421973317862,0.0072813040266434354,0.0006191179466744261,0.33592494328816613,0.0,-2.364767375496659,0.0006191179466744261,0.0
scan4_subset_uniform,scan4,subset_uniform,14,skip_frame,1,15,0.00727094104513526,0.007080392834420006,0.00019054821071525386,0.06858491897583008,0.0,-2.0234290007838673,0.0006191179466744261,0.6922263169097618
scan4_subset_uniform,scan4,subset_uniform,14,skip_frame,2,16,0.007071438633526365,0.007036554006238778,3.488462728758711e-05,-0.008932113647460938,0.0,-0.7424228064405973,0.0006191179466744261,0.9436543109839266
scan4_subset_uniform,scan4,subset_uniform,14,skip_global,0,14,0.008043481425071755,0.0072813040266434354,0.00076217739842832,0.2983848253885899,0.0,-0.011752300962358575,0.00076217739842832,0.0
scan4_subset_uniform,scan4,subset_uniform,14,skip_global,1,15,0.00696121637398998,0.007080392834420006,-0.00011917646043002605,-0.16063801447550397,0.0,-16.392055589222494,0.00076217739842832,0.8436368479624574
scan4_subset_uniform,scan4,subset_uniform,14,skip_global,2,16,0.00694288476370275,0.007036554006238778,-9.366924253602794e-05,-0.16092491149902344,0.0,4.774418254120043,0.00076217739842832,0.8771030960388191
scan4_subset_uniform,scan4,subset_uniform,15,skip_frame,0,15,0.007515516209726532,0.007080392834420006,0.00043512337530652624,0.2068624496459961,0.0,2.4912078996662643,0.00043512337530652624,0.0
scan4_subset_uniform,scan4,subset_uniform,15,skip_frame,1,16,0.007171463764583071,0.007036554006238778,0.00013490975834429264,0.003908634185791016,0.0,-4.891351715253952,0.00043512337530652624,0.6899505611500316
scan4_subset_uniform,scan4,subset_uniform,15,skip_global,0,15,0.007588897676517566,0.007080392834420006,0.00050850484209756,0.18431250254313092,0.0,-2.258412054224639,0.00050850484209756,0.0
scan4_subset_uniform,scan4,subset_uniform,15,skip_global,1,16,0.006954948650673032,0.007036554006238778,-8.160535556574634e-05,-0.13373359044392785,0.0,2.247614939209445,0.00050850484209756,0.8395190196633568
scan4_subset_uniform,scan4,subset_uniform,16,skip_frame,0,16,0.007343014469370246,0.007036554006238778,0.0003064604631314678,0.11183834075927734,0.0,8.214371294823735,0.0003064604631314678,0.0
scan4_subset_uniform,scan4,subset_uniform,16,skip_global,0,16,0.007367329749589165,0.007036554006238778,0.0003307757433503866,0.0972463289896659,0.0,10.111871270786853,0.0003307757433503866,0.0
scan9_subset_middle,scan9,subset_middle,1,skip_frame,0,1,0.03432422814269861,0.03421177280445894,0.0001124553382396698,0.3196258544921875,6.898289713427975,-1.6681957623564898,0.0001124553382396698,0.0
scan9_subset_middle,scan9,subset_middle,1,skip_frame,1,2,0.029356722409526508,0.03072417713701725,-0.0013674547274907418,-2.0225162506103516,7.964022485758452,-2.5702337664392196,0.0001124553382396698,-11.159980565585617
scan9_subset_middle,scan9,subset_middle,1,skip_frame,2,3,0.028064783352116745,0.02929073479026556,-0.0012259514381488153,-1.0844570795694999,8.118002697294045,5.647768307536907,0.0001124553382396698,-9.90167400978345
scan9_subset_middle,scan9,subset_middle,1,skip_frame,4,5,0.02720959981282552,0.03238633864869674,-0.005176738835871223,-4.94708474477132,1.1944405724589888,-10.130647407454365,0.0001124553382396698,-45.03373140755958
scan9_subset_middle,scan9,subset_middle,1,skip_global,0,1,0.04636583508302768,0.03421177280445894,0.012154062278568745,9.661190350850422,5.160740530404286,13.858716468073805,0.012154062278568745,0.0
scan9_subset_middle,scan9,subset_middle,1,skip_global,1,2,0.030688283033668995,0.03072417713701725,-3.589410334825516e-05,-1.533712387084961,11.267016875603211,11.693132669978638,0.012154062278568745,0.997046740215282
scan9_subset_middle,scan9,subset_middle,1,skip_global,2,3,0.030264306192596752,0.02929073479026556,0.0009735714023311921,1.0085121790568046,11.043811558464679,1.8380261749130362,0.012154062278568745,0.9198974482755539
scan9_subset_middle,scan9,subset_middle,1,skip_global,4,5,0.033923010186602674,0.03238633864869674,0.0015366715379059315,1.6656880378723145,0.0,-4.11732136354895,0.012154062278568745,0.8735672483252332
scan9_subset_middle,scan9,subset_middle,2,skip_frame,0,2,0.03346486296504736,0.03072417713701725,0.0027406858280301094,1.597297032674156,7.986099649294445,8.270817650098117,0.0027406858280301094,0.0
scan9_subset_middle,scan9,subset_middle,2,skip_frame,1,3,0.02855721302330494,0.02929073479026556,-0.0007335217669606209,-0.83684476216634,7.1132855700709685,-2.8334494068142355,0.0027406858280301094,0.732358317228996
scan9_subset_middle,scan9,subset_middle,2,skip_frame,2,4,0.03035293100401759,0.03227723746870955,-0.0019243064646919592,-1.4056320190429688,1.1944405724589888,-5.397729133714,0.0027406858280301094,0.2978741142048119
scan9_subset_middle,scan9,subset_middle,2,skip_frame,4,6,0.031131635420024395,0.0312308631837368,-9.922776371240616e-05,-1.2643747329711914,1.1944405724589888,0.6796059390634355,0.0027406858280301094,0.963794550000017
scan9_subset_middle,scan9,subset_middle,2,skip_global,0,2,0.036284580205877624,0.03072417713701725,0.005560403068860374,3.604282061258953,3.96932957372902,-4.948816622488305,0.005560403068860374,0.0
scan9_subset_middle,scan9,subset_middle,2,skip_global,1,3,0.027562807003657024,0.02929073479026556,-0.0017279277866085359,-1.4147713979085275,8.017911539944993,3.6030523551940306,0.005560403068860374,0.6892441491723222
scan9_subset_middle,scan9,subset_middle,2,skip_global,2,4,0.02829057350754738,0.03227723746870955,-0.003986663961162172,-2.4554872512817383,0.0,-4.284555041347373,0.005560403068860374,0.28302608429801224
scan9_subset_middle,scan9,subset_middle,2,skip_global,4,6,0.03242977646489938,0.0312308631837368,0.0011989132811625822,0.8264411290486642,0.0,11.423847054717793,0.005560403068860374,0.784383745869649
scan9_subset_middle,scan9,subset_middle,3,skip_frame,0,3,0.027442715751628082,0.02929073479026556,-0.001848019038637478,-2.427469253540039,10.447919103698517,6.9605360020986495,-0.001848019038637478,0.0
scan9_subset_middle,scan9,subset_middle,3,skip_frame,1,4,0.02743676242729028,0.03227723746870955,-0.004840475041419271,-3.6371692021687814,2.3888811449179777,5.496376524253343,-0.001848019038637478,-1.6192776915264329
scan9_subset_middle,scan9,subset_middle,3,skip_frame,2,5,0.03302664837489525,0.03238633864869674,0.0006403097261985097,0.3978168169657401,0.0,-3.5046722847407317,-0.001848019038637478,0.6535156225064638
scan9_subset_middle,scan9,subset_middle,3,skip_frame,4,7,0.030734312099715073,0.030644203536212444,9.010856350262844e-05,-0.44854704538980883,0.0,-12.682692362346893,-0.001848019038637478,0.9512404571496924
scan9_subset_middle,scan9,subset_middle,3,skip_global,0,3,0.03486531258871158,0.02929073479026556,0.005574577798446022,4.595936139424641,5.057616769063748,6.868091454968837,0.005574577798446022,0.0
scan9_subset_middle,scan9,subset_middle,3,skip_global,1,4,0.029805628582835197,0.03227723746870955,-0.002471608885874353,-1.2846577962239571,0.0,-3.013780168002617,0.005574577798446022,0.5566285061869003
scan9_subset_middle,scan9,subset_middle,3,skip_global,2,5,0.030169555141280096,0.03238633864869674,-0.002216783507416647,-1.964626630147297,0.0,-2.177133523472996,0.005574577798446022,0.6023405560803903
scan9_subset_middle,scan9,subset_middle,3,skip_global,4,7,0.031089295633137226,0.030644203536212444,0.0004450920969247818,-0.4928878148396798,0.0,-2.6957724299406465,0.005574577798446022,0.920156805947016
scan9_subset_middle,scan9,subset_middle,4,skip_frame,0,4,0.0259613919382294,0.03227723746870955,-0.00631584553048015,-5.117176691691078,1.6902989304147904,0.9572733525876984,-0.00631584553048015,0.0
scan9_subset_middle,scan9,subset_middle,4,skip_frame,1,5,0.03364551315704981,0.03238633864869674,0.0012591745083530698,0.7426129976908378,0.0,0.35683578045486186,-0.00631584553048015,0.8006324723623595
scan9_subset_middle,scan9,subset_middle,4,skip_frame,2,6,0.03314709352950255,0.0312308631837368,0.0019162303457657473,0.8761761983235665,0.0,6.011441463089973,-0.00631584553048015,0.6965995547994237
scan9_subset_middle,scan9,subset_middle,4,skip_frame,4,8,0.029384348541498184,0.02931181186189254,7.253667960564411e-05,0.045213063557941524,0.0,-3.651874245003122,-0.00631584553048015,0.988515127664921
scan9_subset_middle,scan9,subset_middle,4,skip_global,0,4,0.03360505805661281,0.03227723746870955,0.0013278205879032612,1.5849930445353202,0.0,8.733773563865881,0.0013278205879032612,0.0
scan9_subset_middle,scan9,subset_middle,4,skip_global,1,5,0.031783689899990954,0.03238633864869674,-0.0006026487487057891,-0.928166389465332,0.0,7.02922249214598,0.0013278205879032612,0.5461369147337733
scan9_subset_middle,scan9,subset_middle,4,skip_global,2,6,0.03112366966282328,0.0312308631837368,-0.0001071935209135226,-0.804289499918621,0.0,3.2419198877166124,0.0013278205879032612,0.9192710808296849
scan9_subset_middle,scan9,subset_middle,4,skip_global,4,8,0.02940552867949009,0.02931181186189254,9.371681759754932e-05,-0.6318848927815779,0.0,6.553865044812211,0.0013278205879032612,0.9294205719874129
scan9_subset_middle,scan9,subset_middle,5,skip_frame,0,5,0.029356154923637707,0.03238633864869674,-0.003030183725059036,-2.5212333997090646,0.0,0.07267251907784811,-0.003030183725059036,0.0
scan9_subset_middle,scan9,subset_middle,5,skip_frame,1,6,0.0321829995761315,0.0312308631837368,0.0009521363923946993,-0.3280029296875,0.0,2.2369732732522003,-0.003030183725059036,0.6857826195419391
scan9_subset_middle,scan9,subset_middle,5,skip_frame,2,7,0.03134371371318897,0.030644203536212444,0.0006995101769765241,-0.4424095153808594,0.0,-4.867428017190633,-0.003030183725059036,0.7691525529651191
scan9_subset_middle,scan9,subset_middle,5,skip_frame,4,9,0.02769802821179231,0.026296300813555717,0.0014017273982365915,1.5166800816853865,0.0,-8.540683475699385,-0.003030183725059036,0.5374117461444414
scan9_subset_middle,scan9,subset_middle,5,skip_global,0,5,0.03361639892682433,0.03238633864869674,0.0012300602781275885,0.5553919474283866,0.0,-10.171997016950606,0.0012300602781275885,0.0
scan9_subset_middle,scan9,subset_middle,5,skip_global,1,6,0.03049163365115722,0.0312308631837368,-0.0007392295325795821,-1.4571164449056013,0.0,11.020913100254898,0.0012300602781275885,0.3990298315259432
scan9_subset_middle,scan9,subset_middle,5,skip_global,2,7,0.03082420863211155,0.030644203536212444,0.00018000509589910507,-0.525244077046711,0.0,-2.722701446812671,0.0012300602781275885,0.8536615651282465
scan9_subset_middle,scan9,subset_middle,5,skip_global,4,9,0.027254256419837475,0.026296300813555717,0.0009579556062817574,0.677058219909668,0.0,-13.802878462096277,0.0012300602781275885,0.22121246957102936
scan9_subset_middle,scan9,subset_middle,6,skip_frame,0,6,0.0293848409006993,0.0312308631837368,-0.0018460222830375024,-2.628866513570152,0.0,3.375055464696281,-0.0018460222830375024,0.0
scan9_subset_middle,scan9,subset_middle,6,skip_frame,1,7,0.029959021136164665,0.030644203536212444,-0.0006851824000477791,-1.9329071044921875,0.0,-13.987766026678122,-0.0018460222830375024,0.6288330827077782
scan9_subset_middle,scan9,subset_middle,6,skip_frame,2,8,0.03018273040652275,0.02931181186189254,0.0008709185446302108,0.5033372243245431,0.0,11.95660846229845,-0.0018460222830375024,0.5282188342834224
scan9_subset_middle,scan9,subset_middle,6,skip_frame,4,10,0.02360390250881513,0.021701790392398834,0.0019021121164162942,1.9269940058390311,0.0,10.58004494659915,-0.0018460222830375024,-0.03038415835723285
scan9_subset_middle,scan9,subset_middle,6,skip_global,0,6,0.033145830345650516,0.0312308631837368,0.0019149671619137151,1.0207160313924142,0.0,-2.8879627651926416,0.0019149671619137151,0.0
scan9_subset_middle,scan9,subset_middle,6,skip_global,1,7,0.029221438181897003,0.030644203536212444,-0.001422765354315441,-1.9260791142781564,1.1944405724589888,0.40188157172217487,0.0019149671619137151,0.2570288500959954
scan9_subset_middle,scan9,subset_middle,6,skip_global,2,8,0.03016967574755351,0.02931181186189254,0.0008578638856609686,0.46126397450764856,0.0,6.765910153012056,0.0019149671619137151,0.552021620671727
scan9_subset_middle,scan9,subset_middle,6,skip_global,4,10,0.023327092019220192,0.021701790392398834,0.0016253016268213578,1.4804073969523124,0.0,3.454421342377115,0.0019149671619137151,0.15126396987553625
scan9_subset_middle,scan9,subset_middle,7,skip_frame,0,7,0.028723765164613724,0.030644203536212444,-0.0019204383715987206,-2.7355888684590646,0.0,-12.861245246638662,-0.0019204383715987206,0.0
scan9_subset_middle,scan9,subset_middle,7,skip_frame,1,8,0.029416391626000404,0.02931181186189254,0.00010457976410786426,-0.5010162989298514,0.0,-5.264306831084798,-0.0019204383715987206,0.9455438062191999
scan9_subset_middle,scan9,subset_middle,7,skip_frame,2,9,0.02741216712941726,0.026296300813555717,0.0011158663158615419,0.9208183288574219,0.0,-6.5681830067293525,-0.0019204383715987206,0.41895229112058985
scan9_subset_middle,scan9,subset_middle,7,skip_frame,4,11,0.01869482748831312,0.01707731404652198,0.0016175134417911394,1.3945492108662911,0.0,12.28904387219112,-0.0019204383715987206,0.15773738657148528
scan9_subset_middle,scan9,subset_middle,7,skip_global,0,7,0.032068404679497085,0.030644203536212444,0.001424201143284641,0.1681273778279646,0.0,-12.136426674707867,0.001424201143284641,0.0
scan9_subset_middle,scan9,subset_middle,7,skip_global,1,8,0.028270629545052845,0.02931181186189254,-0.001041182316839695,-1.5397609074910505,0.0,10.360726580727528,0.001424201143284641,0.26893590715816174
scan9_subset_middle,scan9,subset_middle,7,skip_global,2,9,0.027977635773519676,0.026296300813555717,0.0016813349599639586,1.6774085362752302,0.0,-5.037979619460941,0.001424201143284641,-0.18054599793838721
scan9_subset_middle,scan9,subset_middle,7,skip_global,4,11,0.018730248014132183,0.01707731404652198,0.0016529339676102026,1.601228078206379,0.0,2.62582353772909,0.001424201143284641,-0.16060429764719464
scan9_subset_middle,scan9,subset_middle,8,skip_frame,0,8,0.028024544939398766,0.02931181186189254,-0.0012872669224937745,-1.8755788803100586,0.0,-6.839195699354863,-0.0012872669224937745,0.0
scan9_subset_middle,scan9,subset_middle,8,skip_frame,1,9,0.027395004406571388,0.026296300813555717,0.0010987035930156708,1.0531880060831718,0.0,-2.0784790003663183,-0.0012872669224937745,0.14648347299471265
scan9_subset_middle,scan9,subset_middle,8,skip_frame,2,10,0.023722829297184944,0.021701790392398834,0.00202103890478611,1.8716484705607108,0.0,13.929264424793802,-0.0012872669224937745,-0.5700231781539342
scan9_subset_middle,scan9,subset_middle,8,skip_frame,4,12,0.014728402718901634,0.013303191245843967,0.0014252114730576668,1.141475359598795,0.0,0.85673410636997,-0.0012872669224937745,-0.10716079793043809
scan9_subset_middle,scan9,subset_middle,8,skip_global,0,8,0.031463383696973324,0.02931181186189254,0.0021515718350807837,1.6241095860799142,0.0,2.4420247657765835,0.0021515718350807837,0.0
scan9_subset_middle,scan9,subset_middle,8,skip_global,1,9,0.027227776125073433,0.026296300813555717,0.0009314753115177155,0.6262070337931327,1.1944405724589888,-14.495335775609059,0.0021515718350807837,0.5670721765686517
scan9_subset_middle,scan9,subset_middle,8,skip_global,2,10,0.02466497973849376,0.021701790392398834,0.002963189346094925,2.838327407836914,0.0,-1.6019696789816162,0.0021515718350807837,-0.37722073592010363
scan9_subset_middle,scan9,subset_middle,8,skip_global,4,12,0.014660924517860016,0.013303191245843967,0.0013577332720160484,1.1843798955281564,0.0,9.860166989336445,0.0021515718350807837,0.3689574989416654
scan9_subset_middle,scan9,subset_middle,9,skip_frame,0,9,0.02642463395992915,0.026296300813555717,0.00012833314637343204,-0.2786973317464181,0.0,-17.226132134953055,0.00012833314637343204,0.0
scan9_subset_middle,scan9,subset_middle,9,skip_frame,1,10,0.02385773416608572,0.021701790392398834,0.002155943773686886,2.215817451477051,0.0,-0.29253554362166767,0.00012833314637343204,-15.799586347032918
scan9_subset_middle,scan9,subset_middle,9,skip_frame,2,11,0.01911034652342399,0.01707731404652198,0.002033032476902008,1.894309202829998,0.0,14.201642283692715,0.00012833314637343204,-14.84183458719355
scan9_subset_middle,scan9,subset_middle,9,skip_frame,4,13,0.011641626246273518,0.010695728939026594,0.0009458973072469234,0.7034893035888672,0.0,-0.14474951325048568,0.00012833314637343204,-6.3706391059289595
scan9_subset_middle,scan9,subset_middle,9,skip_global,0,9,0.03028591287632783,0.026296300813555717,0.003989612062772114,3.847928047180176,0.0,-17.087222486803785,0.003989612062772114,0.0
scan9_subset_middle,scan9,subset_middle,9,skip_global,1,10,0.024169341661036015,0.021701790392398834,0.0024675512686371803,2.2815745671590193,0.0,7.268984256757063,0.003989612062772114,0.3815059635340474
scan9_subset_middle,scan9,subset_middle,9,skip_global,2,11,0.020218732145925362,0.01707731404652198,0.0031414180994033813,2.768975257873535,0.0,9.764433919564686,0.003989612062772114,0.2126006112933646
scan9_subset_middle,scan9,subset_middle,9,skip_global,4,13,0.01139151987930139,0.010695728939026594,0.0006957909402747955,0.5059823989868164,0.0,5.295648488112725,0.003989612062772114,0.8255993491779907
scan9_subset_middle,scan9,subset_middle,10,skip_frame,0,10,0.023040987240771454,0.021701790392398834,0.0013391968483726195,1.0018033981323242,0.0,7.78655049668979,0.0013391968483726195,0.0
scan9_subset_middle,scan9,subset_middle,10,skip_frame,1,11,0.019064067862927914,0.01707731404652198,0.0019867538164059333,1.9350145657857247,0.0,14.00467181209096,0.0013391968483726195,-0.48354128731726
scan9_subset_middle,scan9,subset_middle,10,skip_frame,2,12,0.014839648424337307,0.013303191245843967,0.0015364571784933397,1.340554714202879,0.0,4.844465027922755,0.0013391968483726195,-0.14729748681863253
scan9_subset_middle,scan9,subset_middle,10,skip_frame,4,14,0.009479974706967672,0.009072461786369482,0.0004075129205981902,0.2831886609395351,0.0,6.856395672043164,0.0013391968483726195,0.6957034949018911
scan9_subset_middle,scan9,subset_middle,10,skip_global,0,10,0.026960224844515324,0.021701790392398834,0.005258434452116489,5.153171857198082,0.0,4.517198452619246,0.005258434452116489,0.0
scan9_subset_middle,scan9,subset_middle,10,skip_global,1,11,0.019789256155490875,0.01707731404652198,0.002711942108968895,2.4100147883097343,0.0,3.7286259166932485,0.005258434452116489,0.48426815363699094
scan9_subset_middle,scan9,subset_middle,10,skip_global,2,12,0.016312542526672285,0.013303191245843967,0.0030093512808283176,2.3893214861551915,0.0,-1.6759577387396813,0.005258434452116489,0.42770965232492897
scan9_subset_middle,scan9,subset_middle,10,skip_global,4,14,0.009737632547815641,0.009072461786369482,0.0006651707614461592,0.497982819875082,0.0,1.0813830835965108,0.005258434452116489,0.8735040309994866
scan9_subset_middle,scan9,subset_middle,11,skip_frame,0,11,0.01889984728768468,0.01707731404652198,0.0018225332411626986,1.407177448272705,0.0,-1.6275950724305766,0.0018225332411626986,0.0
scan9_subset_middle,scan9,subset_middle,11,skip_frame,1,12,0.01497962170590957,0.013303191245843967,0.0016764304600656033,1.535249551137289,0.0,6.406588877390398,0.0018225332411626986,0.0801646728834905
scan9_subset_middle,scan9,subset_middle,11,skip_frame,2,13,0.011704444419592619,0.010695728939026594,0.0010087154805660248,0.8359610239664708,0.0,7.8595910989308795,0.0018225332411626986,0.4465310932147898
scan9_subset_middle,scan9,subset_middle,11,skip_frame,4,15,0.008313101871560017,0.008198555326089263,0.00011454654547075373,0.05256334940592389,0.0,-2.1636847564885855,0.0018225332411626986,0.9371498182399801
scan9_subset_middle,scan9,subset_middle,11,skip_global,0,11,0.02244315358499686,0.01707731404652198,0.00536583953847488,4.9598763783772775,0.0,2.8921419338301924,0.00536583953847488,0.0
scan9_subset_middle,scan9,subset_middle,11,skip_global,1,12,0.015515297496070465,0.013303191245843967,0.0022121062502264977,1.8309022585550938,0.0,-4.570618785073992,0.00536583953847488,0.5877427503441075
scan9_subset_middle,scan9,subset_middle,11,skip_global,2,13,0.012926239054650068,0.010695728939026594,0.002230510115623474,1.6308584213256836,0.0,7.303516459230922,0.00536583953847488,0.5843129300401244
scan9_subset_middle,scan9,subset_middle,11,skip_global,4,15,0.008687216167648634,0.008198555326089263,0.0004886608415593709,0.34777100880940814,0.0,2.7805924582443033,0.00536583953847488,0.9089311489738916
scan9_subset_middle,scan9,subset_middle,12,skip_frame,0,12,0.014964782943328222,0.013303191245843967,0.0016615916974842548,1.254498640696207,0.0,5.170426201108093,0.0016615916974842548,0.0
scan9_subset_middle,scan9,subset_middle,12,skip_frame,1,13,0.011646732532729706,0.010695728939026594,0.0009510035937031116,0.8744657834370937,0.0,16.84038291865496,0.0016615916974842548,0.427655064031082
scan9_subset_middle,scan9,subset_middle,12,skip_frame,2,14,0.009461681048075357,0.009072461786369482,0.0003892192617058754,0.36112165451049805,0.0,1.7644355467873014,0.0016615916974842548,0.7657551718059402
scan9_subset_middle,scan9,subset_middle,12,skip_frame,4,16,0.007650231942534447,0.007746177725493908,-9.594578295946121e-05,-0.0854322115580235,0.0,-6.35130594212149,0.0016615916974842548,0.9422567029525192
scan9_subset_middle,scan9,subset_middle,12,skip_global,0,12,0.017714928059528273,0.013303191245843967,0.004411736813684305,3.7653158505757656,0.0,-3.1996509952337195,0.004411736813684305,0.0
scan9_subset_middle,scan9,subset_middle,12,skip_global,1,13,0.011987509205937386,0.010695728939026594,0.0012917802669107914,0.984647909800211,0.0,10.074135347183129,0.004411736813684305,0.7071946216501508
scan9_subset_middle,scan9,subset_middle,12,skip_global,2,14,0.01049891191845139,0.009072461786369482,0.0014264501320819072,0.9561254183451329,0.0,-1.048118603808569,0.004411736813684305,0.6766692592229548
scan9_subset_middle,scan9,subset_middle,12,skip_global,4,16,0.008165938934932152,0.007746177725493908,0.0004197612094382439,0.30324888229370117,0.0,3.6162980129853963,0.004411736813684305,0.9048535243226136
scan9_subset_middle,scan9,subset_middle,13,skip_frame,0,13,0.011813154288878044,0.010695728939026594,0.00111742534985145,0.7800078392028809,0.0,13.184950963294009,0.00111742534985145,0.0
scan9_subset_middle,scan9,subset_middle,13,skip_frame,1,14,0.009501120851685604,0.009072461786369482,0.00042865906531612194,0.4301904042561855,0.0,13.325076136098229,0.00111742534985145,0.616386843762666
scan9_subset_middle,scan9,subset_middle,13,skip_frame,2,15,0.008255347376689315,0.008198555326089263,5.679205060005188e-05,0.09195105234781842,0.0,-0.831949911192936,0.00111742534985145,0.9491759779679226
scan9_subset_middle,scan9,subset_middle,13,skip_global,0,13,0.013887160457670689,0.010695728939026594,0.0031914315186440945,2.4662976264953613,0.0,-1.2296989872368984,0.0031914315186440945,0.0
scan9_subset_middle,scan9,subset_middle,13,skip_global,1,14,0.009819882611433664,0.009072461786369482,0.0007474208250641823,0.5433190663655605,0.0,8.192059094517713,0.0031914315186440945,0.7658038968726705
scan9_subset_middle,scan9,subset_middle,13,skip_global,2,15,0.009032957100619873,0.008198555326089263,0.00083440177453061,0.4676987330118809,0.0,-1.1997451392709557,0.0031914315186440945,0.7385493720745377
scan9_subset_middle,scan9,subset_middle,14,skip_frame,0,14,0.009591274118671814,0.009072461786369482,0.0005188123323023319,0.3469257354736328,0.0,6.723473120481709,0.0005188123323023319,0.0
scan9_subset_middle,scan9,subset_middle,14,skip_frame,1,15,0.008284924474234382,0.008198555326089263,8.636914814511877e-05,0.150087197621664,0.0,-6.8964912748160465,0.0005188123323023319,0.8335252599685927
scan9_subset_middle,scan9,subset_middle,14,skip_frame,2,16,0.0076622616810103255,0.007746177725493908,-8.391604448358247e-05,-0.009613196055093809,0.0,-0.3136879991509627,0.0005188123323023319,0.8382535663499199
scan9_subset_middle,scan9,subset_middle,14,skip_global,0,14,0.01129134309788545,0.009072461786369482,0.002218881311515968,1.5700178146362305,0.0,2.0379965403034594,0.002218881311515968,0.0
scan9_subset_middle,scan9,subset_middle,14,skip_global,1,15,0.008646428352221847,0.008198555326089263,0.0004478730261325836,0.2847464879353847,0.0,4.087102703457056,0.002218881311515968,0.7981536805019143
scan9_subset_middle,scan9,subset_middle,14,skip_global,2,16,0.008267788759743174,0.007746177725493908,0.0005216110342492666,0.2423114776611328,0.0,-5.9515366664310925,0.002218881311515968,0.7649216154365214
scan9_subset_middle,scan9,subset_middle,15,skip_frame,0,15,0.008244900110488137,0.008198555326089263,4.6344784398874225e-05,0.027450084686279297,0.0,-8.252805302891925,4.6344784398874225e-05,0.0
scan9_subset_middle,scan9,subset_middle,15,skip_frame,1,16,0.007649539814641078,0.007746177725493908,-9.66379108528299e-05,-0.011620362599691347,0.0,0.4767327077018546,4.6344784398874225e-05,-1.0851949600433866
scan9_subset_middle,scan9,subset_middle,15,skip_global,0,15,0.009709004002312819,0.008198555326089263,0.0015104486762235556,0.9824659029642735,0.0,1.5399349483056994,0.0015104486762235556,0.0
scan9_subset_middle,scan9,subset_middle,15,skip_global,1,16,0.0081583127224197,0.007746177725493908,0.0004121349969257917,0.23166735967000385,0.0,0.10408696030911813,0.0015104486762235556,0.7271439914421871
scan9_subset_middle,scan9,subset_middle,16,skip_frame,0,16,0.007600894275431831,0.007746177725493908,-0.00014528345006207654,-0.11027065912882428,0.0,8.427226865444236,-0.00014528345006207654,0.0
scan9_subset_middle,scan9,subset_middle,16,skip_global,0,16,0.008762204631542167,0.007746177725493908,0.0010160269060482587,0.5992759068806972,0.0,-1.6624569804976037,0.0010160269060482587,0.0
scan9_subset_uniform,scan9,subset_uniform,1,skip_frame,0,1,0.024271333279709022,0.02193921199068427,0.0023321212890247515,4.207746505737305,2.4562428895379753,3.335491006959572,0.0023321212890247515,0.0
scan9_subset_uniform,scan9,subset_uniform,1,skip_frame,1,2,0.01866868246967594,0.016882300997773807,0.001786381471902132,0.8201729456583671,19.55903059483437,47.22632901755265,0.0023321212890247515,0.23401004900171274
scan9_subset_uniform,scan9,subset_uniform,1,skip_frame,2,3,0.016073938148717087,0.017622964456677437,-0.0015490263079603502,-1.9323479334513323,19.275658568184035,17.82375543791748,0.0023321212890247515,0.33578655825052595
scan9_subset_uniform,scan9,subset_uniform,1,skip_frame,4,5,0.019753378971169393,0.024675446872909863,-0.004922067901740469,-3.835944652557373,2.770125086619557,10.260795808315311,0.0023321212890247515,-1.1105539942988059
scan9_subset_uniform,scan9,subset_uniform,1,skip_global,0,1,0.03378073871135712,0.02193921199068427,0.011841526720672846,9.823857943216957,-0.26847367652327137,-10.63282527343108,0.011841526720672846,0.0
scan9_subset_uniform,scan9,subset_uniform,1,skip_global,1,2,0.01944111365204056,0.016882300997773807,0.0025588126542667525,0.959820111592613,19.109081780271637,58.16929041389674,0.011841526720672846,0.7839119300554719
scan9_subset_uniform,scan9,subset_uniform,1,skip_global,2,3,0.01754680306961139,0.017622964456677437,-7.616138706604755e-05,-0.4037882486979143,21.642309724083333,28.724791140997556,0.011841526720672846,0.9935682797613347
scan9_subset_uniform,scan9,subset_uniform,1,skip_global,4,5,0.0236469319400688,0.024675446872909863,-0.0010285149328410625,-0.22896989186605055,-3.380597860829579,-6.370613648488659,0.011841526720672846,0.9131433845396397
scan9_subset_uniform,scan9,subset_uniform,2,skip_frame,0,2,0.019883838016539812,0.016882300997773807,0.0030015370187660047,2.8442071278889998,12.878561590453629,41.12260445948676,0.0030015370187660047,0.0
scan9_subset_uniform,scan9,subset_uniform,2,skip_frame,1,3,0.01779755267004172,0.017622964456677437,0.0001745882133642844,0.3111484845479353,13.343778866019122,-4.387817754348841,0.0030015370187660047,0.9418337297615402
scan9_subset_uniform,scan9,subset_uniform,2,skip_frame,2,4,0.020214734909435112,0.022223886102437973,-0.002009151193002861,-1.0143783887227364,7.515149141398779,-4.115665024888276,0.0030015370187660047,0.330625882525725
scan9_subset_uniform,scan9,subset_uniform,2,skip_frame,4,6,0.02279211472099026,0.024639053115000326,-0.001846938394010067,-1.3652033805847168,1.69029893041479,0.2755986666185386,0.0030015370187660047,0.3846691270296635
scan9_subset_uniform,scan9,subset_uniform,2,skip_global,0,2,0.020801763360699017,0.016882300997773807,0.003919462362925209,1.283510684967041,10.880800129299047,52.345380492288506,0.003919462362925209,0.0
scan9_subset_uniform,scan9,subset_uniform,2,skip_global,1,3,0.01699031423777342,0.017622964456677437,-0.0006326502189040184,-0.9641779263814279,14.890599854520858,1.12562940477887,0.003919462362925209,0.838587499936636
scan9_subset_uniform,scan9,subset_uniform,2,skip_global,2,4,0.017920013206700485,0.022223886102437973,-0.004303872895737488,-3.2491141955057756,7.321145728874204,-6.601705753045291,0.003919462362925209,-0.09807736296908387
scan9_subset_uniform,scan9,subset_uniform,2,skip_global,4,6,0.024286378175020218,0.024639053115000326,-0.0003526749399801084,0.08998123804728309,1.1944405724589888,-21.337796305387194,0.003919462362925209,0.9100195620409283
scan9_subset_uniform,scan9,subset_uniform,3,skip_frame,0,3,0.017711628694087267,0.017622964456677437,8.86642374098301e-05,-0.7090344429016113,20.33420185493503,21.197233538015364,8.86642374098301e-05,0.0
scan9_subset_uniform,scan9,subset_uniform,3,skip_frame,1,4,0.019440530178447563,0.022223886102437973,-0.0027833559239904097,-1.7516334851582833,8.515586301333197,-0.5618369181210703,8.86642374098301e-05,-30.39209229449508
scan9_subset_uniform,scan9,subset_uniform,3,skip_frame,2,5,0.023927910563846428,0.024675446872909863,-0.0007475363090634346,-0.197816054026287,-0.49585835795580024,-2.862366809147531,8.86642374098301e-05,-7.431091620493159
scan9_subset_uniform,scan9,subset_uniform,3,skip_frame,4,7,0.023773386453588802,0.023625376479079325,0.00014800997450947762,0.2287912368774414,-1.1944405724589888,2.0181422831771982,8.86642374098301e-05,-0.6693311625219927
scan9_subset_uniform,scan9,subset_uniform,3,skip_global,0,3,0.019227488276859123,0.017622964456677437,0.0016045238201816865,0.879279454549156,10.302211674203892,2.6032335408229166,0.0016045238201816865,0.0
scan9_subset_uniform,scan9,subset_uniform,3,skip_global,1,4,0.018056163874765236,0.022223886102437973,-0.004167722227672737,-3.187584400177002,6.027574067531375,3.032565500523777,0.0016045238201816865,-1.597482303005517
scan9_subset_uniform,scan9,subset_uniform,3,skip_global,2,5,0.02110159754132231,0.024675446872909863,-0.003573849331587553,-2.9084854125976562,-2.18615728837059,-12.969938511425765,0.0016045238201816865,-1.227358227179745
scan9_subset_uniform,scan9,subset_uniform,3,skip_global,4,7,0.0240072018156449,0.023625376479079325,0.0003818253365655763,0.7866889635721854,2.3888811449179777,-12.491109860570164,0.0016045238201816865,0.7620319924435022
scan9_subset_uniform,scan9,subset_uniform,4,skip_frame,0,4,0.018230209592729807,0.022223886102437973,-0.003993676509708166,-3.2072118123372384,8.529217509073643,-1.7444416620959764,-0.003993676509708166,0.0
scan9_subset_uniform,scan9,subset_uniform,4,skip_frame,1,5,0.022603001755972702,0.024675446872909863,-0.0020724451169371605,-1.2391055425008162,-1.690298930414789,8.545380564775094,-0.003993676509708166,0.4810683559624106
scan9_subset_uniform,scan9,subset_uniform,4,skip_frame,2,6,0.02620488901933034,0.024639053115000326,0.0015658359043300152,1.2222255071004255,4.079180075332768,-3.4016835619319146,-0.003993676509708166,0.6079211972918566
scan9_subset_uniform,scan9,subset_uniform,4,skip_frame,4,8,0.02307932109882434,0.021671163694312174,0.001408157404512167,1.2060394287109375,-1.1944405724589888,6.55213305824908,-0.003993676509708166,0.6474032383221078
scan9_subset_uniform,scan9,subset_uniform,4,skip_global,0,4,0.021554689078281324,0.022223886102437973,-0.0006691970241566488,0.1089227994283064,6.697248502441737,-13.588941747235358,-0.0006691970241566488,0.0
scan9_subset_uniform,scan9,subset_uniform,4,skip_global,1,5,0.021908543693522613,0.024675446872909863,-0.0027669031793872492,-2.23820463816325,-1.690298930414789,-4.579847900320463,-0.0006691970241566488,-3.134661511494647
scan9_subset_uniform,scan9,subset_uniform,4,skip_global,2,6,0.023959785234183073,0.024639053115000326,-0.0006792678808172532,-0.5124576886494943,1.69029893041479,-4.731358553797321,-0.0006691970241566488,-0.015049165338558046
scan9_subset_uniform,scan9,subset_uniform,4,skip_global,4,8,0.022204013386120398,0.021671163694312174,0.0005328496918082237,0.6442411740620955,-2.3888811449179777,-11.455576022602953,-0.0006691970241566488,0.20374766687024026
scan9_subset_uniform,scan9,subset_uniform,5,skip_frame,0,5,0.02015508447463314,0.024675446872909863,-0.004520362398276724,-3.3318721453348807,-2.8847395028737775,-9.305262161827462,-0.004520362398276724,0.0
scan9_subset_uniform,scan9,subset_uniform,5,skip_frame,1,6,0.02465480736767252,0.024639053115000326,1.5754252672195435e-05,0.15528043111165601,1.1944405724589888,-3.720528122675873,-0.004520362398276724,0.9965148252984758
scan9_subset_uniform,scan9,subset_uniform,5,skip_frame,2,7,0.02529904789601763,0.023625376479079325,0.001673671416938305,1.5870655377705916,-1.1944405724589888,-0.5225281833783839,-0.004520362398276724,0.6297483985849562
scan9_subset_uniform,scan9,subset_uniform,5,skip_frame,4,9,0.020904231816530228,0.018395754508674145,0.002508477307856083,1.881838321685791,0.0,21.312960172313346,-0.004520362398276724,0.4450716365545432
scan9_subset_uniform,scan9,subset_uniform,5,skip_global,0,5,0.025192593845228355,0.024675446872909863,0.0005171469723184927,0.33316659927368164,2.3888811449179785,-5.57439985621566,0.0005171469723184927,0.0
scan9_subset_uniform,scan9,subset_uniform,5,skip_global,1,6,0.02512542965511481,0.024639053115000326,0.00048637654011448456,0.16150919596354285,2.884739502873779,-12.548696893009833,0.0005171469723184927,0.05950036227816813
scan9_subset_uniform,scan9,subset_uniform,5,skip_global,2,7,0.024588370230048895,0.023625376479079325,0.00096299375096957,0.9320406913757324,2.3888811449179777,1.9973163604936879,0.0005171469723184927,-0.862127794449304
scan9_subset_uniform,scan9,subset_uniform,5,skip_global,4,9,0.019777079423268635,0.018395754508674145,0.0013813249145944902,0.9614424705505371,1.1944405724589888,12.887479576353854,0.0005171469723184927,-1.6710490219089604
scan9_subset_uniform,scan9,subset_uniform,6,skip_frame,0,6,0.02167587572087844,0.024639053115000326,-0.0029631773941218853,-2.3989518483479806,0.0,-5.843576810993071,-0.0029631773941218853,0.0
scan9_subset_uniform,scan9,subset_uniform,6,skip_frame,1,7,0.0241528262073795,0.023625376479079325,0.0005274497283001764,0.5057721138000488,0.0,-1.256603209099282,-0.0029631773941218853,0.8219985987519718
scan9_subset_uniform,scan9,subset_uniform,6,skip_frame,2,8,0.023619272901366156,0.021671163694312174,0.0019481092070539816,1.4753750165303572,0.0,8.300131790372646,-0.0029631773941218853,0.34256072183916997
scan9_subset_uniform,scan9,subset_uniform,6,skip_frame,4,10,0.017093877773731947,0.01485001870120565,0.0022438590725262966,1.581151485443117,0.0,4.899269131801611,-0.0029631773941218853,0.24275236542453216
scan9_subset_uniform,scan9,subset_uniform,6,skip_global,0,6,0.02716232370585203,0.024639053115000326,0.0025232705908517054,2.315846125284832,1.69029893041479,-19.5717660161504,0.0025232705908517054,0.0
scan9_subset_uniform,scan9,subset_uniform,6,skip_global,1,7,0.02342768603314956,0.023625376479079325,-0.0001976904459297657,-0.18795490264892578,2.3888811449179777,-18.081523290951374,0.0025232705908517054,0.9216530931535816
scan9_subset_uniform,scan9,subset_uniform,6,skip_global,2,8,0.022454421656827133,0.021671163694312174,0.0007832579625149591,0.7121338844299316,-2.3888811449179777,-7.769185896876847,0.0025232705908517054,0.6895862198233056
scan9_subset_uniform,scan9,subset_uniform,6,skip_global,4,10,0.016367189896603424,0.01485001870120565,0.0015171711953977738,1.1179765065511074,0.0,2.4282242529433917,0.0025232705908517054,0.3987283009208824
scan9_subset_uniform,scan9,subset_uniform,7,skip_frame,0,7,0.02237729060774048,0.023625376479079325,-0.0012480858713388443,-0.9243330955505371,2.3888811449179777,-6.444710368730156,-0.0012480858713388443,0.0
scan9_subset_uniform,scan9,subset_uniform,7,skip_frame,1,8,0.023199539476384718,0.021671163694312174,0.001528375782072544,1.2594103813171387,-1.1944405724589888,-12.908754477253584,-0.0012480858713388443,-0.22457582220126238
scan9_subset_uniform,scan9,subset_uniform,7,skip_frame,2,9,0.0210122000426054,0.018395754508674145,0.0026164455339312553,1.6606787045796736,0.0,20.273915652686647,-0.0012480858713388443,-1.0963665994588552
scan9_subset_uniform,scan9,subset_uniform,7,skip_frame,4,11,0.013365067852040132,0.011635698533306519,0.0017293693187336139,1.2025812466939296,0.0,1.392347117929102,-0.0012480858713388443,-0.38561725474745434
scan9_subset_uniform,scan9,subset_uniform,7,skip_global,0,7,0.02661210112273693,0.023625376479079325,0.002986724643657606,2.5170744260152205,3.5833217173769665,-17.029117996386685,0.002986724643657606,0.0
scan9_subset_uniform,scan9,subset_uniform,7,skip_global,1,8,0.022850422499080498,0.021671163694312174,0.001179258804768324,0.7849440574645996,-2.3888811449179777,-14.598041863767076,0.002986724643657606,0.6051665468149154
scan9_subset_uniform,scan9,subset_uniform,7,skip_global,2,9,0.02010395098477602,0.018395754508674145,0.0017081964761018753,1.2808960278828962,3.5833217173769665,19.29128730387853,0.002986724643657606,0.4280703178549523
scan9_subset_uniform,scan9,subset_uniform,7,skip_global,4,11,0.012836613381902376,0.011635698533306519,0.0012009148485958576,0.8555502891540527,0.0,-3.991168961304531,0.002986724643657606,0.5979157800348169
scan9_subset_uniform,scan9,subset_uniform,8,skip_frame,0,8,0.02142673994724949,0.021671163694312174,-0.0002444237470626831,-0.3493460019429513,-2.3888811449179777,0.8687173175297396,-0.0002444237470626831,0.0
scan9_subset_uniform,scan9,subset_uniform,8,skip_frame,1,9,0.020663181475053232,0.018395754508674145,0.0022674269663790873,1.630325476328533,0.0,0.6598610538986405,-0.0002444237470626831,-8.276623051677543
scan9_subset_uniform,scan9,subset_uniform,8,skip_frame,2,10,0.017668977069358032,0.01485001870120565,0.0028189583681523817,1.9946260452270526,0.0,20.709083671081203,-0.0002444237470626831,-10.533078933731641
scan9_subset_uniform,scan9,subset_uniform,8,skip_frame,4,12,0.010276763699948788,0.009370264519626895,0.0009064991803218927,0.585240364074707,0.0,-21.31928873389228,-0.0002444237470626831,-2.708719759088787
scan9_subset_uniform,scan9,subset_uniform,8,skip_global,0,8,0.024873552843928337,0.021671163694312174,0.003202389149616163,2.503943761189781,-2.3888811449179777,-13.747095702388453,0.003202389149616163,0.0
scan9_subset_uniform,scan9,subset_uniform,8,skip_global,1,9,0.020175239226470392,0.018395754508674145,0.0017794847177962474,1.1079392433166504,2.3888811449179777,2.442728061817684,0.003202389149616163,0.4443258971166776
scan9_subset_uniform,scan9,subset_uniform,8,skip_global,2,10,0.016867054315904777,0.01485001870120565,0.002017035614699127,1.458457787831625,0.0,2.001722472838579,0.003202389149616163,0.37014662476579774
scan9_subset_uniform,scan9,subset_uniform,8,skip_global,4,12,0.010114364326000214,0.009370264519626895,0.0007440998063733186,0.5262657801310233,0.0,0.05377543114378014,0.003202389149616163,0.7676422909244163
scan9_subset_uniform,scan9,subset_uniform,9,skip_frame,0,9,0.01937414410834511,0.018395754508674145,0.0009783895996709653,0.35263729095458984,1.1944405724589888,5.810002446945438,0.0009783895996709653,0.0
scan9_subset_uniform,scan9,subset_uniform,9,skip_frame,1,10,0.017095428115377825,0.01485001870120565,0.0022454094141721743,1.623149712880453,0.0,12.05694940179988,0.0009783895996709653,-1.295005399615154
scan9_subset_uniform,scan9,subset_uniform,9,skip_frame,2,11,0.013696495598802963,0.011635698533306519,0.0020607970654964447,1.4001421928405762,0.0,11.519673959549362,0.0009783895996709653,-1.1063153841675089
scan9_subset_uniform,scan9,subset_uniform,9,skip_frame,4,13,0.008387769805267453,0.007987244054675102,0.00040052575059235096,0.20151138305664062,1.1944405724589888,-1.475655344335621,0.0009783895996709653,0.590627546810546
scan9_subset_uniform,scan9,subset_uniform,9,skip_global,0,9,0.022540349047631025,0.018395754508674145,0.004144594538956881,3.099678198496502,1.1944405724589888,16.429410276212735,0.004144594538956881,0.0
scan9_subset_uniform,scan9,subset_uniform,9,skip_global,1,10,0.016645251618077356,0.01485001870120565,0.001795232916871706,1.2623583475748692,0.0,14.362126791882769,0.004144594538956881,0.5668495675517795
scan9_subset_uniform,scan9,subset_uniform,9,skip_global,2,11,0.013471737193564573,0.011635698533306519,0.0018360386602580547,1.3035798072814941,0.0,-7.4787494269122945,0.004144594538956881,0.5570040342908543
scan9_subset_uniform,scan9,subset_uniform,9,skip_global,4,13,0.00834384731327494,0.007987244054675102,0.0003566032585998382,0.1814255714416504,0.0,-8.81983711348531,0.004144594538956881,0.9139594343311592
scan9_subset_uniform,scan9,subset_uniform,10,skip_frame,0,10,0.016482082816461723,0.01485001870120565,0.0016320641152560728,0.7586679458618164,0.0,3.3057394322000144,0.0016320641152560728,0.0
scan9_subset_uniform,scan9,subset_uniform,10,skip_frame,1,11,0.013597155610720316,0.011635698533306519,0.0019614570774137974,1.4580200513203945,0.0,-6.993753986796771,0.0016320641152560728,-0.20182599389242895
scan9_subset_uniform,scan9,subset_uniform,10,skip_frame,2,12,0.010700955831756195,0.009370264519626895,0.0013306913121293,0.9144384066263846,0.0,0.5539849041920952,0.0016320641152560728,0.184657453288523
scan9_subset_uniform,scan9,subset_uniform,10,skip_frame,4,14,0.007272665000831087,0.007193548139184713,7.911686164637378e-05,0.0284411112467442,0.0,-1.197075887113753,0.0016320641152560728,0.9515234353192306
scan9_subset_uniform,scan9,subset_uniform,10,skip_global,0,10,0.01892582994575302,0.01485001870120565,0.004075811244547369,3.027802785237631,0.0,20.698442592093354,0.004075811244547369,0.0
scan9_subset_uniform,scan9,subset_uniform,10,skip_global,1,11,0.01309176068753004,0.011635698533306519,0.0014560621542235221,1.0087331136067714,0.0,-4.943002779696352,0.004075811244547369,0.6427552536512955
scan9_subset_uniform,scan9,subset_uniform,10,skip_global,2,12,0.010742468992248178,0.009370264519626895,0.0013722044726212825,0.9344058036804199,0.0,-17.32722053549484,0.004075811244547369,0.6633297298894738
scan9_subset_uniform,scan9,subset_uniform,10,skip_global,4,14,0.007237590849399567,0.007193548139184713,4.404271021485329e-05,0.014137585957845644,0.0,-1.26817346061853,0.004075811244547369,0.9891941241700597
scan9_subset_uniform,scan9,subset_uniform,11,skip_frame,0,11,0.013188231425980726,0.011635698533306519,0.0015525328926742077,0.7511774698893223,0.0,10.085190524176372,0.0015525328926742077,0.0
scan9_subset_uniform,scan9,subset_uniform,11,skip_frame,1,12,0.010656846842418114,0.009370264519626895,0.0012865823227912188,0.9768637021382656,0.0,-8.445526596417142,0.0015525328926742077,0.17130108556018686
scan9_subset_uniform,scan9,subset_uniform,11,skip_frame,2,13,0.008681458809102574,0.007987244054675102,0.0006942147544274722,0.47333510716756244,0.0,-23.43559065383948,0.0015525328926742077,0.5528502116102025
scan9_subset_uniform,scan9,subset_uniform,11,skip_frame,4,15,0.00673812519138058,0.006806477593878905,-6.835240249832529e-05,-0.036466519037881895,0.0,11.92017541506586,0.0015525328926742077,0.9559736203845642
scan9_subset_uniform,scan9,subset_uniform,11,skip_global,0,11,0.015353909383217493,0.011635698533306519,0.0037182108499109745,2.765157699584961,0.0,4.6544837074717655,0.0037182108499109745,0.0
scan9_subset_uniform,scan9,subset_uniform,11,skip_global,1,12,0.010497534337143103,0.009370264519626895,0.0011272698175162077,0.7556099891662598,0.0,-20.457380723652122,0.0037182108499109745,0.6968246656740302
scan9_subset_uniform,scan9,subset_uniform,11,skip_global,2,13,0.008912291300172607,0.007987244054675102,0.0009250472454975043,0.5012755393981934,0.0,-17.75164123344343,0.0037182108499109745,0.7512117298243985
scan9_subset_uniform,scan9,subset_uniform,11,skip_global,4,15,0.006795592916508515,0.006806477593878905,-1.088467737038988e-05,-0.014713764190673828,0.0,4.923862935455535,0.0037182108499109745,0.9970726035155724
scan9_subset_uniform,scan9,subset_uniform,12,skip_frame,0,12,0.010316055888930956,0.009370264519626895,0.0009457913693040609,0.4250030517578125,0.0,-22.15218331005089,0.0009457913693040609,0.0
scan9_subset_uniform,scan9,subset_uniform,12,skip_frame,1,13,0.00862772980084022,0.007987244054675102,0.0006404857461651172,0.5021855036417637,0.0,-5.166107849579241,0.0009457913693040609,0.3228044080837785
scan9_subset_uniform,scan9,subset_uniform,12,skip_frame,2,14,0.007503142347559333,0.007193548139184713,0.0003095942083746195,0.2812703450520839,0.0,19.777267482960255,0.0009457913693040609,0.6726612037045471
scan9_subset_uniform,scan9,subset_uniform,12,skip_frame,4,16,0.00659212547664841,0.006648048292845488,-5.592281619707772e-05,-0.002986113230388554,0.0,19.906863349976465,0.0009457913693040609,0.9408719322124632
scan9_subset_uniform,scan9,subset_uniform,12,skip_global,0,12,0.012229627774407467,0.009370264519626895,0.002859363254780572,2.0617426236470546,0.0,-14.604366498876587,0.002859363254780572,0.0
scan9_subset_uniform,scan9,subset_uniform,12,skip_global,1,13,0.00871859397739172,0.007987244054675102,0.0007313499227166176,0.43692557017008404,0.0,-23.458639038258934,0.002859363254780572,0.7442262988118515
scan9_subset_uniform,scan9,subset_uniform,12,skip_global,2,14,0.007702149140338103,0.007193548139184713,0.0005086010011533899,0.28287458419799805,0.0,12.231041621168151,0.002859363254780572,0.8221278809878181
scan9_subset_uniform,scan9,subset_uniform,12,skip_global,4,16,0.006527019975086053,0.006648048292845488,-0.00012102831775943467,-0.09110260009765625,0.0,10.946473572107474,0.002859363254780572,0.957672982767374
scan9_subset_uniform,scan9,subset_uniform,13,skip_frame,0,13,0.008361536854257187,0.007987244054675102,0.0003742927995820846,0.09195550282796283,0.0,-5.541058305569187,0.0003742927995820846,0.0
scan9_subset_uniform,scan9,subset_uniform,13,skip_frame,1,14,0.0074784608247379465,0.007193548139184713,0.0002849126855532331,0.25192832946777344,0.0,-0.6552316441713524,0.0003742927995820846,0.23879731089844247
scan9_subset_uniform,scan9,subset_uniform,13,skip_frame,2,15,0.00689561408944428,0.006806477593878905,8.91364955653744e-05,0.13518857955932617,0.0,2.5849255567047695,0.0003742927995820846,0.7618535658049007
scan9_subset_uniform,scan9,subset_uniform,13,skip_global,0,13,0.009985150148471197,0.007987244054675102,0.001997906093796095,1.3371168772379551,0.0,-10.51325189082209,0.001997906093796095,0.0
scan9_subset_uniform,scan9,subset_uniform,13,skip_global,1,14,0.00768411485478282,0.007193548139184713,0.0004905667155981064,0.30229679743448834,0.0,-1.4510179092909876,0.001997906093796095,0.7544595728891283
scan9_subset_uniform,scan9,subset_uniform,13,skip_global,2,15,0.007087039450804393,0.006806477593878905,0.0002805618569254875,0.1437681516011562,0.0,14.864920299806215,0.001997906093796095,0.8595720500594651
scan9_subset_uniform,scan9,subset_uniform,14,skip_frame,0,14,0.007235207362100482,0.007193548139184713,4.165922291576862e-05,-0.05214246114095111,0.0,-0.004232725146900762,4.165922291576862e-05,0.0
scan9_subset_uniform,scan9,subset_uniform,14,skip_frame,1,15,0.006907479061434667,0.006806477593878905,0.00010100146755576134,0.09286324183146277,1.1944405724589888,14.614998288629305,4.165922291576862e-05,-1.4244683526617297
scan9_subset_uniform,scan9,subset_uniform,14,skip_frame,2,16,0.006668105721473694,0.006648048292845488,2.0057428628206253e-05,0.08104244867960553,0.0,13.46847065721126,4.165922291576862e-05,0.5185356993153556
scan9_subset_uniform,scan9,subset_uniform,14,skip_global,0,14,0.008609353797510266,0.007193548139184713,0.001415805658325553,0.9655448595682774,0.0,10.143837481023963,0.001415805658325553,0.0
scan9_subset_uniform,scan9,subset_uniform,14,skip_global,1,15,0.007153788581490517,0.006806477593878905,0.0003473109876116114,0.2279060681660976,0.0,12.492495962084856,0.001415805658325553,0.7546902107861544
scan9_subset_uniform,scan9,subset_uniform,14,skip_global,2,16,0.006826542938748996,0.006648048292845488,0.00017849464590350816,0.11167565981546979,0.0,19.443936433385506,0.001415805658325553,0.8739271559949757
scan9_subset_uniform,scan9,subset_uniform,15,skip_frame,0,15,0.006687238424395521,0.006806477593878905,-0.00011923916948338407,-0.13475672403971295,0.0,-8.944317880291228,-0.00011923916948338407,0.0
scan9_subset_uniform,scan9,subset_uniform,15,skip_frame,1,16,0.006639094712833564,0.006648048292845488,-8.953580011923819e-06,0.005367279052734375,0.0,8.123029289636353,-0.00011923916948338407,0.9249107482824971
scan9_subset_uniform,scan9,subset_uniform,15,skip_global,0,15,0.007819943828508258,0.006806477593878905,0.0010134662346293526,0.7058289845784511,0.0,-7.798326792248998,0.0010134662346293526,0.0
scan9_subset_uniform,scan9,subset_uniform,15,skip_global,1,16,0.0069732397484282655,0.006648048292845488,0.00032519145558277795,0.244797945022583,0.0,8.77599238608181,0.0010134662346293526,0.6791294623626926
scan9_subset_uniform,scan9,subset_uniform,16,skip_frame,0,16,0.006507141282781959,0.006648048292845488,-0.00014090701006352901,-0.15311408042907715,0.0,10.305234317502839,-0.00014090701006352901,0.0
scan9_subset_uniform,scan9,subset_uniform,16,skip_global,0,16,0.00736568751744926,0.006648048292845488,0.0007176392246037722,0.5176096757252999,0.0,25.433748550557162,0.0007176392246037722,0.0
scan24_subset_middle,scan24,subset_middle,1,skip_frame,0,1,0.030279583297669888,0.0422253388290604,-0.01194575553139051,-9.41804091135661,11.907085001782509,42.097020306230704,-0.01194575553139051,0.0
scan24_subset_middle,scan24,subset_middle,1,skip_frame,1,2,0.025412265677005053,0.028334940628459055,-0.0029226749514540025,-1.884256362915039,10.771731399764043,11.774929734818237,-0.01194575553139051,0.7553377897468326
scan24_subset_middle,scan24,subset_middle,1,skip_frame,2,3,0.020485999528318644,0.01883854080612461,0.0016474587221940347,1.2013280391693115,2.9652775361763775,-5.254243401116426,-0.01194575553139051,0.8620883611869573
scan24_subset_middle,scan24,subset_middle,1,skip_frame,4,5,0.013731375491867462,0.01261584646999836,0.0011155290218691025,0.5473054250081386,1.69029893041479,3.7536586400426266,-0.01194575553139051,0.9066171227983223
scan24_subset_middle,scan24,subset_middle,1,skip_global,0,1,0.04596861513952414,0.0422253388290604,0.0037432763104637418,3.273704846700035,7.327713951830429,26.373063379252297,0.0037432763104637418,0.0
scan24_subset_middle,scan24,subset_middle,1,skip_global,1,2,0.04018609784543514,0.028334940628459055,0.011851157216976087,10.407399495442707,12.434121750343344,17.85615956288732,0.0037432763104637418,-2.1659851515230217
scan24_subset_middle,scan24,subset_middle,1,skip_global,2,3,0.02478994755074382,0.01883854080612461,0.005951406744619209,4.549006938934326,4.295566302358687,-1.0807706433009265,0.0037432763104637418,-0.5898924500932472
scan24_subset_middle,scan24,subset_middle,1,skip_global,4,5,0.0144600048661232,0.01261584646999836,0.0018441583961248398,1.4029178619384766,1.69029893041479,19.29537750218737,0.0037432763104637418,0.5073410982326407
scan24_subset_middle,scan24,subset_middle,2,skip_frame,0,2,0.024585344983885687,0.028334940628459055,-0.0037495956445733683,-2.3224989573160784,12.558044576071428,8.762879988127064,-0.0037495956445733683,0.0
scan24_subset_middle,scan24,subset_middle,2,skip_frame,1,3,0.02058946155011654,0.01883854080612461,0.0017509207439919301,1.1399413744608538,1.4787306903702753,-0.18720089985026434,-0.0037495956445733683,0.5330374499111754
scan24_subset_middle,scan24,subset_middle,2,skip_frame,2,4,0.017413345786432426,0.016483325511217117,0.000930020275215309,0.5356003443400077,0.9875763406141047,5.6005181616497195,-0.0037495956445733683,0.7519678484368606
scan24_subset_middle,scan24,subset_middle,2,skip_frame,4,6,0.010624891690288981,0.010689925091962019,-6.503340167303764e-05,-0.138458887736002,0.0,7.177075908380892,-0.0037495956445733683,0.9826558893711226
scan24_subset_middle,scan24,subset_middle,2,skip_global,0,2,0.051399567164480686,0.028334940628459055,0.02306462653602163,18.87566661834717,5.307324073955577,14.493403009943457,0.02306462653602163,0.0
scan24_subset_middle,scan24,subset_middle,2,skip_global,1,3,0.027758283851047356,0.01883854080612461,0.008919743044922747,6.841166814168293,3.186594448305007,-14.673526197414096,0.02306462653602163,0.6132717331888221
scan24_subset_middle,scan24,subset_middle,2,skip_global,2,4,0.018450535523394745,0.016483325511217117,0.0019672100121776274,1.5158573786417637,0.38124394170157894,18.55914847670478,0.02306462653602163,0.9147087853729043
scan24_subset_middle,scan24,subset_middle,2,skip_global,4,6,0.012351585707316795,0.010689925091962019,0.0016616606153547764,1.187651952107748,0.0,5.044848015001629,0.02306462653602163,0.9279563181844872
scan24_subset_middle,scan24,subset_middle,3,skip_frame,0,3,0.017989518586546183,0.01883854080612461,-0.0008490222195784262,-0.6558270454406756,2.6907360903492057,-10.765058162649332,-0.0008490222195784262,0.0
scan24_subset_middle,scan24,subset_middle,3,skip_frame,1,4,0.01647615898400545,0.016483325511217117,-7.166527211666107e-06,0.00523773829142371,0.7032862227028183,12.198217741942528,-0.0008490222195784262,0.9915590816748888
scan24_subset_middle,scan24,subset_middle,3,skip_frame,2,5,0.013553422720481953,0.01261584646999836,0.0009375762504835929,0.49598121643066406,1.69029893041479,18.28347686580034,-0.0008490222195784262,-0.10430119361203216
scan24_subset_middle,scan24,subset_middle,3,skip_frame,4,7,0.00890915320875744,0.008921954780817032,-1.280157205959219e-05,-0.07176216443379602,0.0,12.909487797667907,-0.0008490222195784262,0.9849219822939985
scan24_subset_middle,scan24,subset_middle,3,skip_global,0,3,0.03306868920723597,0.01883854080612461,0.014230148401111361,11.969061692555744,0.495858357955802,-1.1691112783827187,0.014230148401111361,0.0
scan24_subset_middle,scan24,subset_middle,3,skip_global,1,4,0.01848455984145403,0.016483325511217117,0.0020012343302369118,1.598194599151613,-0.49115434975617056,7.3632588254536016,0.014230148401111361,0.8593665874854393
scan24_subset_middle,scan24,subset_middle,3,skip_global,2,5,0.015218611961851517,0.01261584646999836,0.002602765491853157,2.0503040949503593,1.69029893041479,2.6348353320086844,0.014230148401111361,0.8170949860473778
scan24_subset_middle,scan24,subset_middle,3,skip_global,4,7,0.010042271188770732,0.008921954780817032,0.0011203164079537,0.7363107204437256,0.0,15.663984335355945,0.014230148401111361,0.9212716286313497
scan24_subset_middle,scan24,subset_middle,4,skip_frame,0,4,0.013784149816880623,0.016483325511217117,-0.0026991756943364944,-2.300287564595539,-0.49115434975617056,11.895991831862005,-0.0026991756943364944,0.0
scan24_subset_middle,scan24,subset_middle,4,skip_frame,1,5,0.013963609778632721,0.01261584646999836,0.0013477633086343612,1.0227119127909354,2.8847395028737792,4.437461276783782,-0.0026991756943364944,0.5006759613824747
scan24_subset_middle,scan24,subset_middle,4,skip_frame,2,6,0.011138790442297855,0.010689925091962019,0.0004488653503358364,0.25087841351827045,0.0,2.7924664930990604,-0.0026991756943364944,0.833702803682746
scan24_subset_middle,scan24,subset_middle,4,skip_frame,4,8,0.007579543783018987,0.007383403368294239,0.00019614041472474763,0.08726811408996582,0.0,-7.018152347433506,-0.0026991756943364944,0.9273332169016281
scan24_subset_middle,scan24,subset_middle,4,skip_global,0,4,0.023004956388225157,0.016483325511217117,0.00652163087700804,5.780792713165285,0.0,8.706095751932189,0.00652163087700804,0.0
scan24_subset_middle,scan24,subset_middle,4,skip_global,1,5,0.01686320671190818,0.01261584646999836,0.004247360241909821,3.0938466389973964,1.69029893041479,2.1779932913217195,0.00652163087700804,0.3487272858566931
scan24_subset_middle,scan24,subset_middle,4,skip_global,2,6,0.012465982077022394,0.010689925091962019,0.001776056985060375,1.3734925587972011,0.0,9.415623869295374,0.00652163087700804,0.7276667418694531
scan24_subset_middle,scan24,subset_middle,4,skip_global,4,8,0.007916956363866726,0.007383403368294239,0.0005335529955724869,0.3206906318664551,0.0,-5.660004947174005,0.00652163087700804,0.9181871826794853
scan24_subset_middle,scan24,subset_middle,5,skip_frame,0,5,0.0119241780291001,0.01261584646999836,-0.0006916684408982601,-0.6473266283671055,1.69029893041479,5.389073220749282,-0.0006916684408982601,0.0
scan24_subset_middle,scan24,subset_middle,5,skip_frame,1,6,0.011199759940306345,0.010689925091962019,0.000509834848344326,0.4141414960225429,0.0,1.6609763235515933,-0.0006916684408982601,0.2628912666852189
scan24_subset_middle,scan24,subset_middle,5,skip_frame,2,7,0.0095430847723037,0.008921954780817032,0.0006211299914866686,0.2794766426086426,0.0,13.464022478727344,-0.0006916684408982601,0.10198303875189707
scan24_subset_middle,scan24,subset_middle,5,skip_frame,4,9,0.006390982462714116,0.006348276588444908,4.27058742692079e-05,-0.014452616373697325,0.0,2.0699587662635537,-0.0006916684408982601,0.9382567257026411
scan24_subset_middle,scan24,subset_middle,5,skip_global,0,5,0.017342767988642056,0.01261584646999836,0.004726921518643696,3.755530834197998,1.1944405724589888,10.708281005660938,0.004726921518643696,0.0
scan24_subset_middle,scan24,subset_middle,5,skip_global,1,6,0.012402437316874662,0.010689925091962019,0.0017125122249126434,1.2387458483378104,0.0,19.497808443226287,0.004726921518643696,0.6377108826202772
scan24_subset_middle,scan24,subset_middle,5,skip_global,2,7,0.01020498868698875,0.008921954780817032,0.0012830339061717187,0.8960193792978934,0.0,2.6175317325440712,0.004726921518643696,0.7285688156422234
scan24_subset_middle,scan24,subset_middle,5,skip_global,4,9,0.006681427281970779,0.006348276588444908,0.0003331506935258712,0.14493624369303415,0.0,-3.296401692044011,0.004726921518643696,0.9295205786235556
scan24_subset_middle,scan24,subset_middle,6,skip_frame,0,6,0.009794105077162385,0.010689925091962019,-0.000895820014799634,-0.645209789276123,0.0,8.411288530081258,-0.000895820014799634,0.0
scan24_subset_middle,scan24,subset_middle,6,skip_frame,1,7,0.009385752181212107,0.008921954780817032,0.0004637974003950749,0.2266264756520595,0.0,-1.883299221159347,-0.000895820014799634,0.48226497205600904
scan24_subset_middle,scan24,subset_middle,6,skip_frame,2,8,0.00813138127947847,0.007383403368294239,0.0007479779111842309,0.24591565132141113,0.0,17.284742841994582,-0.000895820014799634,0.16503549951210983
scan24_subset_middle,scan24,subset_middle,6,skip_frame,4,10,0.005680499287943046,0.005654500021288793,2.5999266654253006e-05,-0.04388801256815533,0.0,1.5958724189130074,-0.000895820014799634,0.9709771313157496
scan24_subset_middle,scan24,subset_middle,6,skip_global,0,6,0.013619338783125082,0.010689925091962019,0.002929413691163063,2.423287232716879,0.0,8.571639600565181,0.002929413691163063,0.0
scan24_subset_middle,scan24,subset_middle,6,skip_global,1,7,0.009666345780715346,0.008921954780817032,0.0007443909998983145,0.5314368406931571,0.0,3.495679896024633,0.002929413691163063,0.7458907896334814
scan24_subset_middle,scan24,subset_middle,6,skip_global,2,8,0.008438272246470055,0.007383403368294239,0.0010548688781758155,0.7056305408477783,0.0,-1.64465500845394,0.002929413691163063,0.6399044350212613
scan24_subset_middle,scan24,subset_middle,6,skip_global,4,10,0.005838093891118963,0.005654500021288793,0.0001835938698301707,0.07061592737833688,0.0,1.2105403955497636,0.002929413691163063,0.9373274350481791
scan24_subset_middle,scan24,subset_middle,7,skip_frame,0,7,0.00840867628964285,0.008921954780817032,-0.0005132784911741819,-0.39512880643208703,0.0,-2.452686637710122,-0.0005132784911741819,0.0
scan24_subset_middle,scan24,subset_middle,7,skip_frame,1,8,0.0077565872731308145,0.007383403368294239,0.0003731839048365755,0.1647631327311192,0.0,-1.8870530593319774,-0.0005132784911741819,0.2729406915476321
scan24_subset_middle,scan24,subset_middle,7,skip_frame,2,9,0.006776904532064994,0.006348276588444908,0.0004286279436200857,0.06980085372924894,0.0,3.9993909793874423,-0.0005132784911741819,0.1649212834935837
scan24_subset_middle,scan24,subset_middle,7,skip_frame,4,11,0.0053186620740840835,0.005293022996435563,2.563907764852047e-05,-0.06956092516581247,0.0,-16.611986604386374,-0.0005132784911741819,0.9500484082435089
scan24_subset_middle,scan24,subset_middle,7,skip_global,0,7,0.011036418533573547,0.008921954780817032,0.0021144637527565156,1.6879327297210693,0.0,17.33178256825187,0.0021144637527565156,0.0
scan24_subset_middle,scan24,subset_middle,7,skip_global,1,8,0.008396049651006857,0.007383403368294239,0.001012646282712618,0.5618723233540859,0.0,9.946491744777514,0.0021144637527565156,0.5210860051904489
scan24_subset_middle,scan24,subset_middle,7,skip_global,2,9,0.0069283777847886086,0.006348276588444908,0.0005801011963437004,0.35231582323710153,0.0,2.7010329918359233,0.0021144637527565156,0.7256509147591427
scan24_subset_middle,scan24,subset_middle,7,skip_global,4,11,0.005367592365170519,0.005293022996435563,7.456936873495579e-05,-0.019300222396850586,0.0,-0.9126335484761192,0.0021144637527565156,0.9647336736618239
scan24_subset_middle,scan24,subset_middle,8,skip_frame,0,8,0.007189880823716521,0.007383403368294239,-0.00019352254457771778,-0.210284312566122,0.0,-2.784554430423638,-0.00019352254457771778,0.0
scan24_subset_middle,scan24,subset_middle,8,skip_frame,1,9,0.006673463232194384,0.006348276588444908,0.0003251866437494755,0.13659056027730276,0.0,-0.5579415224991884,-0.00019352254457771778,-0.6803553532176816
scan24_subset_middle,scan24,subset_middle,8,skip_frame,2,10,0.0060024129537244635,0.005654500021288793,0.0003479129324356709,0.05538797378540039,0.0,1.1451196341667114,-0.00019352254457771778,-0.7977901912919021
scan24_subset_middle,scan24,subset_middle,8,skip_frame,4,12,0.005171767164332171,0.0051217194413766265,5.00477229555445e-05,0.007481098175048828,0.0,3.1570161006608526,-0.00019352254457771778,0.7413855679463456
scan24_subset_middle,scan24,subset_middle,8,skip_global,0,8,0.00936457832964758,0.007383403368294239,0.001981174961353341,1.4750747680664062,0.0,-2.921488037255612,0.001981174961353341,0.0
scan24_subset_middle,scan24,subset_middle,8,skip_global,1,9,0.006960577176262935,0.006348276588444908,0.0006123005878180265,0.27187426884969046,0.0,2.5729038012222603,0.001981174961353341,0.6909406792624899
scan24_subset_middle,scan24,subset_middle,8,skip_global,2,10,0.006043954364334543,0.005654500021288793,0.0003894543430457507,0.15760111808776855,0.0,-1.7116010231158079,0.001981174961353341,0.8034225393300376
scan24_subset_middle,scan24,subset_middle,8,skip_global,4,12,0.005185758229345083,0.0051217194413766265,6.403878796845675e-05,-0.09203577041625977,0.0,14.113761779245406,0.001981174961353341,0.9676763591214015
scan24_subset_middle,scan24,subset_middle,9,skip_frame,0,9,0.0062897223979234695,0.006348276588444908,-5.855419052143863e-05,-0.1129300594329834,0.0,3.0228541810366814,-5.855419052143863e-05,0.0
scan24_subset_middle,scan24,subset_middle,9,skip_frame,1,10,0.005926196385795872,0.005654500021288793,0.0002716963645070791,0.1168673038482666,0.0,-16.694542282684573,-5.855419052143863e-05,-3.64008403305656
scan24_subset_middle,scan24,subset_middle,9,skip_frame,2,11,0.005437714047729969,0.005293022996435563,0.00014469105129440597,-0.004936536153158144,0.0,-5.0097673363312225,-5.855419052143863e-05,-1.471062275917379
scan24_subset_middle,scan24,subset_middle,9,skip_frame,4,13,0.005124077938186626,0.005051361940180262,7.271599800636429e-05,0.02784895896911621,0.0,-7.287409717016217,-5.855419052143863e-05,-0.24185813788580268
scan24_subset_middle,scan24,subset_middle,9,skip_global,0,9,0.00781745626591146,0.006348276588444908,0.0014691796774665518,0.985888322194417,0.0,-4.303964589125648,0.0014691796774665518,0.0
scan24_subset_middle,scan24,subset_middle,9,skip_global,1,10,0.0059592217827836675,0.005654500021288793,0.00030472176149487495,0.08603882789611816,0.0,-12.814312491104467,0.0014691796774665518,0.7925905413963144
scan24_subset_middle,scan24,subset_middle,9,skip_global,2,11,0.005538101152827342,0.005293022996435563,0.000245078156391779,0.059115727742512725,0.0,-8.144921877982195,0.0014691796774665518,0.8331870770126695
scan24_subset_middle,scan24,subset_middle,9,skip_global,4,13,0.005112939941075941,0.005051361940180262,6.1578000895679e-05,-0.07673239707946777,0.0,-8.697229881798297,0.0014691796774665518,0.9580868141316358
scan24_subset_middle,scan24,subset_middle,10,skip_frame,0,10,0.005726380816971262,0.005654500021288793,7.188079568246943e-05,-0.06063262621561627,0.0,0.9746399267521966,7.188079568246943e-05,0.0
scan24_subset_middle,scan24,subset_middle,10,skip_frame,1,11,0.005508979006359975,0.005293022996435563,0.00021595600992441177,0.06945530573526959,0.0,-14.633592891675287,7.188079568246943e-05,-2.0043630969026682
scan24_subset_middle,scan24,subset_middle,10,skip_frame,2,12,0.005193379824049771,0.0051217194413766265,7.166038267314434e-05,-0.029352664947509766,0.0,15.899673753086853,7.188079568246943e-05,0.0030663685235031712
scan24_subset_middle,scan24,subset_middle,10,skip_frame,4,14,0.0051690479352449374,0.005104947175520162,6.410075972477537e-05,0.021392265955607392,0.0,17.83227302176456,7.188079568246943e-05,0.10823525092935882
scan24_subset_middle,scan24,subset_middle,10,skip_global,0,10,0.006599293400843938,0.005654500021288793,0.0009447933795551453,0.5446931521097822,0.0,-11.85835455468833,0.0009447933795551453,0.0
scan24_subset_middle,scan24,subset_middle,10,skip_global,1,11,0.005493073646600048,0.005293022996435563,0.00020005065016448498,0.05599292119344046,0.0,-2.304009107569698,0.0009447933795551453,0.7882598941805894
scan24_subset_middle,scan24,subset_middle,10,skip_global,2,12,0.005256767695148786,0.0051217194413766265,0.00013504825377215913,0.04412714640299509,0.0,2.328080650769426,0.0009447933795551453,0.8570605418131249
scan24_subset_middle,scan24,subset_middle,10,skip_global,4,14,0.005159027952079971,0.005104947175520162,5.4080776559809265e-05,-0.024396896362304688,0.0,5.359346547721046,0.0009447933795551453,0.9427591495346072
scan24_subset_middle,scan24,subset_middle,11,skip_frame,0,11,0.0054694196830193205,0.005293022996435563,0.0001763966865837574,-0.043082316716512636,0.0,0.5792917511362461,0.0001763966865837574,0.0
scan24_subset_middle,scan24,subset_middle,11,skip_frame,1,12,0.005310795735567808,0.0051217194413766265,0.00018907629419118166,0.03703927993774414,0.0,2.982791315147052,0.0001763966865837574,-0.07188121190362429
scan24_subset_middle,scan24,subset_middle,11,skip_frame,2,13,0.005117698844211797,0.005051361940180262,6.633690403153557e-05,-0.01046649614969919,0.0,-1.5244577752203554,0.0001763966865837574,0.6239333894741996
scan24_subset_middle,scan24,subset_middle,11,skip_frame,4,15,0.005318265563497941,0.00525393383577466,6.433172772328088e-05,0.0023059844970703125,0.0,7.2586996571703,0.0001763966865837574,0.635300815626519
scan24_subset_middle,scan24,subset_middle,11,skip_global,0,11,0.005899321520701051,0.005293022996435563,0.0006062985242654877,0.2966317335764561,0.0,-11.671034838005633,0.0006062985242654877,0.0
scan24_subset_middle,scan24,subset_middle,11,skip_global,1,12,0.005277510499581695,0.0051217194413766265,0.0001557910582050681,0.09290393193562796,0.0,10.603721463851672,0.0006062985242654877,0.7430456252655335
scan24_subset_middle,scan24,subset_middle,11,skip_global,2,13,0.0051374007016420364,0.005051361940180262,8.60387614617748e-05,0.07588322957356741,0.0,-0.23479728652490195,0.0006062985242654877,0.8580917518049246
scan24_subset_middle,scan24,subset_middle,11,skip_global,4,15,0.005362524612185855,0.00525393383577466,0.00010859077641119531,0.011909325917562441,0.0,9.349444218755991,0.0006062985242654877,0.8208955290749722
scan24_subset_middle,scan24,subset_middle,12,skip_frame,0,12,0.005378099856898189,0.0051217194413766265,0.0002563804155215621,-0.02164173126220703,0.0,15.805725639418183,0.0002563804155215621,0.0
scan24_subset_middle,scan24,subset_middle,12,skip_frame,1,13,0.005291087785735726,0.005051361940180262,0.00023972584555546472,0.029465277989705108,0.0,-0.47840158616296335,0.0002563804155215621,0.06496038292244943
scan24_subset_middle,scan24,subset_middle,12,skip_frame,2,14,0.005172060724968712,0.005104947175520162,6.711354944854975e-05,-0.001962582270304658,0.0,-0.9905147982741402,0.0002563804155215621,0.7382266921128952
scan24_subset_middle,scan24,subset_middle,12,skip_frame,4,16,0.005544999226306875,0.005433911612878243,0.00011108761342863184,0.06368613243103027,0.0,6.368669001139807,0.0002563804155215621,0.5667078813229821
scan24_subset_middle,scan24,subset_middle,12,skip_global,0,12,0.005484251227850716,0.0051217194413766265,0.0003625317864740891,0.19747543334960938,0.0,6.79483326495661,0.0003625317864740891,0.0
scan24_subset_middle,scan24,subset_middle,12,skip_global,1,13,0.005188501090742648,0.005051361940180262,0.000137139150562386,0.09616279602050781,0.0,-3.689326751330192,0.0003625317864740891,0.6217182722205585
scan24_subset_middle,scan24,subset_middle,12,skip_global,2,14,0.005085961233514051,0.005104947175520162,-1.8985942006111145e-05,0.04991277058919241,0.0,13.37401712733097,0.0003625317864740891,0.9476295797652268
scan24_subset_middle,scan24,subset_middle,12,skip_global,4,16,0.005483035386229555,0.005433911612878243,4.9123773351311684e-05,0.0001494884490966797,0.0,0.2809809268323171,0.0003625317864740891,0.8644980242171878
scan24_subset_middle,scan24,subset_middle,13,skip_frame,0,13,0.005365695416306456,0.005051361940180262,0.000314333476126194,-0.004778385162353516,0.0,-12.829945335584641,0.000314333476126194,0.0
scan24_subset_middle,scan24,subset_middle,13,skip_frame,1,14,0.005391555139794946,0.005104947175520162,0.00028660796427478364,0.07073132197062204,0.0,19.495210872481465,0.000314333476126194,0.08820413337165378
scan24_subset_middle,scan24,subset_middle,13,skip_frame,2,15,0.005278750866030653,0.00525393383577466,2.4817030255992918e-05,-0.006575981775919004,0.0,2.4709113566640717,0.000314333476126194,0.9210487200986835
scan24_subset_middle,scan24,subset_middle,13,skip_global,0,13,0.005284203061213096,0.005051361940180262,0.00023284112103283405,0.16770529747009277,0.0,-1.6936805855319825,0.00023284112103283405,0.0
scan24_subset_middle,scan24,subset_middle,13,skip_global,1,14,0.0051120572024956346,0.005104947175520162,7.110026975472479e-06,0.08068561553955078,0.0,13.102848514293317,0.00023284112103283405,0.9694640407848326
scan24_subset_middle,scan24,subset_middle,13,skip_global,2,15,0.005153933501181503,0.00525393383577466,-0.00010000033459315726,0.018611351648966767,0.0,7.745554331696145,0.00023284112103283405,0.5705211598811375
scan24_subset_middle,scan24,subset_middle,14,skip_frame,0,14,0.005511238394925992,0.005104947175520162,0.0004062912194058299,0.057618697484334014,0.0,0.617947117809182,0.0004062912194058299,0.0
scan24_subset_middle,scan24,subset_middle,14,skip_frame,1,15,0.005586067059387763,0.00525393383577466,0.00033213322361310294,0.08885836601257324,0.0,-3.8786452588404714,0.0004062912194058299,0.1825242393896117
scan24_subset_middle,scan24,subset_middle,14,skip_frame,2,16,0.005473583082978924,0.005433911612878243,3.967147010068041e-05,0.005019028981527285,0.0,2.107393467852706,0.0004062912194058299,0.9023570576821794
scan24_subset_middle,scan24,subset_middle,14,skip_global,0,14,0.005148650108215709,0.005104947175520162,4.370293269554716e-05,0.1340015729268389,0.0,8.74064425392324,4.370293269554716e-05,0.0
scan24_subset_middle,scan24,subset_middle,14,skip_global,1,15,0.005128628496701519,0.00525393383577466,-0.00012530533907314113,0.038413921991984346,0.0,-5.076107629718235,4.370293269554716e-05,-1.8672066459720296
scan24_subset_middle,scan24,subset_middle,14,skip_global,2,16,0.005299141746945679,0.005433911612878243,-0.00013476986593256423,0.01290194193522165,0.0,4.355690945731478,4.370293269554716e-05,-2.083771674350261
scan24_subset_middle,scan24,subset_middle,15,skip_frame,0,15,0.0057536396974076824,0.00525393383577466,0.0004997058616330223,0.12364665667216013,0.0,4.730379097555559,0.0004997058616330223,0.0
scan24_subset_middle,scan24,subset_middle,15,skip_frame,1,16,0.005827107932418585,0.005433911612878243,0.0003931963195403414,0.12417252858479877,0.0,-1.6393148054857205,0.0004997058616330223,0.21314447211928078
scan24_subset_middle,scan24,subset_middle,15,skip_global,0,15,0.005103858343015115,0.00525393383577466,-0.00015007549275954536,0.09568238258361816,0.0,3.925560369719303,-0.00015007549275954536,0.0
scan24_subset_middle,scan24,subset_middle,15,skip_global,1,16,0.005179756321012974,0.005433911612878243,-0.00025415529186526963,0.005421559015910127,0.0,14.046253505723366,-0.00015007549275954536,-0.6935162909808565
scan24_subset_middle,scan24,subset_middle,16,skip_frame,0,16,0.005965423847859104,0.005433911612878243,0.0005315122349808608,0.15868186950683594,0.0,16.771090347147016,0.0005315122349808608,0.0
scan24_subset_middle,scan24,subset_middle,16,skip_global,0,16,0.005166816214720408,0.005433911612878243,-0.000267095398157835,0.05543772379557321,0.0,5.497629810605186,-0.000267095398157835,0.0
scan24_subset_uniform,scan24,subset_uniform,1,skip_frame,0,1,0.026939936292668182,0.02479046272734801,0.0021494735653201716,2.289407412211098,17.12904722133416,39.442212291576226,0.0021494735653201716,0.0
scan24_subset_uniform,scan24,subset_uniform,1,skip_frame,1,2,0.02236485481262207,0.02132528740912676,0.0010395674034953117,0.848094145456951,15.912141587512574,7.092191384593033,0.0021494735653201716,0.5163618570296469
scan24_subset_uniform,scan24,subset_uniform,1,skip_frame,2,3,0.018926521763205528,0.015217106323689222,0.003709415439516306,2.5005249977111834,4.583459345057156,6.642374264615224,0.0021494735653201716,-0.7257320580091784
scan24_subset_uniform,scan24,subset_uniform,1,skip_frame,4,5,0.011439584661275148,0.009449254410962263,0.0019903302503128852,1.300968249638876,0.0,-5.307842777019577,0.0021494735653201716,0.07403827503390648
scan24_subset_uniform,scan24,subset_uniform,1,skip_global,0,1,0.032221224469443165,0.02479046272734801,0.007430761742095154,6.484673500061035,27.37967389183153,47.97858783890004,0.007430761742095154,0.0
scan24_subset_uniform,scan24,subset_uniform,1,skip_global,1,2,0.025883628676335018,0.02132528740912676,0.0045583412672082595,4.279875755310059,17.75886650636825,10.463830598552502,0.007430761742095154,0.3865580104142857
scan24_subset_uniform,scan24,subset_uniform,1,skip_global,2,3,0.021506644164522488,0.015217106323689222,0.006289537840833265,4.896863778432211,2.039004135501642,4.909770245272341,0.007430761742095154,0.15358101105528277
scan24_subset_uniform,scan24,subset_uniform,1,skip_global,4,5,0.010908886324614286,0.009449254410962263,0.0014596319136520233,1.0918047428131104,2.884739502873778,6.838952249357021,0.007430761742095154,0.8035690062052144
scan24_subset_uniform,scan24,subset_uniform,2,skip_frame,0,2,0.02290527429431677,0.02132528740912676,0.00157998688519001,1.5969236691792794,12.314232151320146,9.545084777821156,0.00157998688519001,0.0
scan24_subset_uniform,scan24,subset_uniform,2,skip_frame,1,3,0.02009174693375826,0.015217106323689222,0.0048746406100690365,3.2724835077921544,5.228843635140446,3.6800473701602954,0.00157998688519001,-2.0852411850765518
scan24_subset_uniform,scan24,subset_uniform,2,skip_frame,2,4,0.015171306673437357,0.011641953606158495,0.003529353067278862,2.3909770647684727,1.7037233826372349,4.256150276727798,0.00157998688519001,-1.2337863056720373
scan24_subset_uniform,scan24,subset_uniform,2,skip_frame,4,6,0.00906951593545576,0.008034994670500359,0.0010345212649554014,0.815020004908245,-1.1944405724589888,-19.84226587540572,0.00157998688519001,0.34523427083321057
scan24_subset_uniform,scan24,subset_uniform,2,skip_global,0,2,0.02586286732306083,0.02132528740912676,0.004537579913934071,3.4840545654296875,8.221561029420526,6.658354915134556,0.004537579913934071,0.0
scan24_subset_uniform,scan24,subset_uniform,2,skip_global,1,3,0.01966330936799447,0.015217106323689222,0.004446203044305246,3.5351319313049334,4.760411617205616,6.255799787153276,0.004537579913934071,0.02013779842162622
scan24_subset_uniform,scan24,subset_uniform,2,skip_global,2,4,0.013969105202704668,0.011641953606158495,0.002327151596546173,1.5215551058451329,-0.3173382728016092,-1.6742299498969864,0.004537579913934071,0.48713815719257747
scan24_subset_uniform,scan24,subset_uniform,2,skip_global,4,6,0.00863953516818583,0.008034994670500359,0.0006045404976854716,0.3501488367716483,0.0,-4.665800761744045,0.004537579913934071,0.8667702808210519
scan24_subset_uniform,scan24,subset_uniform,3,skip_frame,0,3,0.020961205009371042,0.015217106323689222,0.00574409868568182,4.050844351450602,2.0684698561722925,2.145100096348191,0.00574409868568182,0.0
scan24_subset_uniform,scan24,subset_uniform,3,skip_frame,1,4,0.014540971877674261,0.011641953606158495,0.002899018271515766,2.09702984491984,4.173555218120165,3.9340204839278172,0.00574409868568182,0.4953049329145265
scan24_subset_uniform,scan24,subset_uniform,3,skip_frame,2,5,0.011582822849353155,0.009449254410962263,0.002133568438390892,1.706766525904337,-2.3888811449179777,-5.872093224303844,0.00574409868568182,0.6285634082664373
scan24_subset_uniform,scan24,subset_uniform,3,skip_frame,4,7,0.007159048458561301,0.007324770636235674,-0.0001657221776743727,-0.06478826204935739,0.0,3.1636470404061745,0.00574409868568182,0.9711491416246966
scan24_subset_uniform,scan24,subset_uniform,3,skip_global,0,3,0.02006693184375763,0.015217106323689222,0.004849825520068407,4.459017912546793,3.2301616636995814,6.554917285257311,0.004849825520068407,0.0
scan24_subset_uniform,scan24,subset_uniform,3,skip_global,1,4,0.01410273757452766,0.011641953606158495,0.0024607839683691655,1.7077611287434884,0.004704008199629683,4.365757595137968,0.004849825520068407,0.4926036084831241
scan24_subset_uniform,scan24,subset_uniform,3,skip_global,2,5,0.011460517067462206,0.009449254410962263,0.0020112626564999427,1.613651355107626,1.69029893041479,-7.100016131126173,0.004849825520068407,0.5852917495325536
scan24_subset_uniform,scan24,subset_uniform,3,skip_global,4,7,0.0074563668264697,0.007324770636235674,0.0001315961902340259,0.01748077074686627,3.5833217173769665,14.466416114332993,0.004849825520068407,0.9728657887403401
scan24_subset_uniform,scan24,subset_uniform,4,skip_frame,0,4,0.015306765989710888,0.011641953606158495,0.003664812383552393,1.9006164868672677,4.977760474017685,-2.1117567492196834,0.003664812383552393,0.0
scan24_subset_uniform,scan24,subset_uniform,4,skip_frame,1,5,0.010816946780929962,0.009449254410962263,0.001367692369967699,1.0394524733225499,0.49585835795580113,-0.12680114570691714,0.003664812383552393,0.6268042598562819
scan24_subset_uniform,scan24,subset_uniform,4,skip_frame,2,6,0.00917241668018202,0.008034994670500359,0.0011374220096816608,0.8058412869771328,-2.3888811449179777,-17.316409431042707,0.003664812383552393,0.689637042598309
scan24_subset_uniform,scan24,subset_uniform,4,skip_frame,4,8,0.006193489069119096,0.00653479613053302,-0.0003413070614139242,-0.3148472309112549,1.1944405724589888,-0.22237146487735693,0.003664812383552393,0.9068691584470453
scan24_subset_uniform,scan24,subset_uniform,4,skip_global,0,4,0.015831409643093746,0.011641953606158495,0.004189456036935251,3.1972055435180664,2.5674012300721705,3.577171060881561,0.004189456036935251,0.0
scan24_subset_uniform,scan24,subset_uniform,4,skip_global,1,5,0.011941212074210247,0.009449254410962263,0.002491957663247984,1.9915723005930577,2.186157288370591,1.6178555962001084,0.004189456036935251,0.4051834793638396
scan24_subset_uniform,scan24,subset_uniform,4,skip_global,2,6,0.009647504659369588,0.008034994670500359,0.0016125099888692294,1.0171578725179042,1.1944405724589888,-16.401781485115897,0.004189456036935251,0.6151027783433091
scan24_subset_uniform,scan24,subset_uniform,4,skip_global,4,8,0.006925706751644611,0.00653479613053302,0.00039091062111159137,0.18800052007039358,0.0,-3.447053555954442,0.004189456036935251,0.9066917953869835
scan24_subset_uniform,scan24,subset_uniform,5,skip_frame,0,5,0.011657246854156256,0.009449254410962263,0.0022079924431939926,1.4023675123850499,2.3888811449179785,4.786510428141423,0.0022079924431939926,0.0
scan24_subset_uniform,scan24,subset_uniform,5,skip_frame,1,6,0.008218138478696346,0.008034994670500359,0.00018314380819598776,0.16901183128356934,1.1944405724589888,-11.78865962456263,0.0022079924431939926,0.9170541508144568
scan24_subset_uniform,scan24,subset_uniform,5,skip_frame,2,7,0.007714280936246117,0.007324770636235674,0.00038951030001044273,0.20667322476704886,0.0,6.049258637485699,0.0022079924431939926,0.823590745878191
scan24_subset_uniform,scan24,subset_uniform,5,skip_frame,4,9,0.005598378522942464,0.00584340700879693,-0.00024502848585446647,-0.21260778109232614,0.0,5.4202904046943665,0.0022079924431939926,0.8890265740674284
scan24_subset_uniform,scan24,subset_uniform,5,skip_global,0,5,0.012170085528244575,0.009449254410962263,0.0027208311172823123,2.1859700679779053,2.186157288370591,2.876382072733179,0.0027208311172823123,0.0
scan24_subset_uniform,scan24,subset_uniform,5,skip_global,1,6,0.010478304233402014,0.008034994670500359,0.0024433095629016553,1.7577811876932792,4.079180075332768,-3.801376538272777,0.0027208311172823123,0.1019988166916651
scan24_subset_uniform,scan24,subset_uniform,5,skip_global,2,7,0.007965055216724673,0.007324770636235674,0.0006402845804889994,0.3864783445994062,2.3888811449179777,10.09067249803725,0.0027208311172823123,0.7646731631294543
scan24_subset_uniform,scan24,subset_uniform,5,skip_global,4,9,0.0062102283506343765,0.00584340700879693,0.0003668213418374462,0.26307249069213867,0.0,2.362628974890967,0.0027208311172823123,0.8651804077410568
scan24_subset_uniform,scan24,subset_uniform,6,skip_frame,0,6,0.008515339344739914,0.008034994670500359,0.0004803446742395554,0.4709361394246425,0.0,-1.2435854199367142,0.0004803446742395554,0.0
scan24_subset_uniform,scan24,subset_uniform,6,skip_frame,1,7,0.007287941174581647,0.007324770636235674,-3.6829461654027014e-05,-0.10706146558125873,3.5833217173769665,11.067801815298505,0.0004803446742395554,0.9233270115624107
scan24_subset_uniform,scan24,subset_uniform,6,skip_frame,2,8,0.006809062634905179,0.00653479613053302,0.00027426650437215906,-0.016147057215373017,0.0,-5.38818028023701,0.0004803446742395554,0.4290214525510112
scan24_subset_uniform,scan24,subset_uniform,6,skip_frame,4,10,0.005161535770942767,0.00521309037382404,-5.155460288127321e-05,-0.08443792661031058,0.0,-1.135478003953498,0.0004803446742395554,0.8926716467443082
scan24_subset_uniform,scan24,subset_uniform,6,skip_global,0,6,0.010327511932700872,0.008034994670500359,0.002292517262200514,1.549014727274578,3.5833217173769674,-10.921744196313304,0.002292517262200514,0.0
scan24_subset_uniform,scan24,subset_uniform,6,skip_global,1,7,0.008655110839754343,0.007324770636235674,0.001330340203518669,0.8246616522471113,2.3888811449179777,20.736478119099097,0.002292517262200514,0.4197032993148684
scan24_subset_uniform,scan24,subset_uniform,6,skip_global,2,8,0.007132186321541667,0.00653479613053302,0.000597390191008647,0.32210731506347656,1.1944405724589888,-5.037180629623658,0.002292517262200514,0.7394173641095154
scan24_subset_uniform,scan24,subset_uniform,6,skip_global,4,10,0.005601127011080583,0.00521309037382404,0.00038803663725654226,0.325272162755331,1.1944405724589888,-8.828911998079983,0.002292517262200514,0.8307377468189363
scan24_subset_uniform,scan24,subset_uniform,7,skip_frame,0,7,0.007256570582588513,0.007324770636235674,-6.820005364716053e-05,-0.01964529355367084,2.3888811449179777,21.859206258732403,-6.820005364716053e-05,0.0
scan24_subset_uniform,scan24,subset_uniform,7,skip_frame,1,8,0.006410233133162062,0.00653479613053302,-0.00012456299737095833,-0.2649576663970947,1.1944405724589888,6.158857560455015,-6.820005364716053e-05,-0.8264354748956189
scan24_subset_uniform,scan24,subset_uniform,7,skip_frame,2,9,0.00608588110965987,0.00584340700879693,0.00024247410086293986,-0.015470822652181582,0.0,7.458687542707429,-6.820005364716053e-05,-2.5553359256490134
scan24_subset_uniform,scan24,subset_uniform,7,skip_frame,4,11,0.004772217750238876,0.004841569849910836,-6.935209967195988e-05,-0.10118563969929983,0.0,17.155094681342533,-6.820005364716053e-05,-0.016892157163974852
scan24_subset_uniform,scan24,subset_uniform,7,skip_global,0,7,0.008462441076214114,0.007324770636235674,0.0011376704399784403,0.7033278942108145,2.3888811449179777,3.3643459237341604,0.0011376704399784403,0.0
scan24_subset_uniform,scan24,subset_uniform,7,skip_global,1,8,0.0075349318018804,0.00653479613053302,0.0010001356713473797,0.5143808523813878,1.1944405724589888,8.05292657587287,0.0011376704399784403,0.12089157263650707
scan24_subset_uniform,scan24,subset_uniform,7,skip_global,2,9,0.006299721697966258,0.00584340700879693,0.0004563146891693277,0.32881951332092285,1.1944405724589888,-0.42964464540532177,0.0011376704399784403,0.5989043284116837
scan24_subset_uniform,scan24,subset_uniform,7,skip_global,4,11,0.005145489160592358,0.004841569849910836,0.0003039193106815219,0.2360548178354902,0.0,19.27256338969905,0.0011376704399784403,0.7328582162271164
scan24_subset_uniform,scan24,subset_uniform,8,skip_frame,0,8,0.006461755217363437,0.00653479613053302,-7.304091316958326e-05,-0.16329685846964548,1.1944405724589888,7.1529728822779575,-7.304091316958326e-05,0.0
scan24_subset_uniform,scan24,subset_uniform,8,skip_frame,1,9,0.0057100653648376465,0.00584340700879693,-0.00013334164395928383,-0.20930178960164447,0.0,3.7673106318352723,-7.304091316958326e-05,-0.8255747111169998
scan24_subset_uniform,scan24,subset_uniform,8,skip_frame,2,10,0.005364295095205307,0.00521309037382404,0.00015120472138126662,-0.049644152323404356,0.0,-16.312551289042524,-7.304091316958326e-05,-1.0701373356355224
scan24_subset_uniform,scan24,subset_uniform,8,skip_frame,4,12,0.004666988233414789,0.004811883011522393,-0.00014489477810760397,-0.15109030405680368,0.0,-15.432015663175395,-7.304091316958326e-05,-0.983748173728243
scan24_subset_uniform,scan24,subset_uniform,8,skip_global,0,8,0.007778234702224533,0.00653479613053302,0.001243438571691513,0.7921037673950186,2.3888811449179777,-4.565226217322134,0.001243438571691513,0.0
scan24_subset_uniform,scan24,subset_uniform,8,skip_global,1,9,0.006531972127656142,0.00584340700879693,0.0006885651188592119,0.3956715265909825,0.0,-2.0536225368075156,0.001243438571691513,0.44624114569445794
scan24_subset_uniform,scan24,subset_uniform,8,skip_global,2,10,0.005744277189175288,0.00521309037382404,0.0005311868153512478,0.43930896123250385,1.1944405724589888,-5.892107083741106,0.001243438571691513,0.5728081567964816
scan24_subset_uniform,scan24,subset_uniform,8,skip_global,4,12,0.005097311222925782,0.004811883011522393,0.0002854282114033895,0.28704063097635935,0.0,-3.892523136016875,0.001243438571691513,0.7704525033230175
scan24_subset_uniform,scan24,subset_uniform,9,skip_frame,0,9,0.005842443012321989,0.00584340700879693,-9.639964749412824e-07,-0.1824952761332197,1.1944405724589888,-3.1027194940668865,-9.639964749412824e-07,0.0
scan24_subset_uniform,scan24,subset_uniform,9,skip_frame,1,10,0.0050474599314232664,0.00521309037382404,-0.00016563044240077394,-0.173157374064127,0.0,-20.719864333166758,-9.639964749412824e-07,
scan24_subset_uniform,scan24,subset_uniform,9,skip_frame,2,11,0.004917425103485584,0.004841569849910836,7.585525357474854e-05,-0.08701316515604685,1.1944405724589888,-0.06433214662322229,-9.639964749412824e-07,
scan24_subset_uniform,scan24,subset_uniform,9,skip_frame,4,13,0.004814793239347637,0.005039917033476134,-0.00022512379412849715,-0.17751653989156058,0.0,-3.482243739988455,-9.639964749412824e-07,
scan24_subset_uniform,scan24,subset_uniform,9,skip_global,0,9,0.006874033094694217,0.00584340700879693,0.0010306260858972864,0.7053539752960205,1.1944405724589888,-2.865887611582112,0.0010306260858972864,0.0
scan24_subset_uniform,scan24,subset_uniform,9,skip_global,1,10,0.00583821046166122,0.00521309037382404,0.0006251200878371792,0.37824424107869525,0.0,-18.317460098489768,0.0010306260858972864,0.3934559813776347
scan24_subset_uniform,scan24,subset_uniform,9,skip_global,2,11,0.005139851321776708,0.004841569849910836,0.00029828147186587196,0.2536787192026777,0.0,13.286253945612211,0.0010306260858972864,0.7105822606787782
scan24_subset_uniform,scan24,subset_uniform,9,skip_global,4,13,0.005352369393222034,0.005039917033476134,0.0003124523597459001,0.26666847864786813,0.0,-8.239688066886522,0.0010306260858972864,0.6968324749185133
scan24_subset_uniform,scan24,subset_uniform,10,skip_frame,0,10,0.005306330897534887,0.00521309037382404,9.32405237108469e-05,-0.08234675725301077,0.0,-10.752804269669808,9.32405237108469e-05,0.0
scan24_subset_uniform,scan24,subset_uniform,10,skip_frame,1,11,0.00470788423748066,0.004841569849910836,-0.00013368561243017572,-0.1405176321665449,0.0,-4.427033570059681,9.32405237108469e-05,-0.4337715738787056
scan24_subset_uniform,scan24,subset_uniform,10,skip_frame,2,12,0.00468910054769367,0.004811883011522393,-0.00012278246382872293,-0.15370615323384573,0.0,-9.440154511486426,9.32405237108469e-05,-0.3168358449968609
scan24_subset_uniform,scan24,subset_uniform,10,skip_frame,4,14,0.00513445617010196,0.0054652919837584095,-0.0003308358136564493,-0.1917270024617519,0.0,3.9832734227065494,9.32405237108469e-05,-2.548197720150325
scan24_subset_uniform,scan24,subset_uniform,10,skip_global,0,10,0.0060918249655514956,0.00521309037382404,0.0008787345917274552,0.568897883097331,0.0,-11.903006880813384,0.0008787345917274552,0.0
scan24_subset_uniform,scan24,subset_uniform,10,skip_global,1,11,0.005251894627387325,0.004841569849910836,0.00041032477747648954,0.24549357096354196,0.0,-0.16009977644070705,0.0008787345917274552,0.5330503870686881
scan24_subset_uniform,scan24,subset_uniform,10,skip_global,2,12,0.004837243740136425,0.004811883011522393,2.536072861403227e-05,0.11257060368855765,0.0,-8.292141500686887,0.0008787345917274552,0.971139489838249
scan24_subset_uniform,scan24,subset_uniform,10,skip_global,4,14,0.005759196899210413,0.0054652919837584095,0.0002939049154520035,0.25234254201253226,0.0,-0.958056725482038,0.0008787345917274552,0.6655361946384377
scan24_subset_uniform,scan24,subset_uniform,11,skip_frame,0,11,0.005086485218877594,0.004841569849910836,0.00024491536896675825,0.0030999183654785156,0.0,-2.0378956527175927,0.00024491536896675825,0.0
scan24_subset_uniform,scan24,subset_uniform,11,skip_frame,1,12,0.004691675926248233,0.004811883011522393,-0.00012020708527415991,-0.10973604520161917,0.0,0.61634684361794,0.00024491536896675825,0.5091892935045848
scan24_subset_uniform,scan24,subset_uniform,11,skip_frame,2,13,0.0047906430360550685,0.005039917033476134,-0.0002492739974210654,-0.1669469674428301,0.0,9.539417499505134,0.00024491536896675825,-0.01779646770513099
scan24_subset_uniform,scan24,subset_uniform,11,skip_frame,4,15,0.005523444851860404,0.005839243686447541,-0.0003157988345871372,-0.18392006556193063,0.0,-3.7568654761122726,0.00024491536896675825,-0.28942024307996683
scan24_subset_uniform,scan24,subset_uniform,11,skip_global,0,11,0.005388739674041669,0.004841569849910836,0.0005471698241308331,0.34959991772969534,0.0,6.441376524937153,0.0005471698241308331,0.0
scan24_subset_uniform,scan24,subset_uniform,11,skip_global,1,12,0.004942293822144468,0.004811883011522393,0.00013041081062207562,0.0810543696085615,0.0,-1.728926460509463,0.0005471698241308331,0.7616630068567282
scan24_subset_uniform,scan24,subset_uniform,11,skip_global,2,13,0.004903004116689165,0.005039917033476134,-0.0001369129167869687,-0.002531131108601592,0.0,-4.835585177245401,0.0005471698241308331,0.7497798475921954
scan24_subset_uniform,scan24,subset_uniform,11,skip_global,4,15,0.006237924487019579,0.005839243686447541,0.0003986808005720377,0.29459198315938284,0.0,-2.2466488409678558,0.0005471698241308331,0.27137648497825495
scan24_subset_uniform,scan24,subset_uniform,12,skip_frame,0,12,0.005115089860434334,0.004811883011522393,0.00030320684891194105,0.025382121404011748,1.1944405724589888,-1.849273397615832,0.00030320684891194105,0.0
scan24_subset_uniform,scan24,subset_uniform,12,skip_frame,1,13,0.005010903541309138,0.005039917033476134,-2.9013492166996002e-05,-0.07013352711995413,0.0,9.18914956848053,0.00030320684891194105,0.9043112242645209
scan24_subset_uniform,scan24,subset_uniform,12,skip_frame,2,14,0.005110519006848335,0.0054652919837584095,-0.00035477297691007426,-0.20328529675801654,0.0,-12.587360868567036,0.00030320684891194105,-0.170069139873253
scan24_subset_uniform,scan24,subset_uniform,12,skip_frame,4,16,0.005743322195485234,0.006110363717501362,-0.0003670415220161276,-0.2284069061279297,0.0,15.912601202325467,0.00030320684891194105,-0.21053176514072014
scan24_subset_uniform,scan24,subset_uniform,12,skip_global,0,12,0.004951860833292206,0.004811883011522393,0.00013997782176981312,0.1623539129892988,0.0,-5.619548331550893,0.00013997782176981312,0.0
scan24_subset_uniform,scan24,subset_uniform,12,skip_global,1,13,0.004987055785022676,0.005039917033476134,-5.286124845345786e-05,-0.0024608771006269237,1.1944405724589888,0.9251402651766476,0.00013997782176981312,0.622359829685122
scan24_subset_uniform,scan24,subset_uniform,12,skip_global,2,14,0.005279430886730552,0.0054652919837584095,-0.0001858610970278578,-0.03628087043762207,0.0,-7.39408670640295,0.00013997782176981312,-0.32778960751009234
scan24_subset_uniform,scan24,subset_uniform,12,skip_global,4,16,0.006570292093480627,0.006110363717501362,0.00045992837597926516,0.3141347567240391,0.0,15.98845264085343,0.00013997782176981312,-2.285723196461762
scan24_subset_uniform,scan24,subset_uniform,13,skip_frame,0,13,0.005439757369458675,0.005039917033476134,0.00039984033598254153,0.09024858474731445,0.0,-10.550614003864371,0.00039984033598254153,0.0
scan24_subset_uniform,scan24,subset_uniform,13,skip_frame,1,14,0.005519857242082556,0.0054652919837584095,5.456525832414627e-05,-0.012762069702148438,0.0,1.527928489601024,0.00039984033598254153,0.863532381769185
scan24_subset_uniform,scan24,subset_uniform,13,skip_frame,2,15,0.005489220144227147,0.005839243686447541,-0.0003500235422203941,-0.2191941738128662,0.0,-5.837739329343281,0.00039984033598254153,0.12459171644034084
scan24_subset_uniform,scan24,subset_uniform,13,skip_global,0,13,0.004785721772350371,0.005039917033476134,-0.00025419526112576297,-0.0061379273732500295,0.0,3.487695689476105,-0.00025419526112576297,0.0
scan24_subset_uniform,scan24,subset_uniform,13,skip_global,1,14,0.0052250048611313105,0.0054652919837584095,-0.00024028712262709907,-0.0809938112894697,0.0,1.828382143461436,-0.00025419526112576297,0.05471438939132256
scan24_subset_uniform,scan24,subset_uniform,13,skip_global,2,15,0.005728136903295915,0.005839243686447541,-0.00011110678315162659,-0.020076195398966767,0.0,-7.6056663123091255,-0.00025419526112576297,0.5629077321915275
scan24_subset_uniform,scan24,subset_uniform,14,skip_frame,0,14,0.005853412362436454,0.0054652919837584095,0.00038812037867804426,0.14775745073954205,0.0,-14.959133225600826,0.00038812037867804426,0.0
scan24_subset_uniform,scan24,subset_uniform,14,skip_frame,1,15,0.006018625572323799,0.005839243686447541,0.00017938188587625793,0.050464789072671934,0.0,-6.953804459358677,0.00038812037867804426,0.5378189455363287
scan24_subset_uniform,scan24,subset_uniform,14,skip_frame,2,16,0.0058819955835739774,0.006110363717501362,-0.00022836813392738443,-0.17227594057718942,0.0,6.403441876623786,0.00038812037867804426,0.41160488736711864
scan24_subset_uniform,scan24,subset_uniform,14,skip_global,0,14,0.004927837057039142,0.0054652919837584095,-0.0005374549267192679,-0.14724620183308978,0.0,4.503845077052848,-0.0005374549267192679,0.0
scan24_subset_uniform,scan24,subset_uniform,14,skip_global,1,15,0.00556554567689697,0.005839243686447541,-0.00027369800955057144,-0.11572599411010742,0.0,2.1231484731121064,-0.0005374549267192679,0.4907516966654698
scan24_subset_uniform,scan24,subset_uniform,14,skip_global,2,16,0.006080920342355967,0.006110363717501362,-2.9443375145395308e-05,0.006349325180053711,0.0,5.129654534116032,-0.0005374549267192679,0.9452170336866692
scan24_subset_uniform,scan24,subset_uniform,15,skip_frame,0,15,0.006330038576076428,0.005839243686447541,0.0004907948896288872,0.25714937845865826,0.0,3.8702826704840945,0.0004907948896288872,0.0
scan24_subset_uniform,scan24,subset_uniform,15,skip_frame,1,16,0.006406585685908794,0.006110363717501362,0.00029622196840743253,0.12408439318338971,1.1944405724589888,5.0464305022419005,0.0004907948896288872,0.3964444726973019
scan24_subset_uniform,scan24,subset_uniform,15,skip_global,0,15,0.005255113200594981,0.005839243686447541,-0.00058413048585256,-0.2279055118560791,0.0,-8.286723293045219,-0.00058413048585256,0.0
scan24_subset_uniform,scan24,subset_uniform,15,skip_global,1,16,0.005783229212587078,0.006110363717501362,-0.00032713450491428375,-0.17622590065002441,0.0,10.919347031144992,-0.00058413048585256,0.4399633081351355
scan24_subset_uniform,scan24,subset_uniform,16,skip_frame,0,16,0.00665580101000766,0.006110363717501362,0.000545437292506298,0.32370948791503906,0.0,15.653902807164966,0.000545437292506298,0.0
scan24_subset_uniform,scan24,subset_uniform,16,skip_global,0,16,0.005576098648210366,0.006110363717501362,-0.0005342650692909956,-0.27459120750427246,0.0,5.598803766381094,-0.0005342650692909956,0.0
scan62_subset_middle,scan62,subset_middle,1,skip_frame,0,1,0.030570518225431442,0.02848426966617505,0.0020862485592563935,3.7371835708618164,9.297714962877158,-5.042453144349992,0.0020862485592563935,0.0
scan62_subset_middle,scan62,subset_middle,1,skip_frame,1,2,0.023485020734369755,0.027363022478918236,-0.003878001744548481,-2.424294153849285,10.987711515125564,20.263540844354715,0.0020862485592563935,-0.8588397472306588
scan62_subset_middle,scan62,subset_middle,1,skip_frame,2,3,0.020460546637574833,0.035090893817444645,-0.014630347179869812,-9.769197781880699,2.884739502873779,14.47968678057741,0.0020862485592563935,-6.012753640958554
scan62_subset_middle,scan62,subset_middle,1,skip_frame,4,5,0.027894075649480026,0.03184722363948822,-0.003953147990008194,-3.033541838328045,0.0,-7.26746089111842,0.0020862485592563935,-0.8948595422480359
scan62_subset_middle,scan62,subset_middle,1,skip_global,0,1,0.040675544179975986,0.02848426966617505,0.012191274513800938,9.484025001525879,8.020344794836813,20.222422536368793,0.012191274513800938,0.0
scan62_subset_middle,scan62,subset_middle,1,skip_global,1,2,0.028269717159370582,0.027363022478918236,0.0009066946804523468,1.5720383326212541,19.581199396741734,10.953945478894358,0.012191274513800938,0.9256275724555347
scan62_subset_middle,scan62,subset_middle,1,skip_global,2,3,0.027545613547166187,0.035090893817444645,-0.007545280270278457,-4.586742083231609,4.864032559399486,9.323366734374392,0.012191274513800938,0.3810917585575697
scan62_subset_middle,scan62,subset_middle,1,skip_global,4,5,0.03381086699664593,0.03184722363948822,0.001963643357157707,1.2455835342407227,0.0,-3.750495937845054,0.012191274513800938,0.8389304288952893
scan62_subset_middle,scan62,subset_middle,2,skip_frame,0,2,0.021906881593167782,0.027363022478918236,-0.005456140885750454,-3.32935396830241,13.548948214880582,6.345210734222352,-0.005456140885750454,0.0
scan62_subset_middle,scan62,subset_middle,2,skip_frame,1,3,0.026852712966501713,0.035090893817444645,-0.008238180850942932,-5.236935933430992,6.472765228450376,-2.972081827545784,-0.005456140885750454,-0.5098915191977906
scan62_subset_middle,scan62,subset_middle,2,skip_frame,2,4,0.033826653535167374,0.035222058494885765,-0.001395404959718391,-0.8947499593098982,2.3888811449179777,-6.750206356384474,-0.005456140885750454,0.7442505630009106
scan62_subset_middle,scan62,subset_middle,2,skip_frame,4,6,0.028356647429366905,0.02581229309240977,0.0025443543369571345,2.066306908925373,0.0,9.613535208348779,-0.005456140885750454,0.5336714373336464
scan62_subset_middle,scan62,subset_middle,2,skip_global,0,2,0.03164984627316395,0.027363022478918236,0.0042868237942457164,3.895393689473469,3.8641312847237,6.862335313045808,0.0042868237942457164,0.0
scan62_subset_middle,scan62,subset_middle,2,skip_global,1,3,0.03346486327548822,0.035090893817444645,-0.0016260305419564247,-1.102831522623699,4.368174201443685,13.429499838962986,0.0042868237942457164,0.6206910710584662
scan62_subset_middle,scan62,subset_middle,2,skip_global,2,4,0.03702051658183336,0.035222058494885765,0.0017984580869475977,1.171489079793293,1.1944405724589888,-15.608287086414867,0.0042868237942457164,0.5804683902889357
scan62_subset_middle,scan62,subset_middle,2,skip_global,4,6,0.029465919360518456,0.02581229309240977,0.0036536262681086847,2.6465786298116036,0.0,-9.955631493935606,0.0042868237942457164,0.14770785003735976
scan62_subset_middle,scan62,subset_middle,3,skip_frame,0,3,0.02447967727979024,0.035090893817444645,-0.010611216537654403,-6.789454460144043,7.349867528107756,-4.82519457410101,-0.010611216537654403,0.0
scan62_subset_middle,scan62,subset_middle,3,skip_frame,1,4,0.03407625574618578,0.035222058494885765,-0.0011458027486999853,-0.9020697275797538,1.1944405724589888,0.7513223917400431,-0.010611216537654403,0.8920196619648605
scan62_subset_middle,scan62,subset_middle,3,skip_frame,2,5,0.03329263844837745,0.03184722363948822,0.0014454148088892324,0.9211902618408203,0.0,-10.591261477918062,-0.010611216537654403,0.8637842509612249
scan62_subset_middle,scan62,subset_middle,3,skip_frame,4,7,0.021874016306052606,0.020299940835684538,0.0015740754703680686,1.1862058639526367,0.0,-4.937119710091246,-0.010611216537654403,0.8516592829123422
scan62_subset_middle,scan62,subset_middle,3,skip_global,0,3,0.03571119842429956,0.035090893817444645,0.0006203046068549156,0.7309560775756836,4.575038433288568,0.5440617065451256,0.0006203046068549156,0.0
scan62_subset_middle,scan62,subset_middle,3,skip_global,1,4,0.03858857353528341,0.035222058494885765,0.003366515040397644,2.530773162841797,2.3888811449179777,-2.2777627716625943,0.0006203046068549156,-4.427196579220386
scan62_subset_middle,scan62,subset_middle,3,skip_global,2,5,0.03421677897373835,0.03184722363948822,0.00236955533425013,1.8372281392415353,0.0,-4.737030959201945,0.0006203046068549156,-2.819986677616841
scan62_subset_middle,scan62,subset_middle,3,skip_global,4,7,0.022414562137176592,0.020299940835684538,0.002114621301492054,1.567238648732502,0.0,12.038577313510457,0.0006203046068549156,-2.409004669840615
scan62_subset_middle,scan62,subset_middle,4,skip_frame,0,4,0.03157750672350327,0.035222058494885765,-0.0036445517713824954,-2.5349315007527693,0.0,0.7487974273290625,-0.0036445517713824954,0.0
scan62_subset_middle,scan62,subset_middle,4,skip_frame,1,5,0.0376496979345878,0.03184722363948822,0.005802474295099579,3.7921009063720703,0.0,5.914479363920744,-0.0036445517713824954,-0.592095450711217
scan62_subset_middle,scan62,subset_middle,4,skip_frame,2,6,0.03076969087123871,0.02581229309240977,0.004957397778828938,3.596372127532959,0.0,-7.78434313607521,-0.0036445517713824954,-0.36022152785840045
scan62_subset_middle,scan62,subset_middle,4,skip_frame,4,8,0.017212532615909975,0.016184071854998667,0.001028460760911308,0.6779281298319493,0.0,2.646514412987406,-0.0036445517713824954,0.7178087113518544
scan62_subset_middle,scan62,subset_middle,4,skip_global,0,4,0.03861814830452204,0.035222058494885765,0.0033960898096362727,2.023379643758137,0.0,3.2356578493342845,0.0033960898096362727,0.0
scan62_subset_middle,scan62,subset_middle,4,skip_global,1,5,0.0342472434664766,0.03184722363948822,0.002400019826988377,1.5135577519734689,0.0,6.143703785265348,0.0033960898096362727,0.2932990699543887
scan62_subset_middle,scan62,subset_middle,4,skip_global,2,6,0.029615579172968864,0.02581229309240977,0.0038032860805590936,3.1539483070373535,0.0,2.9966756134127586,0.0033960898096362727,-0.1199015025360688
scan62_subset_middle,scan62,subset_middle,4,skip_global,4,8,0.0171795681429406,0.016184071854998667,0.0009954962879419327,0.7871413230895996,0.0,0.07835418703719199,0.0033960898096362727,0.7068698580593332
scan62_subset_middle,scan62,subset_middle,5,skip_frame,0,5,0.03102946529785792,0.03184722363948822,-0.0008177583416302987,-0.7701349258422852,0.0,-7.79948643475076,-0.0008177583416302987,0.0
scan62_subset_middle,scan62,subset_middle,5,skip_frame,1,6,0.032729958184063435,0.02581229309240977,0.006917665091653664,5.271025498708088,0.0,-3.261066437637938,-0.0008177583416302987,-7.459302387380694
scan62_subset_middle,scan62,subset_middle,5,skip_frame,2,7,0.024564247578382492,0.020299940835684538,0.004264306742697954,3.078652222951252,0.0,-3.98276185220989,-0.0008177583416302987,-4.214629464001003
scan62_subset_middle,scan62,subset_middle,5,skip_frame,4,9,0.013322087780882915,0.012226679129526019,0.0010954086513568963,0.6586053371429443,0.0,-2.703054247582564,-0.0008177583416302987,-0.3395261113118928
scan62_subset_middle,scan62,subset_middle,5,skip_global,0,5,0.03699026722460985,0.03184722363948822,0.005143043585121632,3.6934083302815743,0.0,-4.077058203251257,0.005143043585121632,0.0
scan62_subset_middle,scan62,subset_middle,5,skip_global,1,6,0.02932912576943636,0.02581229309240977,0.0035168326770265886,2.8308971722920724,0.0,3.063774733701777,0.005143043585121632,0.31619621361940753
scan62_subset_middle,scan62,subset_middle,5,skip_global,2,7,0.022926597545544308,0.020299940835684538,0.0026266567098597697,2.205660502115883,0.0,14.181516153020974,0.005143043585121632,0.4892797102753602
scan62_subset_middle,scan62,subset_middle,5,skip_global,4,9,0.013860257342457771,0.012226679129526019,0.0016335782129317522,1.0532640616099034,0.0,2.0397770674557663,0.005143043585121632,0.682371306815764
scan62_subset_middle,scan62,subset_middle,6,skip_frame,0,6,0.028987832677861054,0.02581229309240977,0.0031755395854512827,2.294159412384033,0.0,2.387206805862924,0.0031755395854512827,0.0
scan62_subset_middle,scan62,subset_middle,6,skip_frame,1,7,0.02519176434725523,0.020299940835684538,0.004891823511570692,3.580104351043701,0.0,1.2639187152263371,0.0031755395854512827,-0.5404700146024175
scan62_subset_middle,scan62,subset_middle,6,skip_frame,2,8,0.018364453843484323,0.016184071854998667,0.0021803819884856565,1.5221323966979963,0.0,15.997966382889222,0.0031755395854512827,0.31338220487785295
scan62_subset_middle,scan62,subset_middle,6,skip_frame,4,10,0.009317816002294421,0.00863761679890255,0.0006801992033918704,0.3155190944671631,0.0,-7.667738351114691,0.0031755395854512827,0.7858004332529188
scan62_subset_middle,scan62,subset_middle,6,skip_global,0,6,0.03258135976890723,0.02581229309240977,0.006769066676497456,5.455704847971596,0.0,-6.992026233527971,0.006769066676497456,0.0
scan62_subset_middle,scan62,subset_middle,6,skip_global,1,7,0.021694415869812172,0.020299940835684538,0.001394475034127634,1.0947977701822893,0.0,0.048250661878888934,0.006769066676497456,0.7939930125124455
scan62_subset_middle,scan62,subset_middle,6,skip_global,2,8,0.017882662049184244,0.016184071854998667,0.0016985901941855772,1.4318664868672677,0.0,-0.03472686953531223,0.006769066676497456,0.7490658202432592
scan62_subset_middle,scan62,subset_middle,6,skip_global,4,10,0.010003825183957815,0.00863761679890255,0.0013662083850552644,0.6960273583730068,0.0,1.9508773973986635,0.006769066676497456,0.7981688687158587
scan62_subset_middle,scan62,subset_middle,7,skip_frame,0,7,0.024030392058193684,0.020299940835684538,0.0037304512225091457,2.593440850575764,0.0,-2.6280906002445796,0.0037304512225091457,0.0
scan62_subset_middle,scan62,subset_middle,7,skip_frame,1,8,0.019351149753977854,0.016184071854998667,0.003167077898979187,2.1976227760314924,0.0,-1.0383348024962977,0.0037304512225091457,0.15102015545214054
scan62_subset_middle,scan62,subset_middle,7,skip_frame,2,9,0.013943924568593502,0.012226679129526019,0.001717245439067483,1.1413179238637277,0.0,3.673187636864739,0.0037304512225091457,0.5396681697093888
scan62_subset_middle,scan62,subset_middle,7,skip_frame,4,11,0.00671940886725982,0.006486773025244474,0.0002326358420153456,0.0974596341451015,0.0,-2.6253253963804024,0.0037304512225091457,0.9376386854727798
scan62_subset_middle,scan62,subset_middle,7,skip_global,0,7,0.025691610760986805,0.020299940835684538,0.005391669925302267,4.103391806284584,0.0,6.13293195884769,0.005391669925302267,0.0
scan62_subset_middle,scan62,subset_middle,7,skip_global,1,8,0.01749328461786111,0.016184071854998667,0.001309212762862444,1.0978089968363438,0.0,-0.9610622221602512,0.005391669925302267,0.7571786142325753
scan62_subset_middle,scan62,subset_middle,7,skip_global,2,9,0.014081688287357489,0.012226679129526019,0.0018550091578314696,1.3960397243499756,0.0,2.043268503634309,0.005391669925302267,0.6559490503811815
scan62_subset_middle,scan62,subset_middle,7,skip_global,4,11,0.007145362362886469,0.006486773025244474,0.0006585893376419944,0.26134371757507324,0.0,9.269292553602229,0.005391669925302267,0.8778505830723544
scan62_subset_middle,scan62,subset_middle,8,skip_frame,0,8,0.018849217643340428,0.016184071854998667,0.0026651457883417606,1.7836682001749669,0.0,13.460050083394743,0.0026651457883417606,0.0
scan62_subset_middle,scan62,subset_middle,8,skip_frame,1,9,0.01502853212878108,0.012226679129526019,0.002801852999255061,1.8227097988128662,0.0,-4.50904007624688,0.0026651457883417606,-0.051294458828970546
scan62_subset_middle,scan62,subset_middle,8,skip_frame,2,10,0.010292755983149013,0.00863761679890255,0.0016551391842464618,0.8614724477132167,0.0,3.9119964944817305,0.0026651457883417606,0.3789686134670027
scan62_subset_middle,scan62,subset_middle,8,skip_frame,4,12,0.005632750922814012,0.005558511164660255,7.423975815375617e-05,0.025431076685586973,0.0,16.475417825705613,0.0026651457883417606,0.9721442037135433
scan62_subset_middle,scan62,subset_middle,8,skip_global,0,8,0.02023307156438629,0.016184071854998667,0.004048999709387623,3.109444618225096,0.0,13.90688445620461,0.004048999709387623,0.0
scan62_subset_middle,scan62,subset_middle,8,skip_global,1,9,0.014031735093643269,0.012226679129526019,0.0018050559641172494,1.2427241802215576,1.1944405724589888,3.019485314737235,0.004048999709387623,0.5541970625652999
scan62_subset_middle,scan62,subset_middle,8,skip_global,2,10,0.0105343380322059,0.00863761679890255,0.0018967212333033494,1.1166589260101318,0.0,2.3007250405589588,0.004048999709387623,0.5315580712673815
scan62_subset_middle,scan62,subset_middle,8,skip_global,4,12,0.005764018278568983,0.005558511164660255,0.00020550711390872767,0.08409984906514367,0.0,4.137540484400329,0.004048999709387623,0.9492449669896843
scan62_subset_middle,scan62,subset_middle,9,skip_frame,0,9,0.014835891934732596,0.012226679129526019,0.0026092128052065764,1.5816873709360753,0.0,-1.3245961770350725,0.0026092128052065764,0.0
scan62_subset_middle,scan62,subset_middle,9,skip_frame,1,10,0.010951470350846648,0.00863761679890255,0.0023138535519440975,1.2334882418314628,0.0,8.61261471470235,0.0026092128052065764,0.1131986063662963
scan62_subset_middle,scan62,subset_middle,9,skip_frame,2,11,0.007432111073285341,0.006486773025244474,0.0009453380480408669,0.3827489217122402,0.0,4.20261119858842,0.0026092128052065764,0.6376922395312166
scan62_subset_middle,scan62,subset_middle,9,skip_frame,4,13,0.005164225197707613,0.0051549743705739575,9.250827133655548e-06,0.005909125010171934,0.0,-14.651282014408556,0.0026092128052065764,0.9964545524553629
scan62_subset_middle,scan62,subset_middle,9,skip_global,0,9,0.016101422098775704,0.012226679129526019,0.0038747429692496844,2.7201491196950265,0.0,-1.2047257879189175,0.0038747429692496844,0.0
scan62_subset_middle,scan62,subset_middle,9,skip_global,1,10,0.009806683752685785,0.00863761679890255,0.0011690669537832345,0.6338786284128837,0.0,4.811291608430267,0.0038747429692496844,0.6982852893569826
scan62_subset_middle,scan62,subset_middle,9,skip_global,2,11,0.007585561679055293,0.006486773025244474,0.0010987886538108187,0.5609837373097744,0.0,-7.833564431868184,0.0038747429692496844,0.7164228279060298
scan62_subset_middle,scan62,subset_middle,9,skip_global,4,13,0.005250497255474329,0.0051549743705739575,9.552288490037152e-05,0.04491527875264545,0.0,-16.070604715447317,0.0038747429692496844,0.975347297702467
scan62_subset_middle,scan62,subset_middle,10,skip_frame,0,10,0.011469115037471056,0.00863761679890255,0.0028314982385685052,1.387624740600586,0.0,4.575417090794154,0.0028314982385685052,0.0
scan62_subset_middle,scan62,subset_middle,10,skip_frame,1,11,0.007830593191708127,0.006486773025244474,0.0013438201664636527,0.5439444382985439,0.0,-7.734283167757356,0.0028314982385685052,0.5254031423508723
scan62_subset_middle,scan62,subset_middle,10,skip_frame,2,12,0.005863421208535631,0.005558511164660255,0.0003049100438753758,0.09683386484781842,0.0,6.706508282391665,0.0028314982385685052,0.8923149448860239
scan62_subset_middle,scan62,subset_middle,10,skip_frame,4,14,0.004986486863344908,0.004969201361139615,1.7285502205292673e-05,0.008961677551269531,0.0,-11.47574316998362,0.0028314982385685052,0.993895280608039
scan62_subset_middle,scan62,subset_middle,10,skip_global,0,10,0.011774425006782016,0.00863761679890255,0.003136808207879465,1.8025557200113944,0.0,-12.200100215004287,0.003136808207879465,0.0
scan62_subset_middle,scan62,subset_middle,10,skip_global,1,11,0.0067804584590097266,0.006486773025244474,0.00029368543376525214,0.20453413327535053,0.0,9.09240580858111,0.003136808207879465,0.9063744372296869
scan62_subset_middle,scan62,subset_middle,10,skip_global,2,12,0.005866746883839369,0.005558511164660255,0.0003082357191791134,0.19528722763061523,0.0,2.9167890094022475,0.003136808207879465,0.9017358732979451
scan62_subset_middle,scan62,subset_middle,10,skip_global,4,14,0.00502813165076077,0.004969201361139615,5.8930289621154756e-05,0.019794066747030215,0.0,-5.2636478956994015,0.003136808207879465,0.9812132952620037
scan62_subset_middle,scan62,subset_middle,11,skip_frame,0,11,0.008417910508190593,0.006486773025244474,0.0019311374829461183,0.7210517724355068,0.0,5.056345926991304,0.0019311374829461183,0.0
scan62_subset_middle,scan62,subset_middle,11,skip_frame,1,12,0.006321068465088804,0.005558511164660255,0.0007625573004285489,0.24933473269144635,0.0,6.504369456448428,0.0019311374829461183,0.6051253175070677
scan62_subset_middle,scan62,subset_middle,11,skip_frame,2,13,0.005271782865747809,0.0051549743705739575,0.00011680849517385194,0.019825220108032227,0.0,-2.267943360874497,0.0019311374829461183,0.9395131127610602
scan62_subset_middle,scan62,subset_middle,11,skip_frame,4,15,0.004948823402325313,0.004913696475947897,3.512692637741566e-05,0.01194087664286414,0.0,4.008892021540241,0.0019311374829461183,0.9818102404993836
scan62_subset_middle,scan62,subset_middle,11,skip_global,0,11,0.008485717698931694,0.006486773025244474,0.0019989446736872196,0.9319835503896083,0.0,4.869241290119659,0.0019989446736872196,0.0
scan62_subset_middle,scan62,subset_middle,11,skip_global,1,12,0.0055558110276858015,0.005558511164660255,-2.700136974453926e-06,0.06138253211975098,0.0,3.7343271680856027,0.0019989446736872196,0.9986492187552779
scan62_subset_middle,scan62,subset_middle,11,skip_global,2,13,0.005217292734111349,0.0051549743705739575,6.23183635373916e-05,0.06587052345275879,0.0,-5.951161326191858,0.0019989446736872196,0.96882436799892
scan62_subset_middle,scan62,subset_middle,11,skip_global,4,15,0.0049676233902573586,0.004913696475947897,5.392691430946162e-05,0.024726549784343632,0.0,3.4228146197591904,0.0019989446736872196,0.9730223077110038
scan62_subset_middle,scan62,subset_middle,12,skip_frame,0,12,0.0066401133468995495,0.005558511164660255,0.001081602182239294,0.30098422368367395,0.0,5.112678677009873,0.001081602182239294,0.0
scan62_subset_middle,scan62,subset_middle,12,skip_frame,1,13,0.0056476052074382705,0.0051549743705739575,0.0004926308368643131,0.13160260518391986,0.0,-4.070052843741415,0.001081602182239294,0.5445360179984149
scan62_subset_middle,scan62,subset_middle,12,skip_frame,2,14,0.0050976627971976995,0.004969201361139615,0.00012846143605808446,0.021399497985839844,0.0,-4.521558870287114,0.001081602182239294,0.8812304207891626
scan62_subset_middle,scan62,subset_middle,12,skip_frame,4,16,0.0049355383186290664,0.0049177235923707485,1.781472625831792e-05,0.0023996035257987103,0.0,-5.704442104553259,0.001081602182239294,0.9835293173859586
scan62_subset_middle,scan62,subset_middle,12,skip_global,0,12,0.006420485209673643,0.005558511164660255,0.0008619740450133877,0.3691539764404297,0.0,5.745975150874779,0.0008619740450133877,0.0
scan62_subset_middle,scan62,subset_middle,12,skip_global,1,13,0.005047199549153447,0.0051549743705739575,-0.00010777482142051032,0.001197973887125059,0.0,-9.18210629163797,0.0008619740450133877,0.8749674400940501
scan62_subset_middle,scan62,subset_middle,12,skip_global,2,14,0.004966153918455045,0.004969201361139615,-3.04744268457037e-06,0.015819072723388672,0.0,1.8705850819301588,0.0008619740450133877,0.9964645772083276
scan62_subset_middle,scan62,subset_middle,12,skip_global,4,16,0.004995247116312385,0.0049177235923707485,7.752352394163609e-05,0.029058853785198124,0.0,-7.768895845067487,0.0008619740450133877,0.9100628094429084
scan62_subset_middle,scan62,subset_middle,13,skip_frame,0,13,0.005739002333333095,0.0051549743705739575,0.0005840279627591372,0.10105641682942768,0.0,-13.760112993516389,0.0005840279627591372,0.0
scan62_subset_middle,scan62,subset_middle,13,skip_frame,1,14,0.005309240737309058,0.004969201361139615,0.00034003937616944313,0.07158462206522742,0.0,-6.381561107706862,0.0005840279627591372,0.41776867230297154
scan62_subset_middle,scan62,subset_middle,13,skip_frame,2,15,0.005006317902977268,0.004913696475947897,9.262142702937126e-05,0.00936706860860248,0.0,1.5773203444667843,0.0005840279627591372,0.8414092595981233
scan62_subset_middle,scan62,subset_middle,13,skip_global,0,13,0.00550746382214129,0.0051549743705739575,0.00035248945156733224,0.15955630938212018,0.0,-3.0233587612616155,0.00035248945156733224,0.0
scan62_subset_middle,scan62,subset_middle,13,skip_global,1,14,0.004953330149874091,0.004969201361139615,-1.587121126552394e-05,0.018953243891399296,0.0,-4.6736235694995365,0.00035248945156733224,0.9549739398017355
scan62_subset_middle,scan62,subset_middle,13,skip_global,2,15,0.00493004615418613,0.004913696475947897,1.634967823823264e-05,0.007602691650390625,0.0,11.32297730916421,0.00035248945156733224,0.9536165460681607
scan62_subset_middle,scan62,subset_middle,14,skip_frame,0,14,0.005366668105125427,0.004969201361139615,0.00039746674398581216,0.037569284439086914,0.0,-13.40861367187657,0.00039746674398581216,0.0
scan62_subset_middle,scan62,subset_middle,14,skip_frame,1,15,0.005095324944704771,0.004913696475947897,0.0001816284687568741,0.025550206502279238,0.0,7.75173797409211,0.00039746674398581216,0.5430348035272168
scan62_subset_middle,scan62,subset_middle,14,skip_frame,2,16,0.004977412289008498,0.0049177235923707485,5.968869663774967e-05,0.0031541983286551556,0.0,-17.310193638732887,0.00039746674398581216,0.8498271929893075
scan62_subset_middle,scan62,subset_middle,14,skip_global,0,14,0.005111734615638852,0.004969201361139615,0.00014253325449923703,0.08109839757283588,0.0,3.5998527317330016,0.00014253325449923703,0.0
scan62_subset_middle,scan62,subset_middle,14,skip_global,1,15,0.005010013546173771,0.004913696475947897,9.6317070225874e-05,0.06298764546712299,0.0,-3.618410426855732,0.00014253325449923703,0.3242484319588059
scan62_subset_middle,scan62,subset_middle,14,skip_global,2,16,0.004961065948009491,0.0049177235923707485,4.334235563874245e-05,0.03325883547465125,0.0,-14.590758623169071,0.00014253325449923703,0.6959140813067279
scan62_subset_middle,scan62,subset_middle,15,skip_frame,0,15,0.005131393826256196,0.004913696475947897,0.00021769735030829906,-0.005369424819946289,0.0,5.65315391169746,0.00021769735030829906,0.0
scan62_subset_middle,scan62,subset_middle,15,skip_frame,1,16,0.005033635223905246,0.0049177235923707485,0.00011591163153449723,0.009296894073486328,0.0,-14.495859939267012,0.00021769735030829906,0.4675560755776528
scan62_subset_middle,scan62,subset_middle,15,skip_global,0,15,0.004980168538168073,0.004913696475947897,6.647206222017577e-05,0.06327589352925678,0.0,4.117872172059437,6.647206222017577e-05,0.0
scan62_subset_middle,scan62,subset_middle,15,skip_global,1,16,0.005034566934530933,0.0049177235923707485,0.00011684334216018489,0.06789342562357703,0.0,-17.088256993658785,6.647206222017577e-05,-0.7577812130029011
scan62_subset_middle,scan62,subset_middle,16,skip_frame,0,16,0.005012125475332141,0.0049177235923707485,9.44018829613924e-05,-0.02994736035664758,0.0,-10.256296776938589,9.44018829613924e-05,0.0
scan62_subset_middle,scan62,subset_middle,16,skip_global,0,16,0.004937308530012767,0.0049177235923707485,1.958493764201829e-05,0.054239511489868164,0.0,-16.229577439527173,1.958493764201829e-05,0.0
scan62_subset_uniform,scan62,subset_uniform,1,skip_frame,0,1,0.03556353816141685,0.03547147506227096,9.206309914588928e-05,4.07888730367025,8.735797718885543,-0.4788787922703506,9.206309914588928e-05,0.0
scan62_subset_uniform,scan62,subset_uniform,1,skip_frame,1,2,0.02737615319589774,0.029380638773242634,-0.0020044855773448944,-0.33294709523519117,31.552756688534107,28.76385441581692,9.206309914588928e-05,-20.77295350625177
scan62_subset_uniform,scan62,subset_uniform,1,skip_frame,2,3,0.024507988865176838,0.03163287198791901,-0.007124883122742173,-5.742445945739746,6.9472465172601146,7.346107722413077,9.206309914588928e-05,-76.39130214866665
scan62_subset_uniform,scan62,subset_uniform,1,skip_frame,4,5,0.02823596851279338,0.030726727098226547,-0.0024907585854331664,-1.7122087478637695,2.884739502873779,8.557787087580843,9.206309914588928e-05,-26.054906999015376
scan62_subset_uniform,scan62,subset_uniform,1,skip_global,0,1,0.044686742747823395,0.03547147506227096,0.009215267685552433,7.493230183919273,18.023132501771563,5.014099357131883,0.009215267685552433,0.0
scan62_subset_uniform,scan62,subset_uniform,1,skip_global,1,2,0.03319917464007934,0.029380638773242634,0.003818535866836708,3.121232032775879,27.334210018281812,44.540720549427206,0.009215267685552433,0.5856294144527832
scan62_subset_uniform,scan62,subset_uniform,1,skip_global,2,3,0.02962489239871502,0.03163287198791901,-0.002007979589203991,-2.1055901845296248,12.725081690274752,5.265961515559038,0.009215267685552433,0.7821029559073934
scan62_subset_uniform,scan62,subset_uniform,1,skip_global,4,5,0.03332455704609553,0.030726727098226547,0.0025978299478689806,2.4822769165039062,5.972202862294945,11.6953304256397,0.009215267685552433,0.7180950096607805
scan62_subset_uniform,scan62,subset_uniform,2,skip_frame,0,2,0.028617972197631996,0.029380638773242634,-0.0007626665756106377,1.8227608998616525,23.793467700190707,30.02389454409005,-0.0007626665756106377,0.0
scan62_subset_uniform,scan62,subset_uniform,2,skip_frame,1,3,0.02930400085945924,0.03163287198791901,-0.0023288711284597703,-0.4606545766194685,4.5756020661907035,1.5686642892064668,-0.0007626665756106377,-2.0535901309102647
scan62_subset_uniform,scan62,subset_uniform,2,skip_frame,2,4,0.03218667985250553,0.034049056780834995,-0.0018623769283294678,-0.710107485453289,3.87645621878538,9.299180358619239,-0.0007626665756106377,-1.4419280821875988
scan62_subset_uniform,scan62,subset_uniform,2,skip_frame,4,6,0.02780042743931214,0.02641857819010814,0.0013818492492040022,1.334939956665039,4.777762289835956,19.454395245040104,-0.0007626665756106377,-0.8118654906275509
scan62_subset_uniform,scan62,subset_uniform,2,skip_global,0,2,0.035590304993093014,0.029380638773242634,0.00620966621985038,4.810360272725422,11.111970727670275,13.74927524421172,0.00620966621985038,0.0
scan62_subset_uniform,scan62,subset_uniform,2,skip_global,1,3,0.03392738724748293,0.03163287198791901,0.002294515259563923,0.6992861429850237,5.006949572026948,11.885535256916494,0.00620966621985038,0.6304929800849732
scan62_subset_uniform,scan62,subset_uniform,2,skip_global,2,4,0.034713586792349815,0.034049056780834995,0.0006645300115148203,0.2646935780843087,3.1778740042821925,-4.548183196689141,0.00620966621985038,0.8929845843580894
scan62_subset_uniform,scan62,subset_uniform,2,skip_global,4,6,0.029718518257141113,0.02641857819010814,0.003299940067032974,2.730011304219566,0.0,3.770791146825923,0.00620966621985038,0.4685801216683616
scan62_subset_uniform,scan62,subset_uniform,3,skip_frame,0,3,0.026120653686424095,0.03163287198791901,-0.005512218301494915,-3.252748489379883,4.800085340182064,5.751033297268101,-0.005512218301494915,0.0
scan62_subset_uniform,scan62,subset_uniform,3,skip_frame,1,4,0.030533112585544586,0.034049056780834995,-0.003515944195290409,-2.89462947845459,0.0,6.074257556734761,-0.005512218301494915,0.36215439901266544
scan62_subset_uniform,scan62,subset_uniform,3,skip_frame,2,5,0.03272878068188826,0.030726727098226547,0.002002053583661713,1.621747334798176,4.777762289835956,25.113651663956706,-0.005512218301494915,0.6367971161231486
scan62_subset_uniform,scan62,subset_uniform,3,skip_frame,4,7,0.02288257439310352,0.02035131569330891,0.0025312586997946127,2.1934231122334786,1.1944405724589888,20.329491763598174,-0.005512218301494915,0.5407912819584568
scan62_subset_uniform,scan62,subset_uniform,3,skip_global,0,3,0.0346744138126572,0.03163287198791901,0.0030415418247381892,1.7298688888549805,7.19417991157527,3.3219486628261734,0.0030415418247381892,0.0
scan62_subset_uniform,scan62,subset_uniform,3,skip_global,1,4,0.033538595462838806,0.034049056780834995,-0.0005104613179961887,-0.6757392883300781,3.38059786082958,-4.863244419602292,0.0030415418247381892,0.8321702125401059
scan62_subset_uniform,scan62,subset_uniform,3,skip_global,2,5,0.03141234318415324,0.030726727098226547,0.0006856160859266894,0.7992496490478516,5.972202862294945,0.3883276660706265,0.0030415418247381892,0.7745827197409307
scan62_subset_uniform,scan62,subset_uniform,3,skip_global,4,7,0.024164313295235235,0.02035131569330891,0.0038129976019263268,3.314016819000244,1.1944405724589888,14.002679282270115,0.0030415418247381892,-0.2536397069780696
scan62_subset_uniform,scan62,subset_uniform,4,skip_frame,0,4,0.030009663042922814,0.034049056780834995,-0.0040393937379121815,-2.83571720123291,2.8847395028737806,5.204002913033243,-0.0040393937379121815,0.0
scan62_subset_uniform,scan62,subset_uniform,4,skip_frame,1,5,0.03414164514591297,0.030726727098226547,0.00341491804768642,3.698251724243164,1.1944405724589888,16.775190203770222,-0.0040393937379121815,0.1545963901376276
scan62_subset_uniform,scan62,subset_uniform,4,skip_frame,2,6,0.029709176470836002,0.02641857819010814,0.0032905982807278633,2.8795754114786796,3.5833217173769665,8.210009952234417,-0.0040393937379121815,0.1853732282041275
scan62_subset_uniform,scan62,subset_uniform,4,skip_frame,4,8,0.01727084644759695,0.014717742800712585,0.002553103646884363,1.9114111264546718,-1.1944405724589888,-16.32822981041278,-0.0040393937379121815,0.36794880307856015
scan62_subset_uniform,scan62,subset_uniform,4,skip_global,0,4,0.036189670053621135,0.034049056780834995,0.0021406132727861404,1.9620812733968087,2.6820156463263913,11.820107523048662,0.0021406132727861404,0.0
scan62_subset_uniform,scan62,subset_uniform,4,skip_global,1,5,0.033255185621480145,0.030726727098226547,0.0025284585232535975,2.2687114079793282,4.079180075332768,5.690043514387389,0.0021406132727861404,-0.18118417530068487
scan62_subset_uniform,scan62,subset_uniform,4,skip_global,2,6,0.028377522714436054,0.02641857819010814,0.001958944524327915,1.6791388193766288,0.0,0.7460125955644896,0.0021406132727861404,0.08486761750373162
scan62_subset_uniform,scan62,subset_uniform,4,skip_global,4,8,0.01771606629093488,0.014717742800712585,0.002998323490222294,2.61363665262858,0.0,-15.620121545303736,0.0021406132727861404,-0.4006843404833189
scan62_subset_uniform,scan62,subset_uniform,5,skip_frame,0,5,0.031737360171973705,0.030726727098226547,0.001010633073747158,0.8861862818400077,3.5833217173769665,1.633328500417222,0.001010633073747158,0.0
scan62_subset_uniform,scan62,subset_uniform,5,skip_frame,1,6,0.03137720221032699,0.02641857819010814,0.004958624020218853,4.466723759969078,1.1944405724589888,14.087141526055149,0.001010633073747158,-3.906453340017457
scan62_subset_uniform,scan62,subset_uniform,5,skip_frame,2,7,0.024356611693898838,0.02035131569330891,0.004005296000589929,3.3427092234293596,0.0,8.220131999099685,0.001010633073747158,-2.963155476140672
scan62_subset_uniform,scan62,subset_uniform,5,skip_frame,4,9,0.011976657435297966,0.01069628338639935,0.0012803740488986168,0.8604380289713536,0.0,-16.84687820621876,0.001010633073747158,-0.26690297612300684
scan62_subset_uniform,scan62,subset_uniform,5,skip_global,0,5,0.037362612783908844,0.030726727098226547,0.006635885685682297,5.768760681152344,5.273620647791757,0.733859590170824,0.006635885685682297,0.0
scan62_subset_uniform,scan62,subset_uniform,5,skip_global,1,6,0.028537072862188022,0.02641857819010814,0.0021184946720798833,1.8665959040323905,2.3888811449179777,13.817992905890623,0.006635885685682297,0.6807517831943994
scan62_subset_uniform,scan62,subset_uniform,5,skip_global,2,7,0.02327488564575712,0.02035131569330891,0.0029235699524482114,2.634761492411293,2.3888811449179777,22.186211846104417,0.006635885685682297,0.5594303321474996
scan62_subset_uniform,scan62,subset_uniform,5,skip_global,4,9,0.012641503009945154,0.01069628338639935,0.001945219623545805,1.6054016749064122,0.0,-17.841965833929176,0.006635885685682297,0.7068636025869395
scan62_subset_uniform,scan62,subset_uniform,6,skip_frame,0,6,0.029336571382979553,0.02641857819010814,0.002917993192871414,2.488993326822918,0.0,9.597052716794968,0.002917993192871414,0.0
scan62_subset_uniform,scan62,subset_uniform,6,skip_frame,1,7,0.026666387915611267,0.02035131569330891,0.0063150722223023585,5.28638426462809,1.1944405724589888,-0.2174632269067649,0.002917993192871414,-1.1641833290529688
scan62_subset_uniform,scan62,subset_uniform,6,skip_frame,2,8,0.0184042458422482,0.014717742800712585,0.003686503041535616,3.023713906606039,1.1944405724589888,2.4204148476554543,0.002917993192871414,-0.2633693082429571
scan62_subset_uniform,scan62,subset_uniform,6,skip_frame,4,10,0.008215121226385236,0.0077992350949595375,0.0004158861314256983,0.20731695493062308,0.0,6.318661557688147,0.002917993192871414,0.8574752907437557
scan62_subset_uniform,scan62,subset_uniform,6,skip_global,0,6,0.03270850485811631,0.02641857819010814,0.006289926668008167,5.3447109858195,1.1944405724589888,-0.7340422621572209,0.006289926668008167,0.0
scan62_subset_uniform,scan62,subset_uniform,6,skip_global,1,7,0.02344096638262272,0.02035131569330891,0.0030896506893138102,2.82672119140625,4.777762289835955,5.125199605484221,0.006289926668008167,0.50879384571709
scan62_subset_uniform,scan62,subset_uniform,6,skip_global,2,8,0.017196261789649725,0.014717742800712585,0.0024785189889371395,2.1358675956726074,-1.1944405724589888,2.234844335304416,0.006289926668008167,0.6059542313039379
scan62_subset_uniform,scan62,subset_uniform,6,skip_global,4,10,0.00918362638913095,0.0077992350949595375,0.0013843912941714125,1.0564250151316328,0.0,5.3795972048364895,0.006289926668008167,0.7799034285705261
scan62_subset_uniform,scan62,subset_uniform,7,skip_frame,0,7,0.024952379520982504,0.02035131569330891,0.004601063827673595,3.8498363494873047,2.3888811449179777,9.88778948385264,0.004601063827673595,0.0
scan62_subset_uniform,scan62,subset_uniform,7,skip_frame,1,8,0.01926127526288231,0.014717742800712585,0.0045435324621697255,3.6690045992533378,0.0,0.8988153287332388,0.004601063827673595,0.012503926843579372
scan62_subset_uniform,scan62,subset_uniform,7,skip_frame,2,9,0.013108257514735063,0.01069628338639935,0.0024119741283357143,1.8605763117472325,0.0,-19.115434647719074,0.004601063827673595,0.47577903313824177
scan62_subset_uniform,scan62,subset_uniform,7,skip_frame,4,11,0.00610839668661356,0.005995171144604683,0.0001132255420088768,0.01749070485432913,0.0,15.516652788262306,0.004601063827673595,0.9753914428815637
scan62_subset_uniform,scan62,subset_uniform,7,skip_global,0,7,0.027447874036928017,0.02035131569330891,0.007096558343619108,5.906539599100746,2.3888811449179777,-2.3937737659456273,0.007096558343619108,0.0
scan62_subset_uniform,scan62,subset_uniform,7,skip_global,1,8,0.016990368099262316,0.014717742800712585,0.0022726252985497304,1.9446687698364258,-1.1944405724589888,-17.105533334621047,0.007096558343619108,0.6797566949346414
scan62_subset_uniform,scan62,subset_uniform,7,skip_global,2,9,0.011981871289511522,0.01069628338639935,0.001285587903112173,0.9948306083679199,1.1944405724589888,-7.445581485800709,0.007096558343619108,0.8188434673734327
scan62_subset_uniform,scan62,subset_uniform,7,skip_global,4,11,0.006743671760583918,0.005995171144604683,0.0007485006159792347,0.5335125128428144,0.0,2.370305155916183,0.007096558343619108,0.8945262506504648
scan62_subset_uniform,scan62,subset_uniform,8,skip_frame,0,8,0.01915395011504491,0.014717742800712585,0.004436207314332325,3.5950822830200195,0.0,4.877125391708162,0.004436207314332325,0.0
scan62_subset_uniform,scan62,subset_uniform,8,skip_frame,1,9,0.013649357948452234,0.01069628338639935,0.002953074562052885,2.2139242490132656,0.0,-18.305111641185437,0.004436207314332325,0.3343244909875588
scan62_subset_uniform,scan62,subset_uniform,8,skip_frame,2,10,0.009231163499255976,0.0077992350949595375,0.0014319284042964382,0.9985973040262861,0.0,5.025440832887828,0.004436207314332325,0.6772178794101393
scan62_subset_uniform,scan62,subset_uniform,8,skip_frame,4,12,0.004859962655852239,0.004944806064789494,-8.484340893725496e-05,-0.06363646189371774,0.0,-19.481439823732543,0.004436207314332325,0.9808747871941994
scan62_subset_uniform,scan62,subset_uniform,8,skip_global,0,8,0.020859314128756523,0.014717742800712585,0.006141571328043938,5.077389876047771,-1.1944405724589888,4.515114906970325,0.006141571328043938,0.0
scan62_subset_uniform,scan62,subset_uniform,8,skip_global,1,9,0.01216772897168994,0.01069628338639935,0.0014714455852905903,1.2296916643778477,1.1944405724589888,-2.0807003148439343,0.006141571328043938,0.7604121963752819
scan62_subset_uniform,scan62,subset_uniform,8,skip_global,2,10,0.009072665047521392,0.0077992350949595375,0.0012734299525618544,0.8951265017191572,0.0,16.28872988373419,0.006141571328043938,0.7926540481998381
scan62_subset_uniform,scan62,subset_uniform,8,skip_global,4,12,0.005427440085137884,0.004944806064789494,0.0004826340203483905,0.289782365163167,0.0,-14.016919355128994,0.006141571328043938,0.9214152218432172
scan62_subset_uniform,scan62,subset_uniform,9,skip_frame,0,9,0.013953626931955418,0.01069628338639935,0.0032573435455560684,2.4928518931070958,1.1944405724589888,3.1041352375353526,0.0032573435455560684,0.0
scan62_subset_uniform,scan62,subset_uniform,9,skip_frame,1,10,0.010194248597448071,0.0077992350949595375,0.002395013502488534,1.6378553708394366,0.0,6.058528929523648,0.0032573435455560684,0.2647341402610096
scan62_subset_uniform,scan62,subset_uniform,9,skip_frame,2,11,0.006952745607122779,0.005995171144604683,0.000957574462518096,0.5551529725392657,1.1944405724589888,9.85013838621806,0.0032573435455560684,0.7060259536257707
scan62_subset_uniform,scan62,subset_uniform,9,skip_frame,4,13,0.004401758662424982,0.004416467699532707,-1.4709037107725649e-05,-0.010946671168008848,0.0,-18.951540478857535,0.0032573435455560684,0.9954843457860646
scan62_subset_uniform,scan62,subset_uniform,9,skip_global,0,9,0.01526094600558281,0.01069628338639935,0.00456466261918346,3.5783371925354004,1.1944405724589888,-5.079467513607447,0.00456466261918346,0.0
scan62_subset_uniform,scan62,subset_uniform,9,skip_global,1,10,0.008461770756791035,0.0077992350949595375,0.0006625356618314973,0.5085438092549639,0.0,6.588263104772006,0.00456466261918346,0.8548555025628568
scan62_subset_uniform,scan62,subset_uniform,9,skip_global,2,11,0.006670964959387978,0.005995171144604683,0.0006757938147832947,0.435592333475749,0.0,17.864388233289898,0.00456466261918346,0.8519509827641583
scan62_subset_uniform,scan62,subset_uniform,9,skip_global,4,13,0.004539077325413625,0.004416467699532707,0.0001226096258809175,0.10271994272867868,0.0,-21.522389135744824,0.00456466261918346,0.9731393892364273
scan62_subset_uniform,scan62,subset_uniform,10,skip_frame,0,10,0.010363251436501741,0.0077992350949595375,0.002564016341542204,1.7723906834920244,0.0,2.550005182929922,0.002564016341542204,0.0
scan62_subset_uniform,scan62,subset_uniform,10,skip_frame,1,11,0.007625820115208626,0.005995171144604683,0.0016306489706039429,0.9734815756479902,0.0,5.853475035760885,0.002564016341542204,0.3640255156786011
scan62_subset_uniform,scan62,subset_uniform,10,skip_frame,2,12,0.005579219898208976,0.004944806064789494,0.0006344138334194822,0.32031846046447754,0.0,5.273441497621647,0.002564016341542204,0.7525702846972125
scan62_subset_uniform,scan62,subset_uniform,10,skip_frame,4,14,0.004236549721099436,0.004177031883349021,5.9517837750415296e-05,0.02810939153035541,0.0,6.235751581113705,0.002564016341542204,0.9767872627072975
scan62_subset_uniform,scan62,subset_uniform,10,skip_global,0,10,0.0109377047047019,0.0077992350949595375,0.003138469609742363,2.2222359975179033,0.0,8.271540671867829,0.003138469609742363,0.0
scan62_subset_uniform,scan62,subset_uniform,10,skip_global,1,11,0.006027357730393608,0.005995171144604683,3.21865857889252e-05,0.04424699147542288,0.0,-0.6418706735768955,0.003138469609742363,0.9897444965887157
scan62_subset_uniform,scan62,subset_uniform,10,skip_global,2,12,0.005311874284719427,0.004944806064789494,0.00036706821992993355,0.2395625909169512,0.0,-2.03942438779206,0.003138469609742363,0.8830422895316593
scan62_subset_uniform,scan62,subset_uniform,10,skip_global,4,14,0.004176642823343475,0.004177031883349021,-3.8906000554561615e-07,0.03844634691874216,0.0,-0.6984007164555557,0.003138469609742363,0.999876035120959
scan62_subset_uniform,scan62,subset_uniform,11,skip_frame,0,11,0.00759294427310427,0.005995171144604683,0.001597773128499587,0.9414858818054199,0.0,-1.6700347907905178,0.001597773128499587,0.0
scan62_subset_uniform,scan62,subset_uniform,11,skip_frame,1,12,0.006018655452256401,0.004944806064789494,0.0010738493874669075,0.5658113956451416,0.0,7.568308859448006,0.001597773128499587,0.32790871975965574
scan62_subset_uniform,scan62,subset_uniform,11,skip_frame,2,13,0.004718912222112219,0.004416467699532707,0.0003024445225795116,0.13682158788045307,0.0,-21.279930231260803,0.001597773128499587,0.8107087187881757
scan62_subset_uniform,scan62,subset_uniform,11,skip_frame,4,15,0.004161343017282586,0.004115399400082727,4.594361719985861e-05,0.011838277180989287,0.0,14.369599125556466,0.001597773128499587,0.9712452184979462
scan62_subset_uniform,scan62,subset_uniform,11,skip_global,0,11,0.008114795588577787,0.005995171144604683,0.0021196244439731036,1.3194836775461836,1.1944405724589888,4.946074088093132,0.0021196244439731036,0.0
scan62_subset_uniform,scan62,subset_uniform,11,skip_global,1,12,0.004887735626349847,0.004944806064789494,-5.707043843964678e-05,0.000818332036335967,0.0,-18.558682974411113,0.0021196244439731036,0.9730752121669857
scan62_subset_uniform,scan62,subset_uniform,11,skip_global,2,13,0.004593848095585902,0.004416467699532707,0.000177380396053195,0.13639235496520996,1.1944405724589888,0.18356168968311337,0.0021196244439731036,0.916315177173223
scan62_subset_uniform,scan62,subset_uniform,11,skip_global,4,15,0.004093214985914528,0.004115399400082727,-2.2184414168198614e-05,0.013072808583577178,0.0,15.993319684245595,0.0021196244439731036,0.989533799616589
scan62_subset_uniform,scan62,subset_uniform,12,skip_frame,0,12,0.005986403984328111,0.004944806064789494,0.0010415979195386171,0.5281781355539952,0.0,3.0547169779408954,0.0010415979195386171,0.0
scan62_subset_uniform,scan62,subset_uniform,12,skip_frame,1,13,0.005011927103623748,0.004416467699532707,0.0005954594040910406,0.28531376520792673,0.0,-18.183682216923845,0.0010415979195386171,0.428321242850789
scan62_subset_uniform,scan62,subset_uniform,12,skip_frame,2,14,0.004382982888879876,0.004177031883349021,0.00020595100553085464,0.09720404942830463,0.0,12.176216181841614,0.0010415979195386171,0.8022739853185555
scan62_subset_uniform,scan62,subset_uniform,12,skip_frame,4,16,0.004167560293960075,0.004121589978846411,4.5970315113663673e-05,0.026602427164713838,0.0,-7.970030686563586,0.0010415979195386171,0.9558655847411576
scan62_subset_uniform,scan62,subset_uniform,12,skip_global,0,12,0.006226875353604555,0.004944806064789494,0.0012820692888150615,0.692857027053833,0.0,-6.423247117359939,0.0012820692888150615,0.0
scan62_subset_uniform,scan62,subset_uniform,12,skip_global,1,13,0.004348323952096204,0.004416467699532707,-6.814374743650299e-05,0.003596941630045869,1.1944405724589888,1.4947872555963073,0.0012820692888150615,0.9468486235252667
scan62_subset_uniform,scan62,subset_uniform,12,skip_global,2,14,0.004254573218834897,0.004177031883349021,7.75413354858756e-05,0.10088388125101755,0.0,-4.329028466319638,0.0012820692888150615,0.9395186077988481
scan62_subset_uniform,scan62,subset_uniform,12,skip_global,4,16,0.004088316927663982,0.004121589978846411,-3.3273051182429285e-05,0.01847036679585834,0.0,-5.650473898434928,0.0012820692888150615,0.974047384589345
scan62_subset_uniform,scan62,subset_uniform,13,skip_frame,0,13,0.004988308375080426,0.004416467699532707,0.000571840675547719,0.2459554672241211,0.0,-8.094019270649387,0.000571840675547719,0.0
scan62_subset_uniform,scan62,subset_uniform,13,skip_frame,1,14,0.004531212771932284,0.004177031883349021,0.00035418088858326334,0.1680921713511152,0.0,2.8368017134623376,0.000571840675547719,0.3806301235146963
scan62_subset_uniform,scan62,subset_uniform,13,skip_frame,2,15,0.00423422537278384,0.004115399400082727,0.00011882597270111272,0.041858037312825225,0.0,18.182591574451617,0.000571840675547719,0.7922044062582657
scan62_subset_uniform,scan62,subset_uniform,13,skip_global,0,13,0.0051335888759543495,0.004416467699532707,0.0007171211764216423,0.35532093048095703,0.0,-8.819005858118981,0.0007171211764216423,0.0
scan62_subset_uniform,scan62,subset_uniform,13,skip_global,1,14,0.00418051293430229,0.004177031883349021,3.481050953269005e-06,0.027831951777140596,0.0,4.515169281679418,0.0007171211764216423,0.995145798133254
scan62_subset_uniform,scan62,subset_uniform,13,skip_global,2,15,0.004167494946159422,0.004115399400082727,5.2095546076695413e-05,0.06251716613769531,0.0,15.18308109458123,0.0007171211764216423,0.9273546120383077
scan62_subset_uniform,scan62,subset_uniform,14,skip_frame,0,14,0.004555093978221218,0.004177031883349021,0.0003780620948721971,0.14169526100158691,0.0,-1.7902476142866242,0.0003780620948721971,0.0
scan62_subset_uniform,scan62,subset_uniform,14,skip_frame,1,15,0.00432904305246969,0.004115399400082727,0.00021364365238696337,0.08444293340047171,0.0,16.717684226466094,0.0003780620948721971,0.4348979829380011
scan62_subset_uniform,scan62,subset_uniform,14,skip_frame,2,16,0.004228427540510893,0.004121589978846411,0.00010683756166448167,0.0386195182800293,0.0,-2.6462198166120743,0.0003780620948721971,0.7174073700760775
scan62_subset_uniform,scan62,subset_uniform,14,skip_global,0,14,0.004609872975076239,0.004177031883349021,0.0004328410917272176,0.21349461873372455,0.0,18.82659159507616,0.0004328410917272176,0.0
scan62_subset_uniform,scan62,subset_uniform,14,skip_global,1,15,0.004137507329384486,0.004115399400082727,2.2107929301759185e-05,0.023972908655802705,0.0,13.892432843137922,0.0004328410917272176,0.9489236818677744
scan62_subset_uniform,scan62,subset_uniform,14,skip_global,2,16,0.004141127263816695,0.004121589978846411,1.9537284970283508e-05,0.05618842442830463,0.0,-25.595765991542105,0.0004328410917272176,0.9548626843807237
scan62_subset_uniform,scan62,subset_uniform,15,skip_frame,0,15,0.004336450481787324,0.004115399400082727,0.00022105108170459697,0.059706687927246094,0.0,23.367458022764723,0.00022105108170459697,0.0
scan62_subset_uniform,scan62,subset_uniform,15,skip_frame,1,16,0.004292295081540942,0.004121589978846411,0.000170705102694531,0.05500586827596088,0.0,-2.9980925219265195,0.00022105108170459697,0.22775721621369915
scan62_subset_uniform,scan62,subset_uniform,15,skip_global,0,15,0.004372249435012539,0.004115399400082727,0.00025685003492981195,0.11897587776184082,2.3888811449179777,6.02923602686856,0.00025685003492981195,0.0
scan62_subset_uniform,scan62,subset_uniform,15,skip_global,1,16,0.004113098916908105,0.004121589978846411,-8.491061938306274e-06,0.01196972529093454,0.0,-7.125699830200393,0.00025685003492981195,0.9669415581717691
scan62_subset_uniform,scan62,subset_uniform,16,skip_frame,0,16,0.004288273281417787,0.004121589978846411,0.00016668330257137588,0.041091601053873994,0.0,-0.6522111886673763,0.00016668330257137588,0.0
scan62_subset_uniform,scan62,subset_uniform,16,skip_global,0,16,0.004305374963829915,0.004121589978846411,0.00018378498498350382,0.09324272473653217,1.1944405724589888,-23.18492383187793,0.00018378498498350382,0.0
