step_idx,t_now,t_next,t_mid,delta_t,frame_residual_norm,global_residual_norm,hidden_change_norm,seq_id,sched_key,K
0,0.0,0.14285714285714285,0.07142857142857142,0.14285714285714285,19.384220123291016,5.240767478942871,20.802030563354492,scan1_subset_middle,uniform_K8,8
1,0.14285714285714285,0.2857142857142857,0.21428571428571427,0.14285714285714285,4.389588832855225,4.311295032501221,5.08165168762207,scan1_subset_middle,uniform_K8,8
2,0.2857142857142857,0.42857142857142855,0.3571428571428571,0.14285714285714285,3.952503204345703,4.109676361083984,3.9038097858428955,scan1_subset_middle,uniform_K8,8
3,0.42857142857142855,0.5714285714285714,0.5,0.14285714285714285,3.347111225128174,3.6739227771759033,2.9988276958465576,scan1_subset_middle,uniform_K8,8
4,0.5714285714285714,0.7142857142857142,0.6428571428571428,0.1428571428571428,2.9570865631103516,3.3438758850097656,2.455578088760376,scan1_subset_middle,uniform_K8,8
5,0.7142857142857142,0.8571428571428571,0.7857142857142856,0.1428571428571429,2.818870782852173,3.1716606616973877,2.22880220413208,scan1_subset_middle,uniform_K8,8
6,0.8571428571428571,1.0,0.9285714285714286,0.1428571428571429,2.763559103012085,3.1327497959136963,2.2121829986572266,scan1_subset_middle,uniform_K8,8
7,1.0,1.0,1.0,0.0,2.7083280086517334,3.0442280769348145,2.1467339992523193,scan1_subset_middle,uniform_K8,8
0,0.0,0.1111111111111111,0.05555555555555555,0.1111111111111111,19.627046585083008,5.216716766357422,20.958702087402344,scan1_subset_middle,uniform_K10,10
1,0.1111111111111111,0.2222222222222222,0.16666666666666666,0.1111111111111111,4.3548431396484375,4.220458030700684,4.994438648223877,scan1_subset_middle,uniform_K10,10
2,0.2222222222222222,0.3333333333333333,0.2777777777777778,0.1111111111111111,3.881603956222534,4.046749114990234,3.7988386154174805,scan1_subset_middle,uniform_K10,10
3,0.3333333333333333,0.4444444444444444,0.38888888888888884,0.1111111111111111,3.297283411026001,3.611660957336426,2.821951150894165,scan1_subset_middle,uniform_K10,10
4,0.4444444444444444,0.5555555555555556,0.5,0.11111111111111116,2.8929741382598877,3.233659267425537,2.193580389022827,scan1_subset_middle,uniform_K10,10
5,0.5555555555555556,0.6666666666666666,0.6111111111111112,0.11111111111111105,2.698523759841919,3.0349032878875732,1.9105596542358398,scan1_subset_middle,uniform_K10,10
6,0.6666666666666666,0.7777777777777777,0.7222222222222221,0.11111111111111105,2.5744872093200684,2.9073517322540283,1.8036452531814575,scan1_subset_middle,uniform_K10,10
7,0.7777777777777777,0.8888888888888888,0.8333333333333333,0.11111111111111116,2.4682445526123047,2.8034653663635254,1.7075599431991577,scan1_subset_middle,uniform_K10,10
8,0.8888888888888888,1.0,0.9444444444444444,0.11111111111111116,2.5126333236694336,2.8276891708374023,1.786875605583191,scan1_subset_middle,uniform_K10,10
9,1.0,1.0,1.0,0.0,2.5360054969787598,2.848909616470337,1.8678920269012451,scan1_subset_middle,uniform_K10,10
0,0.0,0.09090909090909091,0.045454545454545456,0.09090909090909091,19.807214736938477,5.2071852684021,21.075334548950195,scan1_subset_middle,uniform_K12,12
1,0.09090909090909091,0.18181818181818182,0.13636363636363635,0.09090909090909091,4.354219913482666,4.174817085266113,4.962714195251465,scan1_subset_middle,uniform_K12,12
2,0.18181818181818182,0.2727272727272727,0.22727272727272727,0.09090909090909088,3.8547167778015137,4.0127363204956055,3.7390031814575195,scan1_subset_middle,uniform_K12,12
3,0.2727272727272727,0.36363636363636365,0.3181818181818182,0.09090909090909094,3.291705369949341,3.581573486328125,2.7163612842559814,scan1_subset_middle,uniform_K12,12
4,0.36363636363636365,0.4545454545454546,0.4090909090909091,0.09090909090909094,2.8946335315704346,3.215623617172241,2.056290864944458,scan1_subset_middle,uniform_K12,12
5,0.4545454545454546,0.5454545454545454,0.5,0.09090909090909083,2.692586898803711,2.9905588626861572,1.7163056135177612,scan1_subset_middle,uniform_K12,12
6,0.5454545454545454,0.6363636363636364,0.5909090909090908,0.09090909090909094,2.5377306938171387,2.8252689838409424,1.5515269041061401,scan1_subset_middle,uniform_K12,12
7,0.6363636363636364,0.7272727272727273,0.6818181818181819,0.09090909090909094,2.3908839225769043,2.6868865489959717,1.4203640222549438,scan1_subset_middle,uniform_K12,12
8,0.7272727272727273,0.8181818181818182,0.7727272727272727,0.09090909090909094,2.3530991077423096,2.6479859352111816,1.4434586763381958,scan1_subset_middle,uniform_K12,12
9,0.8181818181818182,0.9090909090909092,0.8636363636363638,0.09090909090909094,2.3544719219207764,2.652308464050293,1.5001044273376465,scan1_subset_middle,uniform_K12,12
10,0.9090909090909092,1.0,0.9545454545454546,0.09090909090909083,2.387539863586426,2.687427043914795,1.5930286645889282,scan1_subset_middle,uniform_K12,12
11,1.0,1.0,1.0,0.0,2.4430134296417236,2.7367537021636963,1.7149776220321655,scan1_subset_middle,uniform_K12,12
0,0.0,0.08333333333333333,0.041666666666666664,0.08333333333333333,19.812637329101562,5.200933456420898,21.076984405517578,scan1_subset_middle,uniform_K13,13
1,0.08333333333333333,0.16666666666666666,0.125,0.08333333333333333,4.364198684692383,4.16278076171875,4.963509559631348,scan1_subset_middle,uniform_K13,13
2,0.16666666666666666,0.25,0.20833333333333331,0.08333333333333334,3.8525753021240234,4.003512859344482,3.726982831954956,scan1_subset_middle,uniform_K13,13
3,0.25,0.3333333333333333,0.29166666666666663,0.08333333333333331,3.299808979034424,3.577155828475952,2.6888396739959717,scan1_subset_middle,uniform_K13,13
4,0.3333333333333333,0.41666666666666663,0.375,0.08333333333333331,2.9100329875946045,3.202775001525879,2.0036251544952393,scan1_subset_middle,uniform_K13,13
5,0.41666666666666663,0.5,0.4583333333333333,0.08333333333333337,2.7014994621276855,2.9981813430786133,1.6592167615890503,scan1_subset_middle,uniform_K13,13
6,0.5,0.5833333333333333,0.5416666666666666,0.08333333333333326,2.537599563598633,2.807025194168091,1.4599400758743286,scan1_subset_middle,uniform_K13,13
7,0.5833333333333333,0.6666666666666666,0.625,0.08333333333333337,2.3928580284118652,2.662707567214966,1.3194105625152588,scan1_subset_middle,uniform_K13,13
8,0.6666666666666666,0.75,0.7083333333333333,0.08333333333333337,2.3274409770965576,2.599451780319214,1.311476230621338,scan1_subset_middle,uniform_K13,13
9,0.75,0.8333333333333333,0.7916666666666666,0.08333333333333326,2.298917770385742,2.566472291946411,1.3187587261199951,scan1_subset_middle,uniform_K13,13
10,0.8333333333333333,0.9166666666666666,0.875,0.08333333333333337,2.302772045135498,2.594864845275879,1.4163646697998047,scan1_subset_middle,uniform_K13,13
11,0.9166666666666666,1.0,0.9583333333333333,0.08333333333333337,2.3551981449127197,2.647048234939575,1.5280429124832153,scan1_subset_middle,uniform_K13,13
12,1.0,1.0,1.0,0.0,2.415323495864868,2.696956157684326,1.6650474071502686,scan1_subset_middle,uniform_K13,13
0,0.0,0.07692307692307693,0.038461538461538464,0.07692307692307693,19.869449615478516,5.191450595855713,21.111669540405273,scan1_subset_middle,uniform_K14,14
1,0.07692307692307693,0.15384615384615385,0.11538461538461539,0.07692307692307693,4.350496292114258,4.133105754852295,4.932725429534912,scan1_subset_middle,uniform_K14,14
2,0.15384615384615385,0.23076923076923078,0.19230769230769232,0.07692307692307693,3.8421170711517334,3.9954376220703125,3.712120532989502,scan1_subset_middle,uniform_K14,14
3,0.23076923076923078,0.3076923076923077,0.2692307692307693,0.07692307692307693,3.30659818649292,3.570580005645752,2.6601719856262207,scan1_subset_middle,uniform_K14,14
4,0.3076923076923077,0.38461538461538464,0.34615384615384615,0.07692307692307693,2.9266505241394043,3.209430694580078,1.9634530544281006,scan1_subset_middle,uniform_K14,14
5,0.38461538461538464,0.46153846153846156,0.42307692307692313,0.07692307692307693,2.7187623977661133,2.992088794708252,1.6100645065307617,scan1_subset_middle,uniform_K14,14
6,0.46153846153846156,0.5384615384615385,0.5,0.07692307692307698,2.5504133701324463,2.7963626384735107,1.389244794845581,scan1_subset_middle,uniform_K14,14
7,0.5384615384615385,0.6153846153846154,0.576923076923077,0.07692307692307687,2.389209270477295,2.6482059955596924,1.2418549060821533,scan1_subset_middle,uniform_K14,14
8,0.6153846153846154,0.6923076923076923,0.6538461538461539,0.07692307692307687,2.323685884475708,2.5670418739318848,1.195603370666504,scan1_subset_middle,uniform_K14,14
9,0.6923076923076923,0.7692307692307693,0.7307692307692308,0.07692307692307698,2.271670341491699,2.5342628955841064,1.2324639558792114,scan1_subset_middle,uniform_K14,14
10,0.7692307692307693,0.8461538461538463,0.8076923076923077,0.07692307692307698,2.2695446014404297,2.5257139205932617,1.2710758447647095,scan1_subset_middle,uniform_K14,14
11,0.8461538461538463,0.9230769230769231,0.8846153846153847,0.07692307692307687,2.2884514331817627,2.558702230453491,1.3740826845169067,scan1_subset_middle,uniform_K14,14
12,0.9230769230769231,1.0,0.9615384615384616,0.07692307692307687,2.3426241874694824,2.637557029724121,1.5056711435317993,scan1_subset_middle,uniform_K14,14
13,1.0,1.0,1.0,0.0,2.3928141593933105,2.6770389080047607,1.6323000192642212,scan1_subset_middle,uniform_K14,14
0,0.0,0.06666666666666667,0.03333333333333333,0.06666666666666667,19.9836368560791,5.180604934692383,21.18338966369629,scan1_subset_middle,uniform_K16,16
1,0.06666666666666667,0.13333333333333333,0.1,0.06666666666666667,4.353023052215576,4.098836898803711,4.908501148223877,scan1_subset_middle,uniform_K16,16
2,0.13333333333333333,0.2,0.16666666666666669,0.06666666666666668,3.8440284729003906,3.9904837608337402,3.6984922885894775,scan1_subset_middle,uniform_K16,16
3,0.2,0.26666666666666666,0.23333333333333334,0.06666666666666665,3.3261947631835938,3.5732944011688232,2.6300041675567627,scan1_subset_middle,uniform_K16,16
4,0.26666666666666666,0.3333333333333333,0.3,0.06666666666666665,2.961895704269409,3.212904453277588,1.9058678150177002,scan1_subset_middle,uniform_K16,16
5,0.3333333333333333,0.4,0.3666666666666667,0.06666666666666671,2.7567503452301025,3.001919746398926,1.5250238180160522,scan1_subset_middle,uniform_K16,16
6,0.4,0.4666666666666667,0.43333333333333335,0.06666666666666665,2.5918195247650146,2.821380376815796,1.3107975721359253,scan1_subset_middle,uniform_K16,16
7,0.4666666666666667,0.5333333333333333,0.5,0.06666666666666665,2.436591386795044,2.6478586196899414,1.120742678642273,scan1_subset_middle,uniform_K16,16
8,0.5333333333333333,0.6,0.5666666666666667,0.06666666666666665,2.339378595352173,2.5508487224578857,1.0596039295196533,scan1_subset_middle,uniform_K16,16
9,0.6,0.6666666666666666,0.6333333333333333,0.06666666666666665,2.272651433944702,2.4954464435577393,1.0487936735153198,scan1_subset_middle,uniform_K16,16
10,0.6666666666666666,0.7333333333333333,0.7,0.06666666666666665,2.220089912414551,2.457495927810669,1.0706313848495483,scan1_subset_middle,uniform_K16,16
11,0.7333333333333333,0.8,0.7666666666666666,0.06666666666666676,2.207608222961426,2.449246644973755,1.148753046989441,scan1_subset_middle,uniform_K16,16
12,0.8,0.8666666666666667,0.8333333333333334,0.06666666666666665,2.2176778316497803,2.4557151794433594,1.1984504461288452,scan1_subset_middle,uniform_K16,16
13,0.8666666666666667,0.9333333333333333,0.9,0.06666666666666665,2.241225004196167,2.498476505279541,1.311521291732788,scan1_subset_middle,uniform_K16,16
14,0.9333333333333333,1.0,0.9666666666666667,0.06666666666666665,2.3053677082061768,2.5877139568328857,1.4485301971435547,scan1_subset_middle,uniform_K16,16
15,1.0,1.0,1.0,0.0,2.3549227714538574,2.629814863204956,1.5768705606460571,scan1_subset_middle,uniform_K16,16
0,0.0,0.3779644730092272,0.1889822365046136,0.3779644730092272,17.64323616027832,5.487181663513184,19.755786895751953,scan1_subset_middle,power_K8_g0.5,8
1,0.3779644730092272,0.5345224838248488,0.456243478417038,0.1565580108156216,4.891018867492676,4.884771347045898,5.77012300491333,scan1_subset_middle,power_K8_g0.5,8
2,0.5345224838248488,0.6546536707079771,0.5945880772664129,0.1201311868831283,4.3399128913879395,4.372378349304199,4.300903797149658,scan1_subset_middle,power_K8_g0.5,8
3,0.6546536707079771,0.7559289460184544,0.7052913083632157,0.10127527531047731,3.479513168334961,3.825176239013672,3.30619215965271,scan1_subset_middle,power_K8_g0.5,8
4,0.7559289460184544,0.8451542547285166,0.8005416003734855,0.08922530871006218,3.08036732673645,3.461308717727661,2.6715800762176514,scan1_subset_middle,power_K8_g0.5,8
5,0.8451542547285166,0.9258200997725514,0.8854871772505339,0.08066584504403485,2.932803153991699,3.2445616722106934,2.3742048740386963,scan1_subset_middle,power_K8_g0.5,8
6,0.9258200997725514,1.0,0.9629100498862757,0.07417990022744858,2.852858543395996,3.1722195148468018,2.215635299682617,scan1_subset_middle,power_K8_g0.5,8
7,1.0,1.0,1.0,0.0,2.8037502765655518,3.1057262420654297,2.1365160942077637,scan1_subset_middle,power_K8_g0.5,8
0,0.0,0.02040816326530612,0.01020408163265306,0.02040816326530612,20.286705017089844,5.148809909820557,21.37734603881836,scan1_subset_middle,power_K8_g2.0,8
1,0.02040816326530612,0.08163265306122448,0.0510204081632653,0.061224489795918366,4.4007792472839355,4.019143581390381,4.881561279296875,scan1_subset_middle,power_K8_g2.0,8
2,0.08163265306122448,0.18367346938775508,0.13265306122448978,0.1020408163265306,3.8483142852783203,4.003431797027588,3.6942152976989746,scan1_subset_middle,power_K8_g2.0,8
3,0.18367346938775508,0.32653061224489793,0.2551020408163265,0.14285714285714285,3.3545517921447754,3.643277406692505,2.6997838020324707,scan1_subset_middle,power_K8_g2.0,8
4,0.32653061224489793,0.5102040816326531,0.41836734693877553,0.18367346938775514,3.0110371112823486,3.358522653579712,2.224942684173584,scan1_subset_middle,power_K8_g2.0,8
5,0.5102040816326531,0.7346938775510203,0.6224489795918366,0.22448979591836726,2.8949809074401855,3.265413284301758,2.213400363922119,scan1_subset_middle,power_K8_g2.0,8
6,0.7346938775510203,1.0,0.8673469387755102,0.26530612244897966,2.8788795471191406,3.258734703063965,2.3667330741882324,scan1_subset_middle,power_K8_g2.0,8
7,1.0,1.0,1.0,0.0,2.7872865200042725,3.186758279800415,2.371211051940918,scan1_subset_middle,power_K8_g2.0,8
0,0.0,0.3333333333333333,0.16666666666666666,0.3333333333333333,17.947265625,5.439525127410889,19.92901611328125,scan1_subset_middle,power_K10_g0.5,10
1,0.3333333333333333,0.4714045207910317,0.4023689270621825,0.13807118745769836,4.779428958892822,4.7764763832092285,5.64150333404541,scan1_subset_middle,power_K10_g0.5,10
2,0.4714045207910317,0.5773502691896257,0.5243773949903288,0.10594574839859405,4.2257890701293945,4.273914337158203,4.183149337768555,scan1_subset_middle,power_K10_g0.5,10
3,0.5773502691896257,0.6666666666666666,0.6220084679281461,0.0893163974770409,3.383726119995117,3.7151288986206055,3.1473259925842285,scan1_subset_middle,power_K10_g0.5,10
4,0.6666666666666666,0.7453559924999299,0.7060113295832983,0.07868932583326327,2.9505844116210938,3.325490713119507,2.4841971397399902,scan1_subset_middle,power_K10_g0.5,10
5,0.7453559924999299,0.816496580927726,0.780926286713828,0.07114058842779614,2.7667739391326904,3.0908663272857666,2.1259546279907227,scan1_subset_middle,power_K10_g0.5,10
6,0.816496580927726,0.8819171036881969,0.8492068423079615,0.06542052276047083,2.669145345687866,2.9699511528015137,1.9249166250228882,scan1_subset_middle,power_K10_g0.5,10
7,0.8819171036881969,0.9428090415820634,0.9123630726351302,0.06089193789386649,2.6070969104766846,2.9265055656433105,1.8572726249694824,scan1_subset_middle,power_K10_g0.5,10
8,0.9428090415820634,1.0,0.9714045207910317,0.057190958417936644,2.6375787258148193,2.936251401901245,1.877486228942871,scan1_subset_middle,power_K10_g0.5,10
9,1.0,1.0,1.0,0.0,2.6648120880126953,2.9364919662475586,1.9250322580337524,scan1_subset_middle,power_K10_g0.5,10
0,0.0,0.012345679012345678,0.006172839506172839,0.012345679012345678,20.395662307739258,5.141041278839111,21.445743560791016,scan1_subset_middle,power_K10_g2.0,10
1,0.012345679012345678,0.04938271604938271,0.030864197530864196,0.037037037037037035,4.420319080352783,3.9848413467407227,4.873018264770508,scan1_subset_middle,power_K10_g2.0,10
2,0.04938271604938271,0.1111111111111111,0.08024691358024691,0.06172839506172839,3.87758469581604,3.9698877334594727,3.667510509490967,scan1_subset_middle,power_K10_g2.0,10
3,0.1111111111111111,0.19753086419753085,0.15432098765432098,0.08641975308641975,3.4022984504699707,3.6049535274505615,2.5778415203094482,scan1_subset_middle,power_K10_g2.0,10
4,0.19753086419753085,0.308641975308642,0.25308641975308643,0.11111111111111116,3.052844285964966,3.313215970993042,1.911577582359314,scan1_subset_middle,power_K10_g2.0,10
5,0.308641975308642,0.4444444444444444,0.3765432098765432,0.1358024691358024,2.8570547103881836,3.1563591957092285,1.7090336084365845,scan1_subset_middle,power_K10_g2.0,10
6,0.4444444444444444,0.6049382716049383,0.5246913580246914,0.16049382716049387,2.711176872253418,3.0205540657043457,1.706099510192871,scan1_subset_middle,power_K10_g2.0,10
7,0.6049382716049383,0.7901234567901234,0.6975308641975309,0.18518518518518512,2.598754644393921,2.9526538848876953,1.8094526529312134,scan1_subset_middle,power_K10_g2.0,10
8,0.7901234567901234,1.0,0.8950617283950617,0.2098765432098766,2.6080472469329834,2.9695329666137695,1.9562369585037231,scan1_subset_middle,power_K10_g2.0,10
9,1.0,1.0,1.0,0.0,2.60471510887146,2.9479446411132812,2.041128635406494,scan1_subset_middle,power_K10_g2.0,10
0,0.0,0.30151134457776363,0.15075567228888181,0.30151134457776363,18.184967041015625,5.397857189178467,20.072002410888672,scan1_subset_middle,power_K12_g0.5,12
1,0.30151134457776363,0.4264014327112209,0.36395638864449226,0.12489008813345726,4.678199768066406,4.667098522186279,5.507466793060303,scan1_subset_middle,power_K12_g0.5,12
2,0.4264014327112209,0.5222329678670935,0.4743172002891572,0.09583153515587262,4.1229963302612305,4.1943535804748535,4.0663161277771,scan1_subset_middle,power_K12_g0.5,12
3,0.5222329678670935,0.6030226891555273,0.5626278285113104,0.08078972128843376,3.312199831008911,3.6357758045196533,3.0175294876098633,scan1_subset_middle,power_K12_g0.5,12
4,0.6030226891555273,0.674199862463242,0.6386112758093847,0.07117717330771478,2.8803789615631104,3.241211175918579,2.3348681926727295,scan1_subset_middle,power_K12_g0.5,12
5,0.674199862463242,0.7385489458759964,0.7063744041696192,0.06434908341275436,2.6860146522521973,3.00813889503479,1.970605492591858,scan1_subset_middle,power_K12_g0.5,12
6,0.7385489458759964,0.7977240352174656,0.7681364905467309,0.0591750893414692,2.5597989559173584,2.8694868087768555,1.7467615604400635,scan1_subset_middle,power_K12_g0.5,12
7,0.7977240352174656,0.8528028654224418,0.8252634503199536,0.05507883020497617,2.4848687648773193,2.7748241424560547,1.6063289642333984,scan1_subset_middle,power_K12_g0.5,12
8,0.8528028654224418,0.9045340337332909,0.8786684495778663,0.05173116831084912,2.484067440032959,2.752197027206421,1.594028353691101,scan1_subset_middle,power_K12_g0.5,12
9,0.9045340337332909,0.9534625892455924,0.9289983114894416,0.048928555512301464,2.5040159225463867,2.7824227809906006,1.6449761390686035,scan1_subset_middle,power_K12_g0.5,12
10,0.9534625892455924,1.0,0.9767312946227962,0.04653741075440765,2.5421454906463623,2.8243050575256348,1.7138944864273071,scan1_subset_middle,power_K12_g0.5,12
11,1.0,1.0,1.0,0.0,2.6011500358581543,2.856438159942627,1.8094862699508667,scan1_subset_middle,power_K12_g0.5,12
0,0.0,0.008264462809917356,0.004132231404958678,0.008264462809917356,20.407155990600586,5.147421836853027,21.457412719726562,scan1_subset_middle,power_K12_g2.0,12
1,0.008264462809917356,0.03305785123966942,0.02066115702479339,0.024793388429752067,4.431744575500488,3.982128620147705,4.875952243804932,scan1_subset_middle,power_K12_g2.0,12
2,0.03305785123966942,0.07438016528925619,0.053719008264462804,0.041322314049586764,3.894871473312378,3.9537839889526367,3.645487070083618,scan1_subset_middle,power_K12_g2.0,12
3,0.07438016528925619,0.1322314049586777,0.10330578512396693,0.0578512396694215,3.4501230716705322,3.5874886512756348,2.5294480323791504,scan1_subset_middle,power_K12_g2.0,12
4,0.1322314049586777,0.20661157024793386,0.16942148760330578,0.07438016528925617,3.1278276443481445,3.310248374938965,1.797783374786377,scan1_subset_middle,power_K12_g2.0,12
5,0.20661157024793386,0.29752066115702475,0.2520661157024793,0.09090909090909088,2.930124282836914,3.1496999263763428,1.4483051300048828,scan1_subset_middle,power_K12_g2.0,12
6,0.29752066115702475,0.4049586776859504,0.35123966942148754,0.10743801652892565,2.762216567993164,3.0023210048675537,1.3555396795272827,scan1_subset_middle,power_K12_g2.0,12
7,0.4049586776859504,0.5289256198347108,0.4669421487603306,0.12396694214876036,2.6147356033325195,2.8892035484313965,1.3823691606521606,scan1_subset_middle,power_K12_g2.0,12
8,0.5289256198347108,0.6694214876033059,0.5991735537190084,0.14049586776859513,2.5280792713165283,2.8130221366882324,1.4689886569976807,scan1_subset_middle,power_K12_g2.0,12
9,0.6694214876033059,0.8264462809917354,0.7479338842975207,0.15702479338842956,2.4638376235961914,2.781871795654297,1.5937374830245972,scan1_subset_middle,power_K12_g2.0,12
10,0.8264462809917354,1.0,0.9132231404958677,0.17355371900826455,2.4677741527557373,2.8061788082122803,1.7593121528625488,scan1_subset_middle,power_K12_g2.0,12
11,1.0,1.0,1.0,0.0,2.495675563812256,2.81805157661438,1.8646992444992065,scan1_subset_middle,power_K12_g2.0,12
0,0.0,0.14285714285714285,0.07142857142857142,0.14285714285714285,19.18438720703125,5.5854363441467285,20.760629653930664,scan1_subset_uniform,uniform_K8,8
1,0.14285714285714285,0.2857142857142857,0.21428571428571427,0.14285714285714285,4.559073448181152,4.535533905029297,5.292713165283203,scan1_subset_uniform,uniform_K8,8
2,0.2857142857142857,0.42857142857142855,0.3571428571428571,0.14285714285714285,4.085920810699463,4.217673301696777,4.070262432098389,scan1_subset_uniform,uniform_K8,8
3,0.42857142857142855,0.5714285714285714,0.5,0.14285714285714285,3.4604063034057617,3.7476093769073486,3.0346953868865967,scan1_subset_uniform,uniform_K8,8
4,0.5714285714285714,0.7142857142857142,0.6428571428571428,0.1428571428571428,3.0467453002929688,3.383545398712158,2.4484145641326904,scan1_subset_uniform,uniform_K8,8
5,0.7142857142857142,0.8571428571428571,0.7857142857142856,0.1428571428571429,2.8651716709136963,3.172527313232422,2.198876142501831,scan1_subset_uniform,uniform_K8,8
6,0.8571428571428571,1.0,0.9285714285714286,0.1428571428571429,2.7964670658111572,3.1306731700897217,2.1684913635253906,scan1_subset_uniform,uniform_K8,8
7,1.0,1.0,1.0,0.0,2.7912118434906006,3.066527843475342,2.148141384124756,scan1_subset_uniform,uniform_K8,8
0,0.0,0.1111111111111111,0.05555555555555555,0.1111111111111111,19.422183990478516,5.558894157409668,20.9127140045166,scan1_subset_uniform,uniform_K10,10
1,0.1111111111111111,0.2222222222222222,0.16666666666666666,0.1111111111111111,4.520925521850586,4.425612449645996,5.2008957862854,scan1_subset_uniform,uniform_K10,10
2,0.2222222222222222,0.3333333333333333,0.2777777777777778,0.1111111111111111,4.0005083084106445,4.130035877227783,3.948892831802368,scan1_subset_uniform,uniform_K10,10
3,0.3333333333333333,0.4444444444444444,0.38888888888888884,0.1111111111111111,3.386920690536499,3.6765434741973877,2.8581035137176514,scan1_subset_uniform,uniform_K10,10
4,0.4444444444444444,0.5555555555555556,0.5,0.11111111111111116,2.962305784225464,3.268476724624634,2.178632974624634,scan1_subset_uniform,uniform_K10,10
5,0.5555555555555556,0.6666666666666666,0.6111111111111112,0.11111111111111105,2.729210138320923,3.027158498764038,1.8667809963226318,scan1_subset_uniform,uniform_K10,10
6,0.6666666666666666,0.7777777777777777,0.7222222222222221,0.11111111111111105,2.591921806335449,2.8960790634155273,1.7477208375930786,scan1_subset_uniform,uniform_K10,10
7,0.7777777777777777,0.8888888888888888,0.8333333333333333,0.11111111111111116,2.5402169227600098,2.8283615112304688,1.7145295143127441,scan1_subset_uniform,uniform_K10,10
8,0.8888888888888888,1.0,0.9444444444444444,0.11111111111111116,2.558795690536499,2.825732469558716,1.783465027809143,scan1_subset_uniform,uniform_K10,10
9,1.0,1.0,1.0,0.0,2.5684449672698975,2.826049327850342,1.8563519716262817,scan1_subset_uniform,uniform_K10,10
0,0.0,0.09090909090909091,0.045454545454545456,0.09090909090909091,19.598346710205078,5.547595977783203,21.02598762512207,scan1_subset_uniform,uniform_K12,12
1,0.09090909090909091,0.18181818181818182,0.13636363636363635,0.09090909090909091,4.516046047210693,4.3640828132629395,5.1645989418029785,scan1_subset_uniform,uniform_K12,12
2,0.18181818181818182,0.2727272727272727,0.22727272727272727,0.09090909090909088,3.963977336883545,4.08122444152832,3.8789947032928467,scan1_subset_uniform,uniform_K12,12
3,0.2727272727272727,0.36363636363636365,0.3181818181818182,0.09090909090909094,3.3675246238708496,3.6397910118103027,2.753042697906494,scan1_subset_uniform,uniform_K12,12
4,0.36363636363636365,0.4545454545454546,0.4090909090909091,0.09090909090909094,2.9551241397857666,3.2455995082855225,2.039998769760132,scan1_subset_uniform,uniform_K12,12
5,0.4545454545454546,0.5454545454545454,0.5,0.09090909090909083,2.7165117263793945,2.980767250061035,1.6703091859817505,scan1_subset_uniform,uniform_K12,12
6,0.5454545454545454,0.6363636363636364,0.5909090909090908,0.09090909090909094,2.5473811626434326,2.818434715270996,1.502083659172058,scan1_subset_uniform,uniform_K12,12
7,0.6363636363636364,0.7272727272727273,0.6818181818181819,0.09090909090909094,2.4517974853515625,2.7090702056884766,1.4302245378494263,scan1_subset_uniform,uniform_K12,12
8,0.7272727272727273,0.8181818181818182,0.7727272727272727,0.09090909090909094,2.397364616394043,2.659731864929199,1.4534155130386353,scan1_subset_uniform,uniform_K12,12
9,0.8181818181818182,0.9090909090909092,0.8636363636363638,0.09090909090909094,2.390568733215332,2.6456241607666016,1.4999942779541016,scan1_subset_uniform,uniform_K12,12
10,0.9090909090909092,1.0,0.9545454545454546,0.09090909090909083,2.4201455116271973,2.6789958477020264,1.5988293886184692,scan1_subset_uniform,uniform_K12,12
11,1.0,1.0,1.0,0.0,2.4631478786468506,2.709463357925415,1.7094694375991821,scan1_subset_uniform,uniform_K12,12
0,0.0,0.08333333333333333,0.041666666666666664,0.08333333333333333,19.60392951965332,5.540513038635254,21.027984619140625,scan1_subset_uniform,uniform_K13,13
1,0.08333333333333333,0.16666666666666666,0.125,0.08333333333333333,4.524447917938232,4.347540378570557,5.163936614990234,scan1_subset_uniform,uniform_K13,13
2,0.16666666666666666,0.25,0.20833333333333331,0.08333333333333334,3.9601151943206787,4.064374923706055,3.8621857166290283,scan1_subset_uniform,uniform_K13,13
3,0.25,0.3333333333333333,0.29166666666666663,0.08333333333333331,3.3684842586517334,3.633730411529541,2.722116470336914,scan1_subset_uniform,uniform_K13,13
4,0.3333333333333333,0.41666666666666663,0.375,0.08333333333333331,2.965548038482666,3.231566905975342,1.9879826307296753,scan1_subset_uniform,uniform_K13,13
5,0.41666666666666663,0.5,0.4583333333333333,0.08333333333333337,2.725651741027832,2.9885873794555664,1.6129140853881836,scan1_subset_uniform,uniform_K13,13
6,0.5,0.5833333333333333,0.5416666666666666,0.08333333333333326,2.5464870929718018,2.801300525665283,1.4141980409622192,scan1_subset_uniform,uniform_K13,13
7,0.5833333333333333,0.6666666666666666,0.625,0.08333333333333337,2.4428153038024902,2.6814982891082764,1.3273718357086182,scan1_subset_uniform,uniform_K13,13
8,0.6666666666666666,0.75,0.7083333333333333,0.08333333333333337,2.3702688217163086,2.6113979816436768,1.3262032270431519,scan1_subset_uniform,uniform_K13,13
9,0.75,0.8333333333333333,0.7916666666666666,0.08333333333333326,2.3310399055480957,2.565883159637451,1.3262388706207275,scan1_subset_uniform,uniform_K13,13
10,0.8333333333333333,0.9166666666666666,0.875,0.08333333333333337,2.3385753631591797,2.5941319465637207,1.4232090711593628,scan1_subset_uniform,uniform_K13,13
11,0.9166666666666666,1.0,0.9583333333333333,0.08333333333333337,2.37787127494812,2.629793405532837,1.529719352722168,scan1_subset_uniform,uniform_K13,13
12,1.0,1.0,1.0,0.0,2.4219725131988525,2.668149709701538,1.6614676713943481,scan1_subset_uniform,uniform_K13,13
0,0.0,0.07692307692307693,0.038461538461538464,0.07692307692307693,19.65937614440918,5.529778480529785,21.061010360717773,scan1_subset_uniform,uniform_K14,14
1,0.07692307692307693,0.15384615384615385,0.11538461538461539,0.07692307692307693,4.511229515075684,4.315826892852783,5.134110450744629,scan1_subset_uniform,uniform_K14,14
2,0.15384615384615385,0.23076923076923078,0.19230769230769232,0.07692307692307693,3.9480478763580322,4.0525803565979,3.8451004028320312,scan1_subset_uniform,uniform_K14,14
3,0.23076923076923078,0.3076923076923077,0.2692307692307693,0.07692307692307693,3.3710343837738037,3.6230475902557373,2.6934828758239746,scan1_subset_uniform,uniform_K14,14
4,0.3076923076923077,0.38461538461538464,0.34615384615384615,0.07692307692307693,2.9775173664093018,3.2361276149749756,1.9468867778778076,scan1_subset_uniform,uniform_K14,14
5,0.38461538461538464,0.46153846153846156,0.42307692307692313,0.07692307692307693,2.7382593154907227,2.9800446033477783,1.563233494758606,scan1_subset_uniform,uniform_K14,14
6,0.46153846153846156,0.5384615384615385,0.5,0.07692307692307698,2.5592780113220215,2.7903709411621094,1.3418489694595337,scan1_subset_uniform,uniform_K14,14
7,0.5384615384615385,0.6153846153846154,0.576923076923077,0.07692307692307687,2.435957431793213,2.664989709854126,1.247188925743103,scan1_subset_uniform,uniform_K14,14
8,0.6153846153846154,0.6923076923076923,0.6538461538461539,0.07692307692307687,2.363957643508911,2.5839076042175293,1.214147686958313,scan1_subset_uniform,uniform_K14,14
9,0.6923076923076923,0.7692307692307693,0.7307692307692308,0.07692307692307698,2.308192491531372,2.542750835418701,1.249937653541565,scan1_subset_uniform,uniform_K14,14
10,0.7692307692307693,0.8461538461538463,0.8076923076923077,0.07692307692307698,2.307239294052124,2.529590129852295,1.285140037536621,scan1_subset_uniform,uniform_K14,14
11,0.8461538461538463,0.9230769230769231,0.8846153846153847,0.07692307692307687,2.317598581314087,2.5471856594085693,1.3785243034362793,scan1_subset_uniform,uniform_K14,14
12,0.9230769230769231,1.0,0.9615384615384616,0.07692307692307687,2.3521595001220703,2.61279034614563,1.5109422206878662,scan1_subset_uniform,uniform_K14,14
13,1.0,1.0,1.0,0.0,2.3924427032470703,2.6404707431793213,1.627097725868225,scan1_subset_uniform,uniform_K14,14
0,0.0,0.06666666666666667,0.03333333333333333,0.06666666666666667,19.770748138427734,5.517563343048096,21.130247116088867,scan1_subset_uniform,uniform_K16,16
1,0.06666666666666667,0.13333333333333333,0.1,0.06666666666666667,4.510989665985107,4.2747297286987305,5.107959747314453,scan1_subset_uniform,uniform_K16,16
2,0.13333333333333333,0.2,0.16666666666666669,0.06666666666666668,3.9468791484832764,4.0381855964660645,3.827608585357666,scan1_subset_uniform,uniform_K16,16
3,0.2,0.26666666666666666,0.23333333333333334,0.06666666666666665,3.3834850788116455,3.623880386352539,2.663475275039673,scan1_subset_uniform,uniform_K16,16
4,0.26666666666666666,0.3333333333333333,0.3,0.06666666666666665,3.0061748027801514,3.235865592956543,1.8880376815795898,scan1_subset_uniform,uniform_K16,16
5,0.3333333333333333,0.4,0.3666666666666667,0.06666666666666671,2.77463698387146,2.986677885055542,1.4774365425109863,scan1_subset_uniform,uniform_K16,16
6,0.4,0.4666666666666667,0.43333333333333335,0.06666666666666665,2.595980405807495,2.8126285076141357,1.2614644765853882,scan1_subset_uniform,uniform_K16,16
7,0.4666666666666667,0.5333333333333333,0.5,0.06666666666666665,2.4730257987976074,2.659838914871216,1.121273159980774,scan1_subset_uniform,uniform_K16,16
8,0.5333333333333333,0.6,0.5666666666666667,0.06666666666666665,2.371166706085205,2.566007614135742,1.0728217363357544,scan1_subset_uniform,uniform_K16,16
9,0.6,0.6666666666666666,0.6333333333333333,0.06666666666666665,2.3028762340545654,2.5073370933532715,1.0703593492507935,scan1_subset_uniform,uniform_K16,16
10,0.6666666666666666,0.7333333333333333,0.7,0.06666666666666665,2.255129098892212,2.467787504196167,1.095618486404419,scan1_subset_uniform,uniform_K16,16
11,0.7333333333333333,0.8,0.7666666666666666,0.06666666666666676,2.234767198562622,2.4504058361053467,1.1662366390228271,scan1_subset_uniform,uniform_K16,16
12,0.8,0.8666666666666667,0.8333333333333334,0.06666666666666665,2.235887289047241,2.4485809803009033,1.2117774486541748,scan1_subset_uniform,uniform_K16,16
13,0.8666666666666667,0.9333333333333333,0.9,0.06666666666666665,2.2519984245300293,2.482174873352051,1.3186814785003662,scan1_subset_uniform,uniform_K16,16
14,0.9333333333333333,1.0,0.9666666666666667,0.06666666666666665,2.3041110038757324,2.5603318214416504,1.450324535369873,scan1_subset_uniform,uniform_K16,16
15,1.0,1.0,1.0,0.0,2.34879732131958,2.592041015625,1.5745755434036255,scan1_subset_uniform,uniform_K16,16
0,0.0,0.3779644730092272,0.1889822365046136,0.3779644730092272,17.480316162109375,5.850412368774414,19.747329711914062,scan1_subset_uniform,power_K8_g0.5,8
1,0.3779644730092272,0.5345224838248488,0.456243478417038,0.1565580108156216,5.093326091766357,5.224337100982666,6.015110969543457,scan1_subset_uniform,power_K8_g0.5,8
2,0.5345224838248488,0.6546536707079771,0.5945880772664129,0.1201311868831283,4.540836334228516,4.538746356964111,4.556990623474121,scan1_subset_uniform,power_K8_g0.5,8
3,0.6546536707079771,0.7559289460184544,0.7052913083632157,0.10127527531047731,3.6997311115264893,3.909877061843872,3.3559298515319824,scan1_subset_uniform,power_K8_g0.5,8
4,0.7559289460184544,0.8451542547285166,0.8005416003734855,0.08922530871006218,3.1902053356170654,3.5284945964813232,2.6874067783355713,scan1_subset_uniform,power_K8_g0.5,8
5,0.8451542547285166,0.9258200997725514,0.8854871772505339,0.08066584504403485,3.0304057598114014,3.310235023498535,2.3787002563476562,scan1_subset_uniform,power_K8_g0.5,8
6,0.9258200997725514,1.0,0.9629100498862757,0.07417990022744858,2.9396955966949463,3.230668544769287,2.2576568126678467,scan1_subset_uniform,power_K8_g0.5,8
7,1.0,1.0,1.0,0.0,2.8709044456481934,3.141324281692505,2.175740957260132,scan1_subset_uniform,power_K8_g0.5,8
0,0.0,0.02040816326530612,0.01020408163265306,0.02040816326530612,20.067476272583008,5.479236602783203,21.317604064941406,scan1_subset_uniform,power_K8_g2.0,8
1,0.02040816326530612,0.08163265306122448,0.0510204081632653,0.061224489795918366,4.549786567687988,4.16945219039917,5.073073863983154,scan1_subset_uniform,power_K8_g2.0,8
2,0.08163265306122448,0.18367346938775508,0.13265306122448978,0.1020408163265306,3.939441680908203,4.033914566040039,3.8102762699127197,scan1_subset_uniform,power_K8_g2.0,8
3,0.18367346938775508,0.32653061224489793,0.2551020408163265,0.14285714285714285,3.395685911178589,3.6970925331115723,2.732045888900757,scan1_subset_uniform,power_K8_g2.0,8
4,0.32653061224489793,0.5102040816326531,0.41836734693877553,0.18367346938775514,3.0511629581451416,3.3935842514038086,2.2002334594726562,scan1_subset_uniform,power_K8_g2.0,8
5,0.5102040816326531,0.7346938775510203,0.6224489795918366,0.22448979591836726,2.9079079627990723,3.265678882598877,2.154046058654785,scan1_subset_uniform,power_K8_g2.0,8
6,0.7346938775510203,1.0,0.8673469387755102,0.26530612244897966,2.8915176391601562,3.255772113800049,2.3021469116210938,scan1_subset_uniform,power_K8_g2.0,8
7,1.0,1.0,1.0,0.0,2.896334409713745,3.2029802799224854,2.3582961559295654,scan1_subset_uniform,power_K8_g2.0,8
0,0.0,0.3333333333333333,0.16666666666666666,0.3333333333333333,17.778133392333984,5.801017761230469,19.915807723999023,scan1_subset_uniform,power_K10_g0.5,10
1,0.3333333333333333,0.4714045207910317,0.4023689270621825,0.13807118745769836,4.977583408355713,5.094515800476074,5.879732608795166,scan1_subset_uniform,power_K10_g0.5,10
2,0.4714045207910317,0.5773502691896257,0.5243773949903288,0.10594574839859405,4.4060893058776855,4.42617654800415,4.4173994064331055,scan1_subset_uniform,power_K10_g0.5,10
3,0.5773502691896257,0.6666666666666666,0.6220084679281461,0.0893163974770409,3.5771806240081787,3.7885758876800537,3.1938843727111816,scan1_subset_uniform,power_K10_g0.5,10
4,0.6666666666666666,0.7453559924999299,0.7060113295832983,0.07868932583326327,3.0514159202575684,3.3828225135803223,2.495339870452881,scan1_subset_uniform,power_K10_g0.5,10
5,0.7453559924999299,0.816496580927726,0.780926286713828,0.07114058842779614,2.837920665740967,3.128640651702881,2.1202425956726074,scan1_subset_uniform,power_K10_g0.5,10
6,0.816496580927726,0.8819171036881969,0.8492068423079615,0.06542052276047083,2.729762315750122,3.006296396255493,1.9467777013778687,scan1_subset_uniform,power_K10_g0.5,10
7,0.8819171036881969,0.9428090415820634,0.9123630726351302,0.06089193789386649,2.6666107177734375,2.9488954544067383,1.8787219524383545,scan1_subset_uniform,power_K10_g0.5,10
8,0.9428090415820634,1.0,0.9714045207910317,0.057190958417936644,2.6718695163726807,2.9289798736572266,1.8754985332489014,scan1_subset_uniform,power_K10_g0.5,10
9,1.0,1.0,1.0,0.0,2.687788724899292,2.9049649238586426,1.900604486465454,scan1_subset_uniform,power_K10_g0.5,10
0,0.0,0.012345679012345678,0.006172839506172839,0.012345679012345678,20.17347526550293,5.470117092132568,21.383665084838867,scan1_subset_uniform,power_K10_g2.0,10
1,0.012345679012345678,0.04938271604938271,0.030864197530864196,0.037037037037037035,4.568454742431641,4.130524158477783,5.065216541290283,scan1_subset_uniform,power_K10_g2.0,10
2,0.04938271604938271,0.1111111111111111,0.08024691358024691,0.06172839506172839,3.9661624431610107,3.9879393577575684,3.7822225093841553,scan1_subset_uniform,power_K10_g2.0,10
3,0.1111111111111111,0.19753086419753085,0.15432098765432098,0.08641975308641975,3.433718204498291,3.650020122528076,2.607985496520996,scan1_subset_uniform,power_K10_g2.0,10
4,0.19753086419753085,0.308641975308642,0.25308641975308643,0.11111111111111116,3.0769858360290527,3.3246865272521973,1.8836580514907837,scan1_subset_uniform,power_K10_g2.0,10
5,0.308641975308642,0.4444444444444444,0.3765432098765432,0.1358024691358024,2.8578603267669678,3.1386377811431885,1.6489667892456055,scan1_subset_uniform,power_K10_g2.0,10
6,0.4444444444444444,0.6049382716049383,0.5246913580246914,0.16049382716049387,2.7079405784606934,3.016244649887085,1.6534212827682495,scan1_subset_uniform,power_K10_g2.0,10
7,0.6049382716049383,0.7901234567901234,0.6975308641975309,0.18518518518518512,2.6446962356567383,2.970876932144165,1.8044342994689941,scan1_subset_uniform,power_K10_g2.0,10
8,0.7901234567901234,1.0,0.8950617283950617,0.2098765432098766,2.663655996322632,2.9934582710266113,1.9795740842819214,scan1_subset_uniform,power_K10_g2.0,10
9,1.0,1.0,1.0,0.0,2.6699328422546387,2.9691178798675537,2.0641634464263916,scan1_subset_uniform,power_K10_g2.0,10
0,0.0,0.30151134457776363,0.15075567228888181,0.30151134457776363,18.01080322265625,5.7572431564331055,20.054319381713867,scan1_subset_uniform,power_K12_g0.5,12
1,0.30151134457776363,0.4264014327112209,0.36395638864449226,0.12489008813345726,4.87052583694458,4.97011137008667,5.740323066711426,scan1_subset_uniform,power_K12_g0.5,12
2,0.4264014327112209,0.5222329678670935,0.4743172002891572,0.09583153515587262,4.293216705322266,4.3353352546691895,4.284837245941162,scan1_subset_uniform,power_K12_g0.5,12
3,0.5222329678670935,0.6030226891555273,0.5626278285113104,0.08078972128843376,3.489239454269409,3.7080600261688232,3.0656886100769043,scan1_subset_uniform,power_K12_g0.5,12
4,0.6030226891555273,0.674199862463242,0.6386112758093847,0.07117717330771478,2.975675582885742,3.2927520275115967,2.342193365097046,scan1_subset_uniform,power_K12_g0.5,12
5,0.674199862463242,0.7385489458759964,0.7063744041696192,0.06434908341275436,2.74818754196167,3.033646583557129,1.9610726833343506,scan1_subset_uniform,power_K12_g0.5,12
6,0.7385489458759964,0.7977240352174656,0.7681364905467309,0.0591750893414692,2.607003927230835,2.8952035903930664,1.7583361864089966,scan1_subset_uniform,power_K12_g0.5,12
7,0.7977240352174656,0.8528028654224418,0.8252634503199536,0.05507883020497617,2.5424540042877197,2.8002207279205322,1.635213851928711,scan1_subset_uniform,power_K12_g0.5,12
8,0.8528028654224418,0.9045340337332909,0.8786684495778663,0.05173116831084912,2.5198800563812256,2.7501251697540283,1.5934584140777588,scan1_subset_uniform,power_K12_g0.5,12
9,0.9045340337332909,0.9534625892455924,0.9289983114894416,0.048928555512301464,2.5251882076263428,2.7571897506713867,1.6241793632507324,scan1_subset_uniform,power_K12_g0.5,12
10,0.9534625892455924,1.0,0.9767312946227962,0.04653741075440765,2.5628507137298584,2.7978599071502686,1.7025325298309326,scan1_subset_uniform,power_K12_g0.5,12
11,1.0,1.0,1.0,0.0,2.6090564727783203,2.8269851207733154,1.8044500350952148,scan1_subset_uniform,power_K12_g0.5,12
0,0.0,0.008264462809917356,0.004132231404958678,0.008264462809917356,20.185182571411133,5.47564697265625,21.39564323425293,scan1_subset_uniform,power_K12_g2.0,12
1,0.008264462809917356,0.03305785123966942,0.02066115702479339,0.024793388429752067,4.576852321624756,4.120913982391357,5.063971042633057,scan1_subset_uniform,power_K12_g2.0,12
2,0.03305785123966942,0.07438016528925619,0.053719008264462804,0.041322314049586764,3.9780948162078857,3.9649202823638916,3.758819103240967,scan1_subset_uniform,power_K12_g2.0,12
3,0.07438016528925619,0.1322314049586777,0.10330578512396693,0.0578512396694215,3.4763784408569336,3.632402181625366,2.5634374618530273,scan1_subset_uniform,power_K12_g2.0,12
4,0.1322314049586777,0.20661157024793386,0.16942148760330578,0.07438016528925617,3.147749662399292,3.309246778488159,1.7814664840698242,scan1_subset_uniform,power_K12_g2.0,12
5,0.20661157024793386,0.29752066115702475,0.2520661157024793,0.09090909090909088,2.9270212650299072,3.12007212638855,1.407423734664917,scan1_subset_uniform,power_K12_g2.0,12
6,0.29752066115702475,0.4049586776859504,0.35123966942148754,0.10743801652892565,2.7524938583374023,2.974382162094116,1.3073575496673584,scan1_subset_uniform,power_K12_g2.0,12
7,0.4049586776859504,0.5289256198347108,0.4669421487603306,0.12396694214876036,2.6231117248535156,2.8805289268493652,1.3595556020736694,scan1_subset_uniform,power_K12_g2.0,12
8,0.5289256198347108,0.6694214876033059,0.5991735537190084,0.14049586776859513,2.5458743572235107,2.840092658996582,1.4932606220245361,scan1_subset_uniform,power_K12_g2.0,12
9,0.6694214876033059,0.8264462809917354,0.7479338842975207,0.15702479338842956,2.512819766998291,2.8322811126708984,1.6557228565216064,scan1_subset_uniform,power_K12_g2.0,12
10,0.8264462809917354,1.0,0.9132231404958677,0.17355371900826455,2.53703236579895,2.861295461654663,1.8284828662872314,scan1_subset_uniform,power_K12_g2.0,12
11,1.0,1.0,1.0,0.0,2.56634783744812,2.8619868755340576,1.9207572937011719,scan1_subset_uniform,power_K12_g2.0,12
0,0.0,0.14285714285714285,0.07142857142857142,0.14285714285714285,19.56356430053711,5.400038242340088,21.017038345336914,scan4_subset_middle,uniform_K8,8
1,0.14285714285714285,0.2857142857142857,0.21428571428571427,0.14285714285714285,4.642467021942139,4.657258033752441,5.571301460266113,scan4_subset_middle,uniform_K8,8
2,0.2857142857142857,0.42857142857142855,0.3571428571428571,0.14285714285714285,4.0451765060424805,4.181369781494141,3.8630146980285645,scan4_subset_middle,uniform_K8,8
3,0.42857142857142855,0.5714285714285714,0.5,0.14285714285714285,3.3882219791412354,3.730766534805298,3.0091848373413086,scan4_subset_middle,uniform_K8,8
4,0.5714285714285714,0.7142857142857142,0.6428571428571428,0.1428571428571428,2.9713118076324463,3.429083824157715,2.5142459869384766,scan4_subset_middle,uniform_K8,8
5,0.7142857142857142,0.8571428571428571,0.7857142857142856,0.1428571428571429,2.848527193069458,3.352376699447632,2.3546152114868164,scan4_subset_middle,uniform_K8,8
6,0.8571428571428571,1.0,0.9285714285714286,0.1428571428571429,2.8666090965270996,3.3811378479003906,2.319814443588257,scan4_subset_middle,uniform_K8,8
7,1.0,1.0,1.0,0.0,2.9149587154388428,3.343669891357422,2.2699620723724365,scan4_subset_middle,uniform_K8,8
0,0.0,0.1111111111111111,0.05555555555555555,0.1111111111111111,19.80669593811035,5.377979755401611,21.17315101623535,scan4_subset_middle,uniform_K10,10
1,0.1111111111111111,0.2222222222222222,0.16666666666666666,0.1111111111111111,4.609408855438232,4.581417560577393,5.492320537567139,scan4_subset_middle,uniform_K10,10
2,0.2222222222222222,0.3333333333333333,0.2777777777777778,0.1111111111111111,3.9771547317504883,4.118124961853027,3.7493739128112793,scan4_subset_middle,uniform_K10,10
3,0.3333333333333333,0.4444444444444444,0.38888888888888884,0.1111111111111111,3.3408572673797607,3.6663787364959717,2.8222403526306152,scan4_subset_middle,uniform_K10,10
4,0.4444444444444444,0.5555555555555556,0.5,0.11111111111111116,2.8977575302124023,3.2756094932556152,2.200993776321411,scan4_subset_middle,uniform_K10,10
5,0.5555555555555556,0.6666666666666666,0.6111111111111112,0.11111111111111105,2.692124605178833,3.122495174407959,1.9657909870147705,scan4_subset_middle,uniform_K10,10
6,0.6666666666666666,0.7777777777777777,0.7222222222222221,0.11111111111111105,2.6075127124786377,3.0599610805511475,1.866796612739563,scan4_subset_middle,uniform_K10,10
7,0.7777777777777777,0.8888888888888888,0.8333333333333333,0.11111111111111116,2.5943658351898193,3.04038143157959,1.8288646936416626,scan4_subset_middle,uniform_K10,10
8,0.8888888888888888,1.0,0.9444444444444444,0.11111111111111116,2.6931228637695312,3.0760879516601562,1.8896628618240356,scan4_subset_middle,uniform_K10,10
9,1.0,1.0,1.0,0.0,2.741487741470337,3.0624496936798096,2.003077507019043,scan4_subset_middle,uniform_K10,10
0,0.0,0.09090909090909091,0.045454545454545456,0.09090909090909091,19.986814498901367,5.3710246086120605,21.29020118713379,scan4_subset_middle,uniform_K12,12
1,0.09090909090909091,0.18181818181818182,0.13636363636363635,0.09090909090909091,4.607370376586914,4.544706344604492,5.463388442993164,scan4_subset_middle,uniform_K12,12
2,0.18181818181818182,0.2727272727272727,0.22727272727272727,0.09090909090909088,3.9525327682495117,4.0860595703125,3.6873741149902344,scan4_subset_middle,uniform_K12,12
3,0.2727272727272727,0.36363636363636365,0.3181818181818182,0.09090909090909094,3.339771032333374,3.6354780197143555,2.709803819656372,scan4_subset_middle,uniform_K12,12
4,0.36363636363636365,0.4545454545454546,0.4090909090909091,0.09090909090909094,2.9015309810638428,3.2436769008636475,2.04682993888855,scan4_subset_middle,uniform_K12,12
5,0.4545454545454546,0.5454545454545454,0.5,0.09090909090909083,2.6769301891326904,3.0291168689727783,1.730429768562317,scan4_subset_middle,uniform_K12,12
6,0.5454545454545454,0.6363636363636364,0.5909090909090908,0.09090909090909094,2.5401430130004883,2.9122579097747803,1.580047607421875,scan4_subset_middle,uniform_K12,12
7,0.6363636363636364,0.7272727272727273,0.6818181818181819,0.09090909090909094,2.4606871604919434,2.839168071746826,1.5074151754379272,scan4_subset_middle,uniform_K12,12
8,0.7272727272727273,0.8181818181818182,0.7727272727272727,0.09090909090909094,2.458437919616699,2.8270621299743652,1.5307070016860962,scan4_subset_middle,uniform_K12,12
9,0.8181818181818182,0.9090909090909092,0.8636363636363638,0.09090909090909094,2.4958794116973877,2.8111624717712402,1.591147780418396,scan4_subset_middle,uniform_K12,12
10,0.9090909090909092,1.0,0.9545454545454546,0.09090909090909083,2.5169677734375,2.8318116664886475,1.6551368236541748,scan4_subset_middle,uniform_K12,12
11,1.0,1.0,1.0,0.0,2.5737195014953613,2.8639419078826904,1.7811663150787354,scan4_subset_middle,uniform_K12,12
0,0.0,0.08333333333333333,0.041666666666666664,0.08333333333333333,19.992448806762695,5.365786552429199,21.29214859008789,scan4_subset_middle,uniform_K13,13
1,0.08333333333333333,0.16666666666666666,0.125,0.08333333333333333,4.616635799407959,4.534538269042969,5.463917255401611,scan4_subset_middle,uniform_K13,13
2,0.16666666666666666,0.25,0.20833333333333331,0.08333333333333334,3.9513747692108154,4.077094078063965,3.6738357543945312,scan4_subset_middle,uniform_K13,13
3,0.25,0.3333333333333333,0.29166666666666663,0.08333333333333331,3.348788261413574,3.633371591567993,2.6802875995635986,scan4_subset_middle,uniform_K13,13
4,0.3333333333333333,0.41666666666666663,0.375,0.08333333333333331,2.9201958179473877,3.226163387298584,1.9847594499588013,scan4_subset_middle,uniform_K13,13
5,0.41666666666666663,0.5,0.4583333333333333,0.08333333333333337,2.6860930919647217,3.0234806537628174,1.6654222011566162,scan4_subset_middle,uniform_K13,13
6,0.5,0.5833333333333333,0.5416666666666666,0.08333333333333326,2.5335795879364014,2.8745040893554688,1.480520486831665,scan4_subset_middle,uniform_K13,13
7,0.5833333333333333,0.6666666666666666,0.625,0.08333333333333337,2.441849946975708,2.7882442474365234,1.3939974308013916,scan4_subset_middle,uniform_K13,13
8,0.6666666666666666,0.75,0.7083333333333333,0.08333333333333337,2.411132574081421,2.750066041946411,1.3952807188034058,scan4_subset_middle,uniform_K13,13
9,0.75,0.8333333333333333,0.7916666666666666,0.08333333333333326,2.4172239303588867,2.7082273960113525,1.3933545351028442,scan4_subset_middle,uniform_K13,13
10,0.8333333333333333,0.9166666666666666,0.875,0.08333333333333337,2.422189474105835,2.72934627532959,1.477096438407898,scan4_subset_middle,uniform_K13,13
11,0.9166666666666666,1.0,0.9583333333333333,0.08333333333333337,2.472003936767578,2.764674663543701,1.5892852544784546,scan4_subset_middle,uniform_K13,13
12,1.0,1.0,1.0,0.0,2.518519639968872,2.7983503341674805,1.7134573459625244,scan4_subset_middle,uniform_K13,13
0,0.0,0.07692307692307693,0.038461538461538464,0.07692307692307693,20.049287796020508,5.357138156890869,21.326614379882812,scan4_subset_middle,uniform_K14,14
1,0.07692307692307693,0.15384615384615385,0.11538461538461539,0.07692307692307693,4.604843616485596,4.50806188583374,5.436525821685791,scan4_subset_middle,uniform_K14,14
2,0.15384615384615385,0.23076923076923078,0.19230769230769232,0.07692307692307693,3.942079544067383,4.071327209472656,3.6574792861938477,scan4_subset_middle,uniform_K14,14
3,0.23076923076923078,0.3076923076923077,0.2692307692307693,0.07692307692307693,3.359325647354126,3.6258175373077393,2.649404287338257,scan4_subset_middle,uniform_K14,14
4,0.3076923076923077,0.38461538461538464,0.34615384615384615,0.07692307692307693,2.9375112056732178,3.2255849838256836,1.93306565284729,scan4_subset_middle,uniform_K14,14
5,0.38461538461538464,0.46153846153846156,0.42307692307692313,0.07692307692307693,2.700207233428955,3.0057129859924316,1.6045804023742676,scan4_subset_middle,uniform_K14,14
6,0.46153846153846156,0.5384615384615385,0.5,0.07692307692307698,2.5417890548706055,2.849424123764038,1.402764081954956,scan4_subset_middle,uniform_K14,14
7,0.5384615384615385,0.6153846153846154,0.576923076923077,0.07692307692307687,2.4289298057556152,2.756791591644287,1.3079142570495605,scan4_subset_middle,uniform_K14,14
8,0.6153846153846154,0.6923076923076923,0.6538461538461539,0.07692307692307687,2.3923580646514893,2.697469711303711,1.2732558250427246,scan4_subset_middle,uniform_K14,14
9,0.6923076923076923,0.7692307692307693,0.7307692307692308,0.07692307692307698,2.3691935539245605,2.6562139987945557,1.3061504364013672,scan4_subset_middle,uniform_K14,14
10,0.7692307692307693,0.8461538461538463,0.8076923076923077,0.07692307692307698,2.366713285446167,2.6403350830078125,1.3294624090194702,scan4_subset_middle,uniform_K14,14
11,0.8461538461538463,0.9230769230769231,0.8846153846153847,0.07692307692307687,2.3889687061309814,2.6617655754089355,1.4275115728378296,scan4_subset_middle,uniform_K14,14
12,0.9230769230769231,1.0,0.9615384615384616,0.07692307692307687,2.436988592147827,2.731189489364624,1.550879955291748,scan4_subset_middle,uniform_K14,14
13,1.0,1.0,1.0,0.0,2.4805283546447754,2.7519736289978027,1.666333794593811,scan4_subset_middle,uniform_K14,14
0,0.0,0.06666666666666667,0.03333333333333333,0.06666666666666667,20.163551330566406,5.347370147705078,21.3978328704834,scan4_subset_middle,uniform_K16,16
1,0.06666666666666667,0.13333333333333333,0.1,0.06666666666666667,4.6045026779174805,4.475109577178955,5.408644199371338,scan4_subset_middle,uniform_K16,16
2,0.13333333333333333,0.2,0.16666666666666669,0.06666666666666668,3.941636085510254,4.066218376159668,3.6385419368743896,scan4_subset_middle,uniform_K16,16
3,0.2,0.26666666666666666,0.23333333333333334,0.06666666666666665,3.3812098503112793,3.629774570465088,2.614183187484741,scan4_subset_middle,uniform_K16,16
4,0.26666666666666666,0.3333333333333333,0.3,0.06666666666666665,2.9761605262756348,3.2234888076782227,1.8631489276885986,scan4_subset_middle,uniform_K16,16
5,0.3333333333333333,0.4,0.3666666666666667,0.06666666666666671,2.742889165878296,3.000845193862915,1.5030319690704346,scan4_subset_middle,uniform_K16,16
6,0.4,0.4666666666666667,0.43333333333333335,0.06666666666666665,2.577256679534912,2.852847099304199,1.309728741645813,scan4_subset_middle,uniform_K16,16
7,0.4666666666666667,0.5333333333333333,0.5,0.06666666666666665,2.456857204437256,2.712953805923462,1.1609009504318237,scan4_subset_middle,uniform_K16,16
8,0.5333333333333333,0.6,0.5666666666666667,0.06666666666666665,2.377135992050171,2.637256622314453,1.115735411643982,scan4_subset_middle,uniform_K16,16
9,0.6,0.6666666666666666,0.6333333333333333,0.06666666666666665,2.3354134559631348,2.585045099258423,1.10877525806427,scan4_subset_middle,uniform_K16,16
10,0.6666666666666666,0.7333333333333333,0.7,0.06666666666666665,2.294149875640869,2.5509676933288574,1.123368740081787,scan4_subset_middle,uniform_K16,16
11,0.7333333333333333,0.8,0.7666666666666666,0.06666666666666676,2.2842202186584473,2.533740520477295,1.2024049758911133,scan4_subset_middle,uniform_K16,16
12,0.8,0.8666666666666667,0.8333333333333334,0.06666666666666665,2.2911601066589355,2.527707815170288,1.2348154783248901,scan4_subset_middle,uniform_K16,16
13,0.8666666666666667,0.9333333333333333,0.9,0.06666666666666665,2.3125221729278564,2.562415599822998,1.3390697240829468,scan4_subset_middle,uniform_K16,16
14,0.9333333333333333,1.0,0.9666666666666667,0.06666666666666665,2.371521472930908,2.646324396133423,1.4688960313796997,scan4_subset_middle,uniform_K16,16
15,1.0,1.0,1.0,0.0,2.418743848800659,2.6747798919677734,1.5853387117385864,scan4_subset_middle,uniform_K16,16
0,0.0,0.3779644730092272,0.1889822365046136,0.3779644730092272,17.818099975585938,5.628846645355225,19.970653533935547,scan4_subset_middle,power_K8_g0.5,8
1,0.3779644730092272,0.5345224838248488,0.456243478417038,0.1565580108156216,5.158793926239014,5.11570930480957,6.181822299957275,scan4_subset_middle,power_K8_g0.5,8
2,0.5345224838248488,0.6546536707079771,0.5945880772664129,0.1201311868831283,4.406704425811768,4.432343482971191,4.275357723236084,scan4_subset_middle,power_K8_g0.5,8
3,0.6546536707079771,0.7559289460184544,0.7052913083632157,0.10127527531047731,3.5499556064605713,3.9115636348724365,3.3759279251098633,scan4_subset_middle,power_K8_g0.5,8
4,0.7559289460184544,0.8451542547285166,0.8005416003734855,0.08922530871006218,3.132756471633911,3.5738425254821777,2.7572507858276367,scan4_subset_middle,power_K8_g0.5,8
5,0.8451542547285166,0.9258200997725514,0.8854871772505339,0.08066584504403485,2.9651784896850586,3.459500312805176,2.4908370971679688,scan4_subset_middle,power_K8_g0.5,8
6,0.9258200997725514,1.0,0.9629100498862757,0.07417990022744858,2.972701072692871,3.4465363025665283,2.3442704677581787,scan4_subset_middle,power_K8_g0.5,8
7,1.0,1.0,1.0,0.0,2.996624231338501,3.3451414108276367,2.2398414611816406,scan4_subset_middle,power_K8_g0.5,8
0,0.0,0.02040816326530612,0.01020408163265306,0.02040816326530612,20.467166900634766,5.318826198577881,21.59192657470703,scan4_subset_middle,power_K8_g2.0,8
1,0.02040816326530612,0.08163265306122448,0.0510204081632653,0.061224489795918366,4.649656772613525,4.406981468200684,5.380122184753418,scan4_subset_middle,power_K8_g2.0,8
2,0.08163265306122448,0.18367346938775508,0.13265306122448978,0.1020408163265306,3.9511258602142334,4.090577125549316,3.633403778076172,scan4_subset_middle,power_K8_g2.0,8
3,0.18367346938775508,0.32653061224489793,0.2551020408163265,0.14285714285714285,3.417926788330078,3.7053170204162598,2.6824395656585693,scan4_subset_middle,power_K8_g2.0,8
4,0.32653061224489793,0.5102040816326531,0.41836734693877553,0.18367346938775514,3.0226998329162598,3.374300479888916,2.1975011825561523,scan4_subset_middle,power_K8_g2.0,8
5,0.5102040816326531,0.7346938775510203,0.6224489795918366,0.22448979591836726,2.8699800968170166,3.3309953212738037,2.254580020904541,scan4_subset_middle,power_K8_g2.0,8
6,0.7346938775510203,1.0,0.8673469387755102,0.26530612244897966,2.937673807144165,3.4681549072265625,2.4945967197418213,scan4_subset_middle,power_K8_g2.0,8
7,1.0,1.0,1.0,0.0,3.0172195434570312,3.5867085456848145,2.6159191131591797,scan4_subset_middle,power_K8_g2.0,8
0,0.0,0.3333333333333333,0.16666666666666666,0.3333333333333333,18.123111724853516,5.585258483886719,20.14432144165039,scan4_subset_middle,power_K10_g0.5,10
1,0.3333333333333333,0.4714045207910317,0.4023689270621825,0.13807118745769836,5.045739650726318,5.033217906951904,6.072641372680664,scan4_subset_middle,power_K10_g0.5,10
2,0.4714045207910317,0.5773502691896257,0.5243773949903288,0.10594574839859405,4.295925140380859,4.334707260131836,4.155827045440674,scan4_subset_middle,power_K10_g0.5,10
3,0.5773502691896257,0.6666666666666666,0.6220084679281461,0.0893163974770409,3.44136118888855,3.7917633056640625,3.202012062072754,scan4_subset_middle,power_K10_g0.5,10
4,0.6666666666666666,0.7453559924999299,0.7060113295832983,0.07868932583326327,2.986133098602295,3.4221701622009277,2.5490691661834717,scan4_subset_middle,power_K10_g0.5,10
5,0.7453559924999299,0.816496580927726,0.780926286713828,0.07114058842779614,2.781456232070923,3.252674102783203,2.2111566066741943,scan4_subset_middle,power_K10_g0.5,10
6,0.816496580927726,0.8819171036881969,0.8492068423079615,0.06542052276047083,2.7371623516082764,3.1878745555877686,2.024761438369751,scan4_subset_middle,power_K10_g0.5,10
7,0.8819171036881969,0.9428090415820634,0.9123630726351302,0.06089193789386649,2.7643797397613525,3.1588640213012695,1.9518684148788452,scan4_subset_middle,power_K10_g0.5,10
8,0.9428090415820634,1.0,0.9714045207910317,0.057190958417936644,2.7946441173553467,3.141026020050049,1.9422086477279663,scan4_subset_middle,power_K10_g0.5,10
9,1.0,1.0,1.0,0.0,2.816843271255493,3.1212456226348877,2.0075275897979736,scan4_subset_middle,power_K10_g0.5,10
0,0.0,0.012345679012345678,0.006172839506172839,0.012345679012345678,20.576017379760742,5.31177282333374,21.6595516204834,scan4_subset_middle,power_K10_g2.0,10
1,0.012345679012345678,0.04938271604938271,0.030864197530864196,0.037037037037037035,4.667556285858154,4.376748561859131,5.368882179260254,scan4_subset_middle,power_K10_g2.0,10
2,0.04938271604938271,0.1111111111111111,0.08024691358024691,0.06172839506172839,3.9795477390289307,4.058951377868652,3.599857807159424,scan4_subset_middle,power_K10_g2.0,10
3,0.1111111111111111,0.19753086419753085,0.15432098765432098,0.08641975308641975,3.4759323596954346,3.6688568592071533,2.547395944595337,scan4_subset_middle,power_K10_g2.0,10
4,0.19753086419753085,0.308641975308642,0.25308641975308643,0.11111111111111116,3.0807578563690186,3.3179807662963867,1.8478901386260986,scan4_subset_middle,power_K10_g2.0,10
5,0.308641975308642,0.4444444444444444,0.3765432098765432,0.1358024691358024,2.838258981704712,3.1424057483673096,1.671859860420227,scan4_subset_middle,power_K10_g2.0,10
6,0.4444444444444444,0.6049382716049383,0.5246913580246914,0.16049382716049387,2.6953017711639404,3.063891887664795,1.730963110923767,scan4_subset_middle,power_K10_g2.0,10
7,0.6049382716049383,0.7901234567901234,0.6975308641975309,0.18518518518518512,2.6337227821350098,3.099250078201294,1.9175732135772705,scan4_subset_middle,power_K10_g2.0,10
8,0.7901234567901234,1.0,0.8950617283950617,0.2098765432098766,2.733427047729492,3.217949628829956,2.1131582260131836,scan4_subset_middle,power_K10_g2.0,10
9,1.0,1.0,1.0,0.0,2.8380894660949707,3.1960973739624023,2.175236463546753,scan4_subset_middle,power_K10_g2.0,10
0,0.0,0.30151134457776363,0.15075567228888181,0.30151134457776363,18.361650466918945,5.544680595397949,20.28725242614746,scan4_subset_middle,power_K12_g0.5,12
1,0.30151134457776363,0.4264014327112209,0.36395638864449226,0.12489008813345726,4.941883087158203,4.940479755401611,5.94890022277832,scan4_subset_middle,power_K12_g0.5,12
2,0.4264014327112209,0.5222329678670935,0.4743172002891572,0.09583153515587262,4.197695255279541,4.252448081970215,4.037626266479492,scan4_subset_middle,power_K12_g0.5,12
3,0.5222329678670935,0.6030226891555273,0.5626278285113104,0.08078972128843376,3.3639094829559326,3.705343723297119,3.0586376190185547,scan4_subset_middle,power_K12_g0.5,12
4,0.6030226891555273,0.674199862463242,0.6386112758093847,0.07117717330771478,2.9061903953552246,3.324103832244873,2.384880304336548,scan4_subset_middle,power_K12_g0.5,12
5,0.674199862463242,0.7385489458759964,0.7063744041696192,0.06434908341275436,2.6927549839019775,3.1390888690948486,2.037080764770508,scan4_subset_middle,power_K12_g0.5,12
6,0.7385489458759964,0.7977240352174656,0.7681364905467309,0.0591750893414692,2.6060473918914795,3.0493032932281494,1.8241097927093506,scan4_subset_middle,power_K12_g0.5,12
7,0.7977240352174656,0.8528028654224418,0.8252634503199536,0.05507883020497617,2.606282949447632,2.9709599018096924,1.6905256509780884,scan4_subset_middle,power_K12_g0.5,12
8,0.8528028654224418,0.9045340337332909,0.8786684495778663,0.05173116831084912,2.614661455154419,2.9378581047058105,1.649836540222168,scan4_subset_middle,power_K12_g0.5,12
9,0.9045340337332909,0.9534625892455924,0.9289983114894416,0.048928555512301464,2.6408462524414062,2.944091320037842,1.7119472026824951,scan4_subset_middle,power_K12_g0.5,12
10,0.9534625892455924,1.0,0.9767312946227962,0.04653741075440765,2.663104295730591,2.9707651138305664,1.7893118858337402,scan4_subset_middle,power_K12_g0.5,12
11,1.0,1.0,1.0,0.0,2.7064120769500732,2.9829020500183105,1.8669344186782837,scan4_subset_middle,power_K12_g0.5,12
0,0.0,0.008264462809917356,0.004132231404958678,0.008264462809917356,20.587392807006836,5.318941116333008,21.67156410217285,scan4_subset_middle,power_K12_g2.0,12
1,0.008264462809917356,0.03305785123966942,0.02066115702479339,0.024793388429752067,4.679166316986084,4.372457027435303,5.368834495544434,scan4_subset_middle,power_K12_g2.0,12
2,0.03305785123966942,0.07438016528925619,0.053719008264462804,0.041322314049586764,3.9956607818603516,4.04459810256958,3.5813229084014893,scan4_subset_middle,power_K12_g2.0,12
3,0.07438016528925619,0.1322314049586777,0.10330578512396693,0.0578512396694215,3.5291669368743896,3.653780460357666,2.4962077140808105,scan4_subset_middle,power_K12_g2.0,12
4,0.1322314049586777,0.20661157024793386,0.16942148760330578,0.07438016528925617,3.1687309741973877,3.3149328231811523,1.7283250093460083,scan4_subset_middle,power_K12_g2.0,12
5,0.20661157024793386,0.29752066115702475,0.2520661157024793,0.09090909090909088,2.9296488761901855,3.120638132095337,1.3943008184432983,scan4_subset_middle,power_K12_g2.0,12
6,0.29752066115702475,0.4049586776859504,0.35123966942148754,0.10743801652892565,2.7472875118255615,2.996263027191162,1.3378738164901733,scan4_subset_middle,power_K12_g2.0,12
7,0.4049586776859504,0.5289256198347108,0.4669421487603306,0.12396694214876036,2.607262134552002,2.9257125854492188,1.415818214416504,scan4_subset_middle,power_K12_g2.0,12
8,0.5289256198347108,0.6694214876033059,0.5991735537190084,0.14049586776859513,2.5421736240386963,2.87998104095459,1.5254333019256592,scan4_subset_middle,power_K12_g2.0,12
9,0.6694214876033059,0.8264462809917354,0.7479338842975207,0.15702479338842956,2.522099733352661,2.916153907775879,1.6874209642410278,scan4_subset_middle,power_K12_g2.0,12
10,0.8264462809917354,1.0,0.9132231404958677,0.17355371900826455,2.5971219539642334,2.983071804046631,1.860336184501648,scan4_subset_middle,power_K12_g2.0,12
11,1.0,1.0,1.0,0.0,2.655120372772217,2.983879566192627,1.9587877988815308,scan4_subset_middle,power_K12_g2.0,12
0,0.0,0.14285714285714285,0.07142857142857142,0.14285714285714285,19.32651710510254,5.789730072021484,20.98089027404785,scan4_subset_uniform,uniform_K8,8
1,0.14285714285714285,0.2857142857142857,0.21428571428571427,0.14285714285714285,5.046463966369629,4.888990879058838,5.899632930755615,scan4_subset_uniform,uniform_K8,8
2,0.2857142857142857,0.42857142857142855,0.3571428571428571,0.14285714285714285,4.2438554763793945,4.4870285987854,4.186766147613525,scan4_subset_uniform,uniform_K8,8
3,0.42857142857142855,0.5714285714285714,0.5,0.14285714285714285,3.5524723529815674,3.8477935791015625,3.086559772491455,scan4_subset_uniform,uniform_K8,8
4,0.5714285714285714,0.7142857142857142,0.6428571428571428,0.1428571428571428,3.1109302043914795,3.526249408721924,2.541853904724121,scan4_subset_uniform,uniform_K8,8
5,0.7142857142857142,0.8571428571428571,0.7857142857142856,0.1428571428571429,2.988797187805176,3.459940195083618,2.4088001251220703,scan4_subset_uniform,uniform_K8,8
6,0.8571428571428571,1.0,0.9285714285714286,0.1428571428571429,3.0172109603881836,3.4684746265411377,2.386342763900757,scan4_subset_uniform,uniform_K8,8
7,1.0,1.0,1.0,0.0,3.0550320148468018,3.364213466644287,2.2983853816986084,scan4_subset_uniform,uniform_K8,8
0,0.0,0.1111111111111111,0.05555555555555555,0.1111111111111111,19.56264305114746,5.767198085784912,21.131118774414062,scan4_subset_uniform,uniform_K10,10
1,0.1111111111111111,0.2222222222222222,0.16666666666666666,0.1111111111111111,4.991751670837402,4.7809062004089355,5.800913333892822,scan4_subset_uniform,uniform_K10,10
2,0.2222222222222222,0.3333333333333333,0.2777777777777778,0.1111111111111111,4.145132541656494,4.3798322677612305,4.046009540557861,scan4_subset_uniform,uniform_K10,10
3,0.3333333333333333,0.4444444444444444,0.38888888888888884,0.1111111111111111,3.4799306392669678,3.770798921585083,2.8932178020477295,scan4_subset_uniform,uniform_K10,10
4,0.4444444444444444,0.5555555555555556,0.5,0.11111111111111116,3.0233469009399414,3.3823413848876953,2.2472429275512695,scan4_subset_uniform,uniform_K10,10
5,0.5555555555555556,0.6666666666666666,0.6111111111111112,0.11111111111111105,2.812368631362915,3.2265992164611816,2.0021281242370605,scan4_subset_uniform,uniform_K10,10
6,0.6666666666666666,0.7777777777777777,0.7222222222222221,0.11111111111111105,2.7310822010040283,3.123237371444702,1.8965826034545898,scan4_subset_uniform,uniform_K10,10
7,0.7777777777777777,0.8888888888888888,0.8333333333333333,0.11111111111111116,2.7058117389678955,3.0588455200195312,1.8418129682540894,scan4_subset_uniform,uniform_K10,10
8,0.8888888888888888,1.0,0.9444444444444444,0.11111111111111116,2.7478346824645996,3.0363683700561523,1.8838187456130981,scan4_subset_uniform,uniform_K10,10
9,1.0,1.0,1.0,0.0,2.7468183040618896,3.006596565246582,1.9840465784072876,scan4_subset_uniform,uniform_K10,10
0,0.0,0.09090909090909091,0.045454545454545456,0.09090909090909091,19.737178802490234,5.759009838104248,21.242952346801758,scan4_subset_uniform,uniform_K12,12
1,0.09090909090909091,0.18181818181818182,0.13636363636363635,0.09090909090909091,4.976630210876465,4.724218845367432,5.758654594421387,scan4_subset_uniform,uniform_K12,12
2,0.18181818181818182,0.2727272727272727,0.22727272727272727,0.09090909090909088,4.104262351989746,4.318729400634766,3.9648597240448,scan4_subset_uniform,uniform_K12,12
3,0.2727272727272727,0.36363636363636365,0.3181818181818182,0.09090909090909094,3.462297201156616,3.7304792404174805,2.7769460678100586,scan4_subset_uniform,uniform_K12,12
4,0.36363636363636365,0.4545454545454546,0.4090909090909091,0.09090909090909094,3.0181264877319336,3.3455185890197754,2.0951485633850098,scan4_subset_uniform,uniform_K12,12
5,0.4545454545454546,0.5454545454545454,0.5,0.09090909090909083,2.78118634223938,3.1279983520507812,1.7626845836639404,scan4_subset_uniform,uniform_K12,12
6,0.5454545454545454,0.6363636363636364,0.5909090909090908,0.09090909090909094,2.649251699447632,2.9832546710968018,1.6081327199935913,scan4_subset_uniform,uniform_K12,12
7,0.6363636363636364,0.7272727272727273,0.6818181818181819,0.09090909090909094,2.568887710571289,2.8828988075256348,1.536265254020691,scan4_subset_uniform,uniform_K12,12
8,0.7272727272727273,0.8181818181818182,0.7727272727272727,0.09090909090909094,2.53599214553833,2.8303325176239014,1.5412771701812744,scan4_subset_uniform,uniform_K12,12
9,0.8181818181818182,0.9090909090909092,0.8636363636363638,0.09090909090909094,2.536411762237549,2.7904417514801025,1.5850365161895752,scan4_subset_uniform,uniform_K12,12
10,0.9090909090909092,1.0,0.9545454545454546,0.09090909090909083,2.5446650981903076,2.801124334335327,1.6604864597320557,scan4_subset_uniform,uniform_K12,12
11,1.0,1.0,1.0,0.0,2.576481819152832,2.8180787563323975,1.766493558883667,scan4_subset_uniform,uniform_K12,12
0,0.0,0.08333333333333333,0.041666666666666664,0.08333333333333333,19.74304962158203,5.753087997436523,21.245201110839844,scan4_subset_uniform,uniform_K13,13
1,0.08333333333333333,0.16666666666666666,0.125,0.08333333333333333,4.981783390045166,4.707696437835693,5.7555999755859375,scan4_subset_uniform,uniform_K13,13
2,0.16666666666666666,0.25,0.20833333333333331,0.08333333333333334,4.097376823425293,4.2987213134765625,3.943249464035034,scan4_subset_uniform,uniform_K13,13
3,0.25,0.3333333333333333,0.29166666666666663,0.08333333333333331,3.4641010761260986,3.722278356552124,2.7417221069335938,scan4_subset_uniform,uniform_K13,13
4,0.3333333333333333,0.41666666666666663,0.375,0.08333333333333331,3.030780076980591,3.324847459793091,2.0334455966949463,scan4_subset_uniform,uniform_K13,13
5,0.41666666666666663,0.5,0.4583333333333333,0.08333333333333337,2.783844232559204,3.1190407276153564,1.6907144784927368,scan4_subset_uniform,uniform_K13,13
6,0.5,0.5833333333333333,0.5416666666666666,0.08333333333333326,2.637209415435791,2.947415828704834,1.5072280168533325,scan4_subset_uniform,uniform_K13,13
7,0.5833333333333333,0.6666666666666666,0.625,0.08333333333333337,2.547527313232422,2.836822986602783,1.4229756593704224,scan4_subset_uniform,uniform_K13,13
8,0.6666666666666666,0.75,0.7083333333333333,0.08333333333333337,2.489501953125,2.76485276222229,1.4106223583221436,scan4_subset_uniform,uniform_K13,13
9,0.75,0.8333333333333333,0.7916666666666666,0.08333333333333326,2.464049816131592,2.7026302814483643,1.403581976890564,scan4_subset_uniform,uniform_K13,13
10,0.8333333333333333,0.9166666666666666,0.875,0.08333333333333337,2.453378438949585,2.711589813232422,1.4863284826278687,scan4_subset_uniform,uniform_K13,13
11,0.9166666666666666,1.0,0.9583333333333333,0.08333333333333337,2.4862418174743652,2.733496904373169,1.5872828960418701,scan4_subset_uniform,uniform_K13,13
12,1.0,1.0,1.0,0.0,2.522595167160034,2.760132312774658,1.7098766565322876,scan4_subset_uniform,uniform_K13,13
0,0.0,0.07692307692307693,0.038461538461538464,0.07692307692307693,19.797914505004883,5.743467330932617,21.277326583862305,scan4_subset_uniform,uniform_K14,14
1,0.07692307692307693,0.15384615384615385,0.11538461538461539,0.07692307692307693,4.965455532073975,4.676242828369141,5.724790096282959,scan4_subset_uniform,uniform_K14,14
2,0.15384615384615385,0.23076923076923078,0.19230769230769232,0.07692307692307693,4.083255767822266,4.283584117889404,3.920884132385254,scan4_subset_uniform,uniform_K14,14
3,0.23076923076923078,0.3076923076923077,0.2692307692307693,0.07692307692307693,3.4675052165985107,3.7122690677642822,2.7098071575164795,scan4_subset_uniform,uniform_K14,14
4,0.3076923076923077,0.38461538461538464,0.34615384615384615,0.07692307692307693,3.0451576709747314,3.3249073028564453,1.9876118898391724,scan4_subset_uniform,uniform_K14,14
5,0.38461538461538464,0.46153846153846156,0.42307692307692313,0.07692307692307693,2.793991804122925,3.095353841781616,1.62839674949646,scan4_subset_uniform,uniform_K14,14
6,0.46153846153846156,0.5384615384615385,0.5,0.07692307692307698,2.6399333477020264,2.9186110496520996,1.4226863384246826,scan4_subset_uniform,uniform_K14,14
7,0.5384615384615385,0.6153846153846154,0.576923076923077,0.07692307692307687,2.530430555343628,2.8104844093322754,1.337350845336914,scan4_subset_uniform,uniform_K14,14
8,0.6153846153846154,0.6923076923076923,0.6538461538461539,0.07692307692307687,2.4726922512054443,2.72955322265625,1.2979596853256226,scan4_subset_uniform,uniform_K14,14
9,0.6923076923076923,0.7692307692307693,0.7307692307692308,0.07692307692307698,2.4269838333129883,2.667112350463867,1.3255833387374878,scan4_subset_uniform,uniform_K14,14
10,0.7692307692307693,0.8461538461538463,0.8076923076923077,0.07692307692307698,2.407060384750366,2.633253812789917,1.3443478345870972,scan4_subset_uniform,uniform_K14,14
11,0.8461538461538463,0.9230769230769231,0.8846153846153847,0.07692307692307687,2.41487455368042,2.6464173793792725,1.4304523468017578,scan4_subset_uniform,uniform_K14,14
12,0.9230769230769231,1.0,0.9615384615384616,0.07692307692307687,2.4510982036590576,2.7018916606903076,1.5587060451507568,scan4_subset_uniform,uniform_K14,14
13,1.0,1.0,1.0,0.0,2.485774278640747,2.719028949737549,1.6634324789047241,scan4_subset_uniform,uniform_K14,14
0,0.0,0.06666666666666667,0.03333333333333333,0.06666666666666667,19.908246994018555,5.734027862548828,21.345380783081055,scan4_subset_uniform,uniform_K16,16
1,0.06666666666666667,0.13333333333333333,0.1,0.06666666666666667,4.958026885986328,4.633843421936035,5.691644668579102,scan4_subset_uniform,uniform_K16,16
2,0.13333333333333333,0.2,0.16666666666666669,0.06666666666666668,4.074877738952637,4.261044502258301,3.8909027576446533,scan4_subset_uniform,uniform_K16,16
3,0.2,0.26666666666666666,0.23333333333333334,0.06666666666666665,3.4816415309906006,3.71048641204834,2.6717326641082764,scan4_subset_uniform,uniform_K16,16
4,0.26666666666666666,0.3333333333333333,0.3,0.06666666666666665,3.0759899616241455,3.3177685737609863,1.919605016708374,scan4_subset_uniform,uniform_K16,16
5,0.3333333333333333,0.4,0.3666666666666667,0.06666666666666671,2.828042984008789,3.081690788269043,1.5218315124511719,scan4_subset_uniform,uniform_K16,16
6,0.4,0.4666666666666667,0.43333333333333335,0.06666666666666665,2.6655070781707764,2.9191970825195312,1.3244900703430176,scan4_subset_uniform,uniform_K16,16
7,0.4666666666666667,0.5333333333333333,0.5,0.06666666666666665,2.5538032054901123,2.775383472442627,1.1969743967056274,scan4_subset_uniform,uniform_K16,16
8,0.5333333333333333,0.6,0.5666666666666667,0.06666666666666665,2.459996461868286,2.690915822982788,1.1504963636398315,scan4_subset_uniform,uniform_K16,16
9,0.6,0.6666666666666666,0.6333333333333333,0.06666666666666665,2.4038870334625244,2.621400833129883,1.1443901062011719,scan4_subset_uniform,uniform_K16,16
10,0.6666666666666666,0.7333333333333333,0.7,0.06666666666666665,2.3459534645080566,2.569471597671509,1.1569111347198486,scan4_subset_uniform,uniform_K16,16
11,0.7333333333333333,0.8,0.7666666666666666,0.06666666666666676,2.3236196041107178,2.5421011447906494,1.2268116474151611,scan4_subset_uniform,uniform_K16,16
12,0.8,0.8666666666666667,0.8333333333333334,0.06666666666666665,2.3218681812286377,2.526935577392578,1.2596204280853271,scan4_subset_uniform,uniform_K16,16
13,0.8666666666666667,0.9333333333333333,0.9,0.06666666666666665,2.3326833248138428,2.5528767108917236,1.3521119356155396,scan4_subset_uniform,uniform_K16,16
14,0.9333333333333333,1.0,0.9666666666666667,0.06666666666666665,2.3828206062316895,2.6232402324676514,1.47761869430542,scan4_subset_uniform,uniform_K16,16
15,1.0,1.0,1.0,0.0,2.424816370010376,2.6476051807403564,1.5913493633270264,scan4_subset_uniform,uniform_K16,16
0,0.0,0.3779644730092272,0.1889822365046136,0.3779644730092272,17.63210678100586,6.028501987457275,19.980548858642578,scan4_subset_uniform,power_K8_g0.5,8
1,0.3779644730092272,0.5345224838248488,0.456243478417038,0.1565580108156216,5.682968616485596,5.514053821563721,6.6151814460754395,scan4_subset_uniform,power_K8_g0.5,8
2,0.5345224838248488,0.6546536707079771,0.5945880772664129,0.1201311868831283,4.7100090980529785,4.830659866333008,4.651771068572998,scan4_subset_uniform,power_K8_g0.5,8
3,0.6546536707079771,0.7559289460184544,0.7052913083632157,0.10127527531047731,3.802522659301758,4.018420696258545,3.4645683765411377,scan4_subset_uniform,power_K8_g0.5,8
4,0.7559289460184544,0.8451542547285166,0.8005416003734855,0.08922530871006218,3.253539800643921,3.669445037841797,2.7957394123077393,scan4_subset_uniform,power_K8_g0.5,8
5,0.8451542547285166,0.9258200997725514,0.8854871772505339,0.08066584504403485,3.161083221435547,3.6378514766693115,2.6330792903900146,scan4_subset_uniform,power_K8_g0.5,8
6,0.9258200997725514,1.0,0.9629100498862757,0.07417990022744858,3.1878843307495117,3.595527172088623,2.5031638145446777,scan4_subset_uniform,power_K8_g0.5,8
7,1.0,1.0,1.0,0.0,3.145843505859375,3.4296648502349854,2.3281352519989014,scan4_subset_uniform,power_K8_g0.5,8
0,0.0,0.02040816326530612,0.01020408163265306,0.02040816326530612,20.202899932861328,5.7020440101623535,21.530149459838867,scan4_subset_uniform,power_K8_g2.0,8
1,0.02040816326530612,0.08163265306122448,0.0510204081632653,0.061224489795918366,4.977176666259766,4.5292229652404785,5.63906717300415,scan4_subset_uniform,power_K8_g2.0,8
2,0.08163265306122448,0.18367346938775508,0.13265306122448978,0.1020408163265306,4.06251335144043,4.247729778289795,3.855541944503784,scan4_subset_uniform,power_K8_g2.0,8
3,0.18367346938775508,0.32653061224489793,0.2551020408163265,0.14285714285714285,3.4951062202453613,3.781461477279663,2.7204525470733643,scan4_subset_uniform,power_K8_g2.0,8
4,0.32653061224489793,0.5102040816326531,0.41836734693877553,0.18367346938775514,3.124359607696533,3.481616258621216,2.2425432205200195,scan4_subset_uniform,power_K8_g2.0,8
5,0.5102040816326531,0.7346938775510203,0.6224489795918366,0.22448979591836726,2.968859910964966,3.4362099170684814,2.272965908050537,scan4_subset_uniform,power_K8_g2.0,8
6,0.7346938775510203,1.0,0.8673469387755102,0.26530612244897966,3.0612244606018066,3.5519120693206787,2.512805461883545,scan4_subset_uniform,power_K8_g2.0,8
7,1.0,1.0,1.0,0.0,3.1655890941619873,3.5787832736968994,2.560009479522705,scan4_subset_uniform,power_K8_g2.0,8
0,0.0,0.3333333333333333,0.16666666666666666,0.3333333333333333,17.928560256958008,5.983786582946777,20.14720916748047,scan4_subset_uniform,power_K10_g0.5,10
1,0.3333333333333333,0.4714045207910317,0.4023689270621825,0.13807118745769836,5.543837547302246,5.395349502563477,6.481481552124023,scan4_subset_uniform,power_K10_g0.5,10
2,0.4714045207910317,0.5773502691896257,0.5243773949903288,0.10594574839859405,4.570849895477295,4.715888023376465,4.5235795974731445,scan4_subset_uniform,power_K10_g0.5,10
3,0.5773502691896257,0.6666666666666666,0.6220084679281461,0.0893163974770409,3.6775624752044678,3.9008936882019043,3.3035659790039062,scan4_subset_uniform,power_K10_g0.5,10
4,0.6666666666666666,0.7453559924999299,0.7060113295832983,0.07868932583326327,3.119943857192993,3.5272724628448486,2.602233409881592,scan4_subset_uniform,power_K10_g0.5,10
5,0.7453559924999299,0.816496580927726,0.780926286713828,0.07114058842779614,2.9508397579193115,3.413590431213379,2.3344457149505615,scan4_subset_uniform,power_K10_g0.5,10
6,0.816496580927726,0.8819171036881969,0.8492068423079615,0.06542052276047083,2.921820878982544,3.305858850479126,2.145376443862915,scan4_subset_uniform,power_K10_g0.5,10
7,0.8819171036881969,0.9428090415820634,0.9123630726351302,0.06089193789386649,2.8833975791931152,3.2025156021118164,2.0087318420410156,scan4_subset_uniform,power_K10_g0.5,10
8,0.9428090415820634,1.0,0.9714045207910317,0.057190958417936644,2.859269618988037,3.137935161590576,1.9691979885101318,scan4_subset_uniform,power_K10_g0.5,10
9,1.0,1.0,1.0,0.0,2.8409318923950195,3.096652030944824,2.0126264095306396,scan4_subset_uniform,power_K10_g0.5,10
0,0.0,0.012345679012345678,0.006172839506172839,0.012345679012345678,20.307640075683594,5.6933159828186035,21.5943603515625,scan4_subset_uniform,power_K10_g2.0,10
1,0.012345679012345678,0.04938271604938271,0.030864197530864196,0.037037037037037035,4.988576889038086,4.492273330688477,5.624342918395996,scan4_subset_uniform,power_K10_g2.0,10
2,0.04938271604938271,0.1111111111111111,0.08024691358024691,0.06172839506172839,4.080576419830322,4.190279960632324,3.804389476776123,scan4_subset_uniform,power_K10_g2.0,10
3,0.1111111111111111,0.19753086419753085,0.15432098765432098,0.08641975308641975,3.5403459072113037,3.736290693283081,2.588979721069336,scan4_subset_uniform,power_K10_g2.0,10
4,0.19753086419753085,0.308641975308642,0.25308641975308643,0.11111111111111116,3.1579091548919678,3.397972345352173,1.8996822834014893,scan4_subset_uniform,power_K10_g2.0,10
5,0.308641975308642,0.4444444444444444,0.3765432098765432,0.1358024691358024,2.9071009159088135,3.2102596759796143,1.6774348020553589,scan4_subset_uniform,power_K10_g2.0,10
6,0.4444444444444444,0.6049382716049383,0.5246913580246914,0.16049382716049387,2.7783122062683105,3.135047674179077,1.7355973720550537,scan4_subset_uniform,power_K10_g2.0,10
7,0.6049382716049383,0.7901234567901234,0.6975308641975309,0.18518518518518512,2.7582101821899414,3.1729297637939453,1.9413540363311768,scan4_subset_uniform,power_K10_g2.0,10
8,0.7901234567901234,1.0,0.8950617283950617,0.2098765432098766,2.849648952484131,3.268756151199341,2.1405935287475586,scan4_subset_uniform,power_K10_g2.0,10
9,1.0,1.0,1.0,0.0,2.923387289047241,3.2409520149230957,2.201158285140991,scan4_subset_uniform,power_K10_g2.0,10
0,0.0,0.30151134457776363,0.15075567228888181,0.30151134457776363,18.160118103027344,5.942437171936035,20.2838134765625,scan4_subset_uniform,power_K12_g0.5,12
1,0.30151134457776363,0.4264014327112209,0.36395638864449226,0.12489008813345726,5.423724174499512,5.280852317810059,6.345173358917236,scan4_subset_uniform,power_K12_g0.5,12
2,0.4264014327112209,0.5222329678670935,0.4743172002891572,0.09583153515587262,4.454423904418945,4.6192169189453125,4.398956298828125,scan4_subset_uniform,power_K12_g0.5,12
3,0.5222329678670935,0.6030226891555273,0.5626278285113104,0.08078972128843376,3.5872671604156494,3.8198187351226807,3.1663854122161865,scan4_subset_uniform,power_K12_g0.5,12
4,0.6030226891555273,0.674199862463242,0.6386112758093847,0.07117717330771478,3.0400938987731934,3.4326798915863037,2.4430124759674072,scan4_subset_uniform,power_K12_g0.5,12
5,0.674199862463242,0.7385489458759964,0.7063744041696192,0.06434908341275436,2.8512086868286133,3.281207323074341,2.1383583545684814,scan4_subset_uniform,power_K12_g0.5,12
6,0.7385489458759964,0.7977240352174656,0.7681364905467309,0.0591750893414692,2.7627320289611816,3.154752731323242,1.9269096851348877,scan4_subset_uniform,power_K12_g0.5,12
7,0.7977240352174656,0.8528028654224418,0.8252634503199536,0.05507883020497617,2.719768524169922,3.0205206871032715,1.754113793373108,scan4_subset_uniform,power_K12_g0.5,12
8,0.8528028654224418,0.9045340337332909,0.8786684495778663,0.05173116831084912,2.681983470916748,2.93873929977417,1.676154375076294,scan4_subset_uniform,power_K12_g0.5,12
9,0.9045340337332909,0.9534625892455924,0.9289983114894416,0.048928555512301464,2.6692404747009277,2.919904947280884,1.72259521484375,scan4_subset_uniform,power_K12_g0.5,12
10,0.9534625892455924,1.0,0.9767312946227962,0.04653741075440765,2.6745340824127197,2.9201157093048096,1.7726056575775146,scan4_subset_uniform,power_K12_g0.5,12
11,1.0,1.0,1.0,0.0,2.7022087574005127,2.920015811920166,1.8373507261276245,scan4_subset_uniform,power_K12_g0.5,12
0,0.0,0.008264462809917356,0.004132231404958678,0.008264462809917356,20.319358825683594,5.6998982429504395,21.606800079345703,scan4_subset_uniform,power_K12_g2.0,12
1,0.008264462809917356,0.03305785123966942,0.02066115702479339,0.024793388429752067,4.998437404632568,4.481751918792725,5.6211161613464355,scan4_subset_uniform,power_K12_g2.0,12
2,0.03305785123966942,0.07438016528925619,0.053719008264462804,0.041322314049586764,4.090837001800537,4.164712905883789,3.7781872749328613,scan4_subset_uniform,power_K12_g2.0,12
3,0.07438016528925619,0.1322314049586777,0.10330578512396693,0.0578512396694215,3.5886669158935547,3.7229959964752197,2.544640064239502,scan4_subset_uniform,power_K12_g2.0,12
4,0.1322314049586777,0.20661157024793386,0.16942148760330578,0.07438016528925617,3.2361161708831787,3.3823633193969727,1.7923380136489868,scan4_subset_uniform,power_K12_g2.0,12
5,0.20661157024793386,0.29752066115702475,0.2520661157024793,0.09090909090909088,2.9836199283599854,3.1590847969055176,1.409082055091858,scan4_subset_uniform,power_K12_g2.0,12
6,0.29752066115702475,0.4049586776859504,0.35123966942148754,0.10743801652892565,2.80230712890625,3.036564350128174,1.3336503505706787,scan4_subset_uniform,power_K12_g2.0,12
7,0.4049586776859504,0.5289256198347108,0.4669421487603306,0.12396694214876036,2.690298557281494,2.984435558319092,1.4312530755996704,scan4_subset_uniform,power_K12_g2.0,12
8,0.5289256198347108,0.6694214876033059,0.5991735537190084,0.14049586776859513,2.6393651962280273,2.9820353984832764,1.5935463905334473,scan4_subset_uniform,power_K12_g2.0,12
9,0.6694214876033059,0.8264462809917354,0.7479338842975207,0.15702479338842956,2.6363160610198975,3.0151028633117676,1.766425609588623,scan4_subset_uniform,power_K12_g2.0,12
10,0.8264462809917354,1.0,0.9132231404958677,0.17355371900826455,2.7034316062927246,3.0712227821350098,1.9425190687179565,scan4_subset_uniform,power_K12_g2.0,12
11,1.0,1.0,1.0,0.0,2.7564849853515625,3.0520739555358887,2.0414681434631348,scan4_subset_uniform,power_K12_g2.0,12
0,0.0,0.14285714285714285,0.07142857142857142,0.14285714285714285,19.396059036254883,5.209723949432373,20.789688110351562,scan9_subset_middle,uniform_K8,8
1,0.14285714285714285,0.2857142857142857,0.21428571428571427,0.14285714285714285,4.113532543182373,3.8886821269989014,4.604808807373047,scan9_subset_middle,uniform_K8,8
2,0.2857142857142857,0.42857142857142855,0.3571428571428571,0.14285714285714285,3.5758163928985596,3.7851924896240234,3.6599392890930176,scan9_subset_middle,uniform_K8,8
3,0.42857142857142855,0.5714285714285714,0.5,0.14285714285714285,3.4079701900482178,3.9065301418304443,3.4179980754852295,scan9_subset_middle,uniform_K8,8
4,0.5714285714285714,0.7142857142857142,0.6428571428571428,0.1428571428571428,3.2596116065979004,3.5278468132019043,2.8376972675323486,scan9_subset_middle,uniform_K8,8
5,0.7142857142857142,0.8571428571428571,0.7857142857142856,0.1428571428571429,2.9880568981170654,3.317403793334961,2.491854190826416,scan9_subset_middle,uniform_K8,8
6,0.8571428571428571,1.0,0.9285714285714286,0.1428571428571429,2.8987185955047607,3.3714685440063477,2.4685795307159424,scan9_subset_middle,uniform_K8,8
7,1.0,1.0,1.0,0.0,2.9718246459960938,3.3397610187530518,2.3960835933685303,scan9_subset_middle,uniform_K8,8
0,0.0,0.1111111111111111,0.05555555555555555,0.1111111111111111,19.63788414001465,5.187586784362793,20.9456844329834,scan9_subset_middle,uniform_K10,10
1,0.1111111111111111,0.2222222222222222,0.16666666666666666,0.1111111111111111,4.104629039764404,3.810462474822998,4.5409770011901855,scan9_subset_middle,uniform_K10,10
2,0.2222222222222222,0.3333333333333333,0.2777777777777778,0.1111111111111111,3.5041584968566895,3.676168441772461,3.5147247314453125,scan9_subset_middle,uniform_K10,10
3,0.3333333333333333,0.4444444444444444,0.38888888888888884,0.1111111111111111,3.29508376121521,3.8031840324401855,3.214698314666748,scan9_subset_middle,uniform_K10,10
4,0.4444444444444444,0.5555555555555556,0.5,0.11111111111111116,3.156635046005249,3.421480894088745,2.579892873764038,scan9_subset_middle,uniform_K10,10
5,0.5555555555555556,0.6666666666666666,0.6111111111111112,0.11111111111111105,2.8319053649902344,3.1440861225128174,2.162388324737549,scan9_subset_middle,uniform_K10,10
6,0.6666666666666666,0.7777777777777777,0.7222222222222221,0.11111111111111105,2.6481568813323975,3.034219264984131,1.9814993143081665,scan9_subset_middle,uniform_K10,10
7,0.7777777777777777,0.8888888888888888,0.8333333333333333,0.11111111111111116,2.613178253173828,3.007768392562866,1.9287478923797607,scan9_subset_middle,uniform_K10,10
8,0.8888888888888888,1.0,0.9444444444444444,0.11111111111111116,2.674987316131592,3.080312728881836,2.0187695026397705,scan9_subset_middle,uniform_K10,10
9,1.0,1.0,1.0,0.0,2.7623941898345947,3.091559886932373,2.066420793533325,scan9_subset_middle,uniform_K10,10
0,0.0,0.09090909090909091,0.045454545454545456,0.09090909090909091,19.816972732543945,5.180732727050781,21.062183380126953,scan9_subset_middle,uniform_K12,12
1,0.09090909090909091,0.18181818181818182,0.13636363636363635,0.09090909090909091,4.123692989349365,3.773616075515747,4.528346061706543,scan9_subset_middle,uniform_K12,12
2,0.18181818181818182,0.2727272727272727,0.22727272727272727,0.09090909090909088,3.47885799407959,3.615983724594116,3.434711456298828,scan9_subset_middle,uniform_K12,12
3,0.2727272727272727,0.36363636363636365,0.3181818181818182,0.09090909090909094,3.253377676010132,3.7461862564086914,3.096529960632324,scan9_subset_middle,uniform_K12,12
4,0.36363636363636365,0.4545454545454546,0.4090909090909091,0.09090909090909094,3.1281936168670654,3.408524513244629,2.452368974685669,scan9_subset_middle,uniform_K12,12
5,0.4545454545454546,0.5454545454545454,0.5,0.09090909090909083,2.803082227706909,3.077584743499756,1.9681209325790405,scan9_subset_middle,uniform_K12,12
6,0.5454545454545454,0.6363636363636364,0.5909090909090908,0.09090909090909094,2.5805954933166504,2.908825397491455,1.7052969932556152,scan9_subset_middle,uniform_K12,12
7,0.6363636363636364,0.7272727272727273,0.6818181818181819,0.09090909090909094,2.488645315170288,2.82920241355896,1.6186145544052124,scan9_subset_middle,uniform_K12,12
8,0.7272727272727273,0.8181818181818182,0.7727272727272727,0.09090909090909094,2.4514877796173096,2.819021463394165,1.6485875844955444,scan9_subset_middle,uniform_K12,12
9,0.8181818181818182,0.9090909090909092,0.8636363636363638,0.09090909090909094,2.4904189109802246,2.846804618835449,1.6931943893432617,scan9_subset_middle,uniform_K12,12
10,0.9090909090909092,1.0,0.9545454545454546,0.09090909090909083,2.5532262325286865,2.875920295715332,1.7549885511398315,scan9_subset_middle,uniform_K12,12
11,1.0,1.0,1.0,0.0,2.5922420024871826,2.877662420272827,1.8398916721343994,scan9_subset_middle,uniform_K12,12
0,0.0,0.08333333333333333,0.041666666666666664,0.08333333333333333,19.822778701782227,5.1744537353515625,21.064252853393555,scan9_subset_middle,uniform_K13,13
1,0.08333333333333333,0.16666666666666666,0.125,0.08333333333333333,4.138848304748535,3.764981508255005,4.532963752746582,scan9_subset_middle,uniform_K13,13
2,0.16666666666666666,0.25,0.20833333333333331,0.08333333333333334,3.4795877933502197,3.595522403717041,3.4143199920654297,scan9_subset_middle,uniform_K13,13
3,0.25,0.3333333333333333,0.29166666666666663,0.08333333333333331,3.2488765716552734,3.7325823307037354,3.0618762969970703,scan9_subset_middle,uniform_K13,13
4,0.3333333333333333,0.41666666666666663,0.375,0.08333333333333331,3.1299214363098145,3.397608518600464,2.4004361629486084,scan9_subset_middle,uniform_K13,13
5,0.41666666666666663,0.5,0.4583333333333333,0.08333333333333337,2.8054683208465576,3.0844223499298096,1.9165593385696411,scan9_subset_middle,uniform_K13,13
6,0.5,0.5833333333333333,0.5416666666666666,0.08333333333333326,2.573695659637451,2.8766186237335205,1.6087706089019775,scan9_subset_middle,uniform_K13,13
7,0.5833333333333333,0.6666666666666666,0.625,0.08333333333333337,2.469564199447632,2.7792961597442627,1.4981907606124878,scan9_subset_middle,uniform_K13,13
8,0.6666666666666666,0.75,0.7083333333333333,0.08333333333333337,2.4035592079162598,2.737786293029785,1.5008704662322998,scan9_subset_middle,uniform_K13,13
9,0.75,0.8333333333333333,0.7916666666666666,0.08333333333333326,2.4041483402252197,2.739196538925171,1.5116214752197266,scan9_subset_middle,uniform_K13,13
10,0.8333333333333333,0.9166666666666666,0.875,0.08333333333333337,2.4438860416412354,2.7719566822052,1.5819454193115234,scan9_subset_middle,uniform_K13,13
11,0.9166666666666666,1.0,0.9583333333333333,0.08333333333333337,2.489407539367676,2.7848753929138184,1.6559956073760986,scan9_subset_middle,uniform_K13,13
12,1.0,1.0,1.0,0.0,2.5280954837799072,2.809190034866333,1.7673165798187256,scan9_subset_middle,uniform_K13,13
0,0.0,0.07692307692307693,0.038461538461538464,0.07692307692307693,19.879051208496094,5.166087627410889,21.098873138427734,scan9_subset_middle,uniform_K14,14
1,0.07692307692307693,0.15384615384615385,0.11538461538461539,0.07692307692307693,4.131649494171143,3.7411015033721924,4.51032018661499,scan9_subset_middle,uniform_K14,14
2,0.15384615384615385,0.23076923076923078,0.19230769230769232,0.07692307692307693,3.470764398574829,3.5738914012908936,3.387502431869507,scan9_subset_middle,uniform_K14,14
3,0.23076923076923078,0.3076923076923077,0.2692307692307693,0.07692307692307693,3.2414090633392334,3.7082712650299072,3.0181467533111572,scan9_subset_middle,uniform_K14,14
4,0.3076923076923077,0.38461538461538464,0.34615384615384615,0.07692307692307693,3.130777359008789,3.404449462890625,2.3634190559387207,scan9_subset_middle,uniform_K14,14
5,0.38461538461538464,0.46153846153846156,0.42307692307692313,0.07692307692307693,2.8175997734069824,3.0740554332733154,1.868797779083252,scan9_subset_middle,uniform_K14,14
6,0.46153846153846156,0.5384615384615385,0.5,0.07692307692307698,2.5804169178009033,2.8577184677124023,1.536471962928772,scan9_subset_middle,uniform_K14,14
7,0.5384615384615385,0.6153846153846154,0.576923076923077,0.07692307692307687,2.4579272270202637,2.749427556991577,1.408823013305664,scan9_subset_middle,uniform_K14,14
8,0.6153846153846154,0.6923076923076923,0.6538461538461539,0.07692307692307687,2.3846490383148193,2.6887094974517822,1.3800380229949951,scan9_subset_middle,uniform_K14,14
9,0.6923076923076923,0.7692307692307693,0.7307692307692308,0.07692307692307698,2.3578715324401855,2.683802604675293,1.4198188781738281,scan9_subset_middle,uniform_K14,14
10,0.7692307692307693,0.8461538461538463,0.8076923076923077,0.07692307692307698,2.376232862472534,2.6775271892547607,1.4310585260391235,scan9_subset_middle,uniform_K14,14
11,0.8461538461538463,0.9230769230769231,0.8846153846153847,0.07692307692307687,2.396348714828491,2.6860649585723877,1.500095248222351,scan9_subset_middle,uniform_K14,14
12,0.9230769230769231,1.0,0.9615384615384616,0.07692307692307687,2.438549041748047,2.7379536628723145,1.605616807937622,scan9_subset_middle,uniform_K14,14
13,1.0,1.0,1.0,0.0,2.4811806678771973,2.756906270980835,1.7108877897262573,scan9_subset_middle,uniform_K14,14
0,0.0,0.06666666666666667,0.03333333333333333,0.06666666666666667,19.992673873901367,5.157172679901123,21.170427322387695,scan9_subset_middle,uniform_K16,16
1,0.06666666666666667,0.13333333333333333,0.1,0.06666666666666667,4.14333963394165,3.712815284729004,4.496761322021484,scan9_subset_middle,uniform_K16,16
2,0.13333333333333333,0.2,0.16666666666666669,0.06666666666666668,3.4768593311309814,3.54776930809021,3.3588404655456543,scan9_subset_middle,uniform_K16,16
3,0.2,0.26666666666666666,0.23333333333333334,0.06666666666666665,3.2403836250305176,3.693617820739746,2.9733006954193115,scan9_subset_middle,uniform_K16,16
4,0.26666666666666666,0.3333333333333333,0.3,0.06666666666666665,3.1451196670532227,3.409087896347046,2.3082377910614014,scan9_subset_middle,uniform_K16,16
5,0.3333333333333333,0.4,0.3666666666666667,0.06666666666666671,2.848494529724121,3.08024525642395,1.786954402923584,scan9_subset_middle,uniform_K16,16
6,0.4,0.4666666666666667,0.43333333333333335,0.06666666666666665,2.6132123470306396,2.8744454383850098,1.4505938291549683,scan9_subset_middle,uniform_K16,16
7,0.4666666666666667,0.5333333333333333,0.5,0.06666666666666665,2.4894092082977295,2.7233057022094727,1.27545964717865,scan9_subset_middle,uniform_K16,16
8,0.5333333333333333,0.6,0.5666666666666667,0.06666666666666665,2.382551670074463,2.644012212753296,1.223799228668213,scan9_subset_middle,uniform_K16,16
9,0.6,0.6666666666666666,0.6333333333333333,0.06666666666666665,2.3283421993255615,2.606562376022339,1.2200361490249634,scan9_subset_middle,uniform_K16,16
10,0.6666666666666666,0.7333333333333333,0.7,0.06666666666666665,2.294860601425171,2.5816376209259033,1.227860689163208,scan9_subset_middle,uniform_K16,16
11,0.7333333333333333,0.8,0.7666666666666666,0.06666666666666676,2.286466598510742,2.5611746311187744,1.2801576852798462,scan9_subset_middle,uniform_K16,16
12,0.8,0.8666666666666667,0.8333333333333334,0.06666666666666665,2.293748140335083,2.542391538619995,1.3033162355422974,scan9_subset_middle,uniform_K16,16
13,0.8666666666666667,0.9333333333333333,0.9,0.06666666666666665,2.310051441192627,2.5700061321258545,1.3947170972824097,scan9_subset_middle,uniform_K16,16
14,0.9333333333333333,1.0,0.9666666666666667,0.06666666666666665,2.3623881340026855,2.644129991531372,1.5104146003723145,scan9_subset_middle,uniform_K16,16
15,1.0,1.0,1.0,0.0,2.4109039306640625,2.670828342437744,1.6185921430587769,scan9_subset_middle,uniform_K16,16
0,0.0,0.3779644730092272,0.1889822365046136,0.3779644730092272,17.662328720092773,5.445916652679443,19.7452392578125,scan9_subset_middle,power_K8_g0.5,8
1,0.3779644730092272,0.5345224838248488,0.456243478417038,0.1565580108156216,4.478550434112549,4.431246757507324,5.187704086303711,scan9_subset_middle,power_K8_g0.5,8
2,0.5345224838248488,0.6546536707079771,0.5945880772664129,0.1201311868831283,3.9942514896392822,4.126506805419922,4.159372329711914,scan9_subset_middle,power_K8_g0.5,8
3,0.6546536707079771,0.7559289460184544,0.7052913083632157,0.10127527531047731,3.6974780559539795,4.121513843536377,3.7850029468536377,scan9_subset_middle,power_K8_g0.5,8
4,0.7559289460184544,0.8451542547285166,0.8005416003734855,0.08922530871006218,3.390270471572876,3.6081974506378174,3.0495264530181885,scan9_subset_middle,power_K8_g0.5,8
5,0.8451542547285166,0.9258200997725514,0.8854871772505339,0.08066584504403485,3.119053363800049,3.4270706176757812,2.610590696334839,scan9_subset_middle,power_K8_g0.5,8
6,0.9258200997725514,1.0,0.9629100498862757,0.07417990022744858,3.0210132598876953,3.4323012828826904,2.4871439933776855,scan9_subset_middle,power_K8_g0.5,8
7,1.0,1.0,1.0,0.0,3.029664993286133,3.3402016162872314,2.3457815647125244,scan9_subset_middle,power_K8_g0.5,8
0,0.0,0.02040816326530612,0.01020408163265306,0.02040816326530612,20.29459571838379,5.129380702972412,21.36491584777832,scan9_subset_middle,power_K8_g2.0,8
1,0.02040816326530612,0.08163265306122448,0.0510204081632653,0.061224489795918366,4.222933769226074,3.6541643142700195,4.5041584968566895,scan9_subset_middle,power_K8_g2.0,8
2,0.08163265306122448,0.18367346938775508,0.13265306122448978,0.1020408163265306,3.4849705696105957,3.51550030708313,3.3160970211029053,scan9_subset_middle,power_K8_g2.0,8
3,0.18367346938775508,0.32653061224489793,0.2551020408163265,0.14285714285714285,3.2467117309570312,3.749211549758911,3.0429413318634033,scan9_subset_middle,power_K8_g2.0,8
4,0.32653061224489793,0.5102040816326531,0.41836734693877553,0.18367346938775514,3.25002121925354,3.5982131958007812,2.668902635574341,scan9_subset_middle,power_K8_g2.0,8
5,0.5102040816326531,0.7346938775510203,0.6224489795918366,0.22448979591836726,3.0407516956329346,3.3933706283569336,2.485542058944702,scan9_subset_middle,power_K8_g2.0,8
6,0.7346938775510203,1.0,0.8673469387755102,0.26530612244897966,2.9856860637664795,3.4377753734588623,2.5744476318359375,scan9_subset_middle,power_K8_g2.0,8
7,1.0,1.0,1.0,0.0,3.0629637241363525,3.517221450805664,2.6824138164520264,scan9_subset_middle,power_K8_g2.0,8
0,0.0,0.3333333333333333,0.16666666666666666,0.3333333333333333,17.965333938598633,5.399144649505615,19.917890548706055,scan9_subset_middle,power_K10_g0.5,10
1,0.3333333333333333,0.4714045207910317,0.4023689270621825,0.13807118745769836,4.391010284423828,4.322078704833984,5.072930812835693,scan9_subset_middle,power_K10_g0.5,10
2,0.4714045207910317,0.5773502691896257,0.5243773949903288,0.10594574839859405,3.871546745300293,4.018339157104492,4.021751403808594,scan9_subset_middle,power_K10_g0.5,10
3,0.5773502691896257,0.6666666666666666,0.6220084679281461,0.0893163974770409,3.5557503700256348,3.9883604049682617,3.5956311225891113,scan9_subset_middle,power_K10_g0.5,10
4,0.6666666666666666,0.7453559924999299,0.7060113295832983,0.07868932583326327,3.245854377746582,3.4734857082366943,2.847832202911377,scan9_subset_middle,power_K10_g0.5,10
5,0.7453559924999299,0.816496580927726,0.780926286713828,0.07114058842779614,2.927039861679077,3.2403509616851807,2.36207914352417,scan9_subset_middle,power_K10_g0.5,10
6,0.816496580927726,0.8819171036881969,0.8492068423079615,0.06542052276047083,2.785083293914795,3.163837194442749,2.1577813625335693,scan9_subset_middle,power_K10_g0.5,10
7,0.8819171036881969,0.9428090415820634,0.9123630726351302,0.06089193789386649,2.7693748474121094,3.1332035064697266,2.054048538208008,scan9_subset_middle,power_K10_g0.5,10
8,0.9428090415820634,1.0,0.9714045207910317,0.057190958417936644,2.7903554439544678,3.1310086250305176,2.0367825031280518,scan9_subset_middle,power_K10_g0.5,10
9,1.0,1.0,1.0,0.0,2.812000274658203,3.099191188812256,2.02817964553833,scan9_subset_middle,power_K10_g0.5,10
0,0.0,0.012345679012345678,0.006172839506172839,0.012345679012345678,20.402435302734375,5.124713897705078,21.43329429626465,scan9_subset_middle,power_K10_g2.0,10
1,0.012345679012345678,0.04938271604938271,0.030864197530864196,0.037037037037037035,4.253503799438477,3.632249116897583,4.511484146118164,scan9_subset_middle,power_K10_g2.0,10
2,0.04938271604938271,0.1111111111111111,0.08024691358024691,0.06172839506172839,3.5262019634246826,3.4534051418304443,3.274449586868286,scan9_subset_middle,power_K10_g2.0,10
3,0.1111111111111111,0.19753086419753085,0.15432098765432098,0.08641975308641975,3.2562215328216553,3.643259048461914,2.852804660797119,scan9_subset_middle,power_K10_g2.0,10
4,0.19753086419753085,0.308641975308642,0.25308641975308643,0.11111111111111116,3.195594310760498,3.530512571334839,2.348560094833374,scan9_subset_middle,power_K10_g2.0,10
5,0.308641975308642,0.4444444444444444,0.3765432098765432,0.1358024691358024,2.9612646102905273,3.2508108615875244,1.9907751083374023,scan9_subset_middle,power_K10_g2.0,10
6,0.4444444444444444,0.6049382716049383,0.5246913580246914,0.16049382716049387,2.75457501411438,3.088616132736206,1.856831669807434,scan9_subset_middle,power_K10_g2.0,10
7,0.6049382716049383,0.7901234567901234,0.6975308641975309,0.18518518518518512,2.6962361335754395,3.0711874961853027,1.9742941856384277,scan9_subset_middle,power_K10_g2.0,10
8,0.7901234567901234,1.0,0.8950617283950617,0.2098765432098766,2.7399394512176514,3.2068727016448975,2.2176342010498047,scan9_subset_middle,power_K10_g2.0,10
9,1.0,1.0,1.0,0.0,2.879899740219116,3.349236249923706,2.373924493789673,scan9_subset_middle,power_K10_g2.0,10
0,0.0,0.30151134457776363,0.15075567228888181,0.30151134457776363,18.201738357543945,5.357012748718262,20.059947967529297,scan9_subset_middle,power_K12_g0.5,12
1,0.30151134457776363,0.4264014327112209,0.36395638864449226,0.12489008813345726,4.307470798492432,4.215533256530762,4.952897548675537,scan9_subset_middle,power_K12_g0.5,12
2,0.4264014327112209,0.5222329678670935,0.4743172002891572,0.09583153515587262,3.764993190765381,3.9236202239990234,3.8893299102783203,scan9_subset_middle,power_K12_g0.5,12
3,0.5222329678670935,0.6030226891555273,0.5626278285113104,0.08078972128843376,3.437957763671875,3.8769636154174805,3.4315805435180664,scan9_subset_middle,power_K12_g0.5,12
4,0.6030226891555273,0.674199862463242,0.6386112758093847,0.07117717330771478,3.1536731719970703,3.391761541366577,2.688767433166504,scan9_subset_middle,power_K12_g0.5,12
5,0.674199862463242,0.7385489458759964,0.7063744041696192,0.06434908341275436,2.8347785472869873,3.1360743045806885,2.208817481994629,scan9_subset_middle,power_K12_g0.5,12
6,0.7385489458759964,0.7977240352174656,0.7681364905467309,0.0591750893414692,2.647987127304077,3.024616241455078,1.9533179998397827,scan9_subset_middle,power_K12_g0.5,12
7,0.7977240352174656,0.8528028654224418,0.8252634503199536,0.05507883020497617,2.6073224544525146,2.9460911750793457,1.797600507736206,scan9_subset_middle,power_K12_g0.5,12
8,0.8528028654224418,0.9045340337332909,0.8786684495778663,0.05173116831084912,2.600393295288086,2.928879499435425,1.7589614391326904,scan9_subset_middle,power_K12_g0.5,12
9,0.9045340337332909,0.9534625892455924,0.9289983114894416,0.048928555512301464,2.6327908039093018,2.936452865600586,1.7654314041137695,scan9_subset_middle,power_K12_g0.5,12
10,0.9534625892455924,1.0,0.9767312946227962,0.04653741075440765,2.6716926097869873,2.959446907043457,1.8237744569778442,scan9_subset_middle,power_K12_g0.5,12
11,1.0,1.0,1.0,0.0,2.7115962505340576,2.970449209213257,1.8917375802993774,scan9_subset_middle,power_K12_g0.5,12
0,0.0,0.008264462809917356,0.004132231404958678,0.008264462809917356,20.414382934570312,5.1319899559021,21.445472717285156,scan9_subset_middle,power_K12_g2.0,12
1,0.008264462809917356,0.03305785123966942,0.02066115702479339,0.024793388429752067,4.265390872955322,3.6283810138702393,4.514427661895752,scan9_subset_middle,power_K12_g2.0,12
2,0.03305785123966942,0.07438016528925619,0.053719008264462804,0.041322314049586764,3.546031951904297,3.4258644580841064,3.249819040298462,scan9_subset_middle,power_K12_g2.0,12
3,0.07438016528925619,0.1322314049586777,0.10330578512396693,0.0578512396694215,3.288128137588501,3.587700605392456,2.7664196491241455,scan9_subset_middle,power_K12_g2.0,12
4,0.1322314049586777,0.20661157024793386,0.16942148760330578,0.07438016528925617,3.221341371536255,3.5058929920196533,2.213763952255249,scan9_subset_middle,power_K12_g2.0,12
5,0.20661157024793386,0.29752066115702475,0.2520661157024793,0.09090909090909088,3.0070009231567383,3.233698606491089,1.7344722747802734,scan9_subset_middle,power_K12_g2.0,12
6,0.29752066115702475,0.4049586776859504,0.35123966942148754,0.10743801652892565,2.7866880893707275,3.045396566390991,1.499854326248169,scan9_subset_middle,power_K12_g2.0,12
7,0.4049586776859504,0.5289256198347108,0.4669421487603306,0.12396694214876036,2.6615402698516846,2.94562029838562,1.510623574256897,scan9_subset_middle,power_K12_g2.0,12
8,0.5289256198347108,0.6694214876033059,0.5991735537190084,0.14049586776859513,2.578277111053467,2.88692569732666,1.5915652513504028,scan9_subset_middle,power_K12_g2.0,12
9,0.6694214876033059,0.8264462809917354,0.7479338842975207,0.15702479338842956,2.5503952503204346,2.9418864250183105,1.7840321063995361,scan9_subset_middle,power_K12_g2.0,12
10,0.8264462809917354,1.0,0.9132231404958677,0.17355371900826455,2.6381490230560303,3.0695574283599854,1.9932342767715454,scan9_subset_middle,power_K12_g2.0,12
11,1.0,1.0,1.0,0.0,2.7533180713653564,3.113229990005493,2.0843825340270996,scan9_subset_middle,power_K12_g2.0,12
0,0.0,0.14285714285714285,0.07142857142857142,0.14285714285714285,19.323423385620117,5.505306243896484,20.759321212768555,scan9_subset_uniform,uniform_K8,8
1,0.14285714285714285,0.2857142857142857,0.21428571428571427,0.14285714285714285,4.241418838500977,3.974369525909424,4.725407123565674,scan9_subset_uniform,uniform_K8,8
2,0.2857142857142857,0.42857142857142855,0.3571428571428571,0.14285714285714285,3.6227922439575195,3.7835681438446045,3.7200114727020264,scan9_subset_uniform,uniform_K8,8
3,0.42857142857142855,0.5714285714285714,0.5,0.14285714285714285,3.675657272338867,4.318387985229492,3.980029582977295,scan9_subset_uniform,uniform_K8,8
4,0.5714285714285714,0.7142857142857142,0.6428571428571428,0.1428571428571428,3.5380172729492188,3.662126064300537,3.242479085922241,scan9_subset_uniform,uniform_K8,8
5,0.7142857142857142,0.8571428571428571,0.7857142857142856,0.1428571428571429,3.1261494159698486,3.4391257762908936,2.6511731147766113,scan9_subset_uniform,uniform_K8,8
6,0.8571428571428571,1.0,0.9285714285714286,0.1428571428571429,3.022089719772339,3.417416572570801,2.563840389251709,scan9_subset_uniform,uniform_K8,8
7,1.0,1.0,1.0,0.0,3.085993528366089,3.500910758972168,2.5783979892730713,scan9_subset_uniform,uniform_K8,8
0,0.0,0.1111111111111111,0.05555555555555555,0.1111111111111111,19.563936233520508,5.479861736297607,20.911582946777344,scan9_subset_uniform,uniform_K10,10
1,0.1111111111111111,0.2222222222222222,0.16666666666666666,0.1111111111111111,4.23783016204834,3.892517328262329,4.666961193084717,scan9_subset_uniform,uniform_K10,10
2,0.2222222222222222,0.3333333333333333,0.2777777777777778,0.1111111111111111,3.554929256439209,3.6538383960723877,3.5750582218170166,scan9_subset_uniform,uniform_K10,10
3,0.3333333333333333,0.4444444444444444,0.38888888888888884,0.1111111111111111,3.516345739364624,4.148678779602051,3.710602283477783,scan9_subset_uniform,uniform_K10,10
4,0.4444444444444444,0.5555555555555556,0.5,0.11111111111111116,3.3585360050201416,3.512829542160034,2.918323278427124,scan9_subset_uniform,uniform_K10,10
5,0.5555555555555556,0.6666666666666666,0.6111111111111112,0.11111111111111105,2.943405866622925,3.2549357414245605,2.2967734336853027,scan9_subset_uniform,uniform_K10,10
6,0.6666666666666666,0.7777777777777777,0.7222222222222221,0.11111111111111105,2.754028797149658,3.100553512573242,2.074414014816284,scan9_subset_uniform,uniform_K10,10
7,0.7777777777777777,0.8888888888888888,0.8333333333333333,0.11111111111111116,2.7309694290161133,3.1391077041625977,2.0787150859832764,scan9_subset_uniform,uniform_K10,10
8,0.8888888888888888,1.0,0.9444444444444444,0.11111111111111116,2.8515350818634033,3.2484352588653564,2.133782148361206,scan9_subset_uniform,uniform_K10,10
9,1.0,1.0,1.0,0.0,2.92722749710083,3.1863389015197754,2.169137477874756,scan9_subset_uniform,uniform_K10,10
0,0.0,0.09090909090909091,0.045454545454545456,0.09090909090909091,19.741893768310547,5.471240043640137,21.025169372558594,scan9_subset_uniform,uniform_K12,12
1,0.09090909090909091,0.18181818181818182,0.13636363636363635,0.09090909090909091,4.2566704750061035,3.849055528640747,4.6513214111328125,scan9_subset_uniform,uniform_K12,12
2,0.18181818181818182,0.2727272727272727,0.22727272727272727,0.09090909090909088,3.5281946659088135,3.579694986343384,3.492199420928955,scan9_subset_uniform,uniform_K12,12
3,0.2727272727272727,0.36363636363636365,0.3181818181818182,0.09090909090909094,3.443526268005371,4.04250955581665,3.5431759357452393,scan9_subset_uniform,uniform_K12,12
4,0.36363636363636365,0.4545454545454546,0.4090909090909091,0.09090909090909094,3.2856459617614746,3.4752840995788574,2.748570680618286,scan9_subset_uniform,uniform_K12,12
5,0.4545454545454546,0.5454545454545454,0.5,0.09090909090909083,2.8978796005249023,3.180399179458618,2.0846590995788574,scan9_subset_uniform,uniform_K12,12
6,0.5454545454545454,0.6363636363636364,0.5909090909090908,0.09090909090909094,2.6731624603271484,2.9866843223571777,1.8041025400161743,scan9_subset_uniform,uniform_K12,12
7,0.6363636363636364,0.7272727272727273,0.6818181818181819,0.09090909090909094,2.5885937213897705,2.935736656188965,1.742881178855896,scan9_subset_uniform,uniform_K12,12
8,0.7272727272727273,0.8181818181818182,0.7727272727272727,0.09090909090909094,2.5976996421813965,2.9673030376434326,1.7604929208755493,scan9_subset_uniform,uniform_K12,12
9,0.8181818181818182,0.9090909090909092,0.8636363636363638,0.09090909090909094,2.63397216796875,2.93359112739563,1.7565640211105347,scan9_subset_uniform,uniform_K12,12
10,0.9090909090909092,1.0,0.9545454545454546,0.09090909090909083,2.627284288406372,2.9145967960357666,1.7963440418243408,scan9_subset_uniform,uniform_K12,12
11,1.0,1.0,1.0,0.0,2.618516683578491,2.8808865547180176,1.8522990942001343,scan9_subset_uniform,uniform_K12,12
0,0.0,0.08333333333333333,0.041666666666666664,0.08333333333333333,19.747629165649414,5.46434211730957,21.02704429626465,scan9_subset_uniform,uniform_K13,13
1,0.08333333333333333,0.16666666666666666,0.125,0.08333333333333333,4.273242473602295,3.8389577865600586,4.657545566558838,scan9_subset_uniform,uniform_K13,13
2,0.16666666666666666,0.25,0.20833333333333331,0.08333333333333334,3.5294506549835205,3.558379888534546,3.474362850189209,scan9_subset_uniform,uniform_K13,13
3,0.25,0.3333333333333333,0.29166666666666663,0.08333333333333331,3.426496982574463,4.0088019371032715,3.4837441444396973,scan9_subset_uniform,uniform_K13,13
4,0.3333333333333333,0.41666666666666663,0.375,0.08333333333333331,3.2677440643310547,3.4558284282684326,2.68088436126709,scan9_subset_uniform,uniform_K13,13
5,0.41666666666666663,0.5,0.4583333333333333,0.08333333333333337,2.894383668899536,3.1826610565185547,2.023203134536743,scan9_subset_uniform,uniform_K13,13
6,0.5,0.5833333333333333,0.5416666666666666,0.08333333333333326,2.662607192993164,2.9587154388427734,1.7090321779251099,scan9_subset_uniform,uniform_K13,13
7,0.5833333333333333,0.6666666666666666,0.625,0.08333333333333337,2.5627875328063965,2.88250732421875,1.619951844215393,scan9_subset_uniform,uniform_K13,13
8,0.6666666666666666,0.75,0.7083333333333333,0.08333333333333337,2.5374348163604736,2.879427671432495,1.6162461042404175,scan9_subset_uniform,uniform_K13,13
9,0.75,0.8333333333333333,0.7916666666666666,0.08333333333333326,2.5348267555236816,2.821974277496338,1.5683292150497437,scan9_subset_uniform,uniform_K13,13
10,0.8333333333333333,0.9166666666666666,0.875,0.08333333333333337,2.5220203399658203,2.8055310249328613,1.6158831119537354,scan9_subset_uniform,uniform_K13,13
11,0.9166666666666666,1.0,0.9583333333333333,0.08333333333333337,2.520989179611206,2.7908265590667725,1.674902319908142,scan9_subset_uniform,uniform_K13,13
12,1.0,1.0,1.0,0.0,2.5447146892547607,2.7928311824798584,1.7732104063034058,scan9_subset_uniform,uniform_K13,13
0,0.0,0.07692307692307693,0.038461538461538464,0.07692307692307693,19.803546905517578,5.454345226287842,21.060443878173828,scan9_subset_uniform,uniform_K14,14
1,0.07692307692307693,0.15384615384615385,0.11538461538461539,0.07692307692307693,4.265051364898682,3.815004587173462,4.635074615478516,scan9_subset_uniform,uniform_K14,14
2,0.15384615384615385,0.23076923076923078,0.19230769230769232,0.07692307692307693,3.5236499309539795,3.5336577892303467,3.4494786262512207,scan9_subset_uniform,uniform_K14,14
3,0.23076923076923078,0.3076923076923077,0.2692307692307693,0.07692307692307693,3.4117374420166016,3.9736084938049316,3.43330717086792,scan9_subset_uniform,uniform_K14,14
4,0.3076923076923077,0.38461538461538464,0.34615384615384615,0.07692307692307693,3.258549451828003,3.4545600414276123,2.633539915084839,scan9_subset_uniform,uniform_K14,14
5,0.38461538461538464,0.46153846153846156,0.42307692307692313,0.07692307692307693,2.899484634399414,3.1692287921905518,1.9726386070251465,scan9_subset_uniform,uniform_K14,14
6,0.46153846153846156,0.5384615384615385,0.5,0.07692307692307698,2.6649441719055176,2.9401180744171143,1.6338603496551514,scan9_subset_uniform,uniform_K14,14
7,0.5384615384615385,0.6153846153846154,0.576923076923077,0.07692307692307687,2.546100378036499,2.8504903316497803,1.5294874906539917,scan9_subset_uniform,uniform_K14,14
8,0.6153846153846154,0.6923076923076923,0.6538461538461539,0.07692307692307687,2.5087037086486816,2.8232991695404053,1.4911706447601318,scan9_subset_uniform,uniform_K14,14
9,0.6923076923076923,0.7692307692307693,0.7307692307692308,0.07692307692307698,2.4765167236328125,2.769653797149658,1.4786405563354492,scan9_subset_uniform,uniform_K14,14
10,0.7692307692307693,0.8461538461538463,0.8076923076923077,0.07692307692307698,2.461937665939331,2.718280553817749,1.4666920900344849,scan9_subset_uniform,uniform_K14,14
11,0.8461538461538463,0.9230769230769231,0.8846153846153847,0.07692307692307687,2.4472570419311523,2.6985907554626465,1.5181025266647339,scan9_subset_uniform,uniform_K14,14
12,0.9230769230769231,1.0,0.9615384615384616,0.07692307692307687,2.465766191482544,2.7285561561584473,1.6164087057113647,scan9_subset_uniform,uniform_K14,14
13,1.0,1.0,1.0,0.0,2.495910406112671,2.7286155223846436,1.70333993434906,scan9_subset_uniform,uniform_K14,14
0,0.0,0.06666666666666667,0.03333333333333333,0.06666666666666667,19.916461944580078,5.443877220153809,21.13028335571289,scan9_subset_uniform,uniform_K16,16
1,0.06666666666666667,0.13333333333333333,0.1,0.06666666666666667,4.277599811553955,3.786116361618042,4.622615814208984,scan9_subset_uniform,uniform_K16,16
2,0.13333333333333333,0.2,0.16666666666666669,0.06666666666666668,3.530271053314209,3.503662586212158,3.4214377403259277,scan9_subset_uniform,uniform_K16,16
3,0.2,0.26666666666666666,0.23333333333333334,0.06666666666666665,3.3943402767181396,3.9292054176330566,3.3535494804382324,scan9_subset_uniform,uniform_K16,16
4,0.26666666666666666,0.3333333333333333,0.3,0.06666666666666665,3.2487294673919678,3.4473049640655518,2.5534462928771973,scan9_subset_uniform,uniform_K16,16
5,0.3333333333333333,0.4,0.3666666666666667,0.06666666666666671,2.9200661182403564,3.166033983230591,1.879013180732727,scan9_subset_uniform,uniform_K16,16
6,0.4,0.4666666666666667,0.43333333333333335,0.06666666666666665,2.687704086303711,2.9535598754882812,1.5455349683761597,scan9_subset_uniform,uniform_K16,16
7,0.4666666666666667,0.5333333333333333,0.5,0.06666666666666665,2.5648045539855957,2.81805682182312,1.38560152053833,scan9_subset_uniform,uniform_K16,16
8,0.5333333333333333,0.6,0.5666666666666667,0.06666666666666665,2.483008623123169,2.7607173919677734,1.3237593173980713,scan9_subset_uniform,uniform_K16,16
9,0.6,0.6666666666666666,0.6333333333333333,0.06666666666666665,2.4255473613739014,2.692195415496826,1.284213662147522,scan9_subset_uniform,uniform_K16,16
10,0.6666666666666666,0.7333333333333333,0.7,0.06666666666666665,2.380377769470215,2.6312708854675293,1.2712777853012085,scan9_subset_uniform,uniform_K16,16
11,0.7333333333333333,0.8,0.7666666666666666,0.06666666666666676,2.3441572189331055,2.579332113265991,1.3118911981582642,scan9_subset_uniform,uniform_K16,16
12,0.8,0.8666666666666667,0.8333333333333334,0.06666666666666665,2.3292460441589355,2.5398714542388916,1.320685863494873,scan9_subset_uniform,uniform_K16,16
13,0.8666666666666667,0.9333333333333333,0.9,0.06666666666666665,2.3319509029388428,2.5497000217437744,1.3926490545272827,scan9_subset_uniform,uniform_K16,16
14,0.9333333333333333,1.0,0.9666666666666667,0.06666666666666665,2.375890016555786,2.611177444458008,1.4968160390853882,scan9_subset_uniform,uniform_K16,16
15,1.0,1.0,1.0,0.0,2.4202773571014404,2.63409161567688,1.602002501487732,scan9_subset_uniform,uniform_K16,16
0,0.0,0.3779644730092272,0.1889822365046136,0.3779644730092272,17.599302291870117,5.759108543395996,19.744829177856445,scan9_subset_uniform,power_K8_g0.5,8
1,0.3779644730092272,0.5345224838248488,0.456243478417038,0.1565580108156216,4.564188480377197,4.581682205200195,5.314660549163818,scan9_subset_uniform,power_K8_g0.5,8
2,0.5345224838248488,0.6546536707079771,0.5945880772664129,0.1201311868831283,4.0660529136657715,4.246155738830566,4.312429904937744,scan9_subset_uniform,power_K8_g0.5,8
3,0.6546536707079771,0.7559289460184544,0.7052913083632157,0.10127527531047731,4.130684852600098,4.64079475402832,4.502902984619141,scan9_subset_uniform,power_K8_g0.5,8
4,0.7559289460184544,0.8451542547285166,0.8005416003734855,0.08922530871006218,3.826981544494629,3.848583459854126,3.6227781772613525,scan9_subset_uniform,power_K8_g0.5,8
5,0.8451542547285166,0.9258200997725514,0.8854871772505339,0.08066584504403485,3.3339223861694336,3.5981173515319824,2.892744779586792,scan9_subset_uniform,power_K8_g0.5,8
6,0.9258200997725514,1.0,0.9629100498862757,0.07417990022744858,3.1521921157836914,3.4943623542785645,2.6343564987182617,scan9_subset_uniform,power_K8_g0.5,8
7,1.0,1.0,1.0,0.0,3.112887144088745,3.4282448291778564,2.469766616821289,scan9_subset_uniform,power_K8_g0.5,8
0,0.0,0.02040816326530612,0.01020408163265306,0.02040816326530612,20.216699600219727,5.4114580154418945,21.319974899291992,scan9_subset_uniform,power_K8_g2.0,8
1,0.02040816326530612,0.08163265306122448,0.0510204081632653,0.061224489795918366,4.354413986206055,3.721959114074707,4.631429195404053,scan9_subset_uniform,power_K8_g2.0,8
2,0.08163265306122448,0.18367346938775508,0.13265306122448978,0.1020408163265306,3.5402348041534424,3.4726884365081787,3.3858530521392822,scan9_subset_uniform,power_K8_g2.0,8
3,0.18367346938775508,0.32653061224489793,0.2551020408163265,0.14285714285714285,3.3866159915924072,3.958472967147827,3.3638315200805664,scan9_subset_uniform,power_K8_g2.0,8
4,0.32653061224489793,0.5102040816326531,0.41836734693877553,0.18367346938775514,3.321439027786255,3.627627372741699,2.8329172134399414,scan9_subset_uniform,power_K8_g2.0,8
5,0.5102040816326531,0.7346938775510203,0.6224489795918366,0.22448979591836726,3.123764753341675,3.5159478187561035,2.578606367111206,scan9_subset_uniform,power_K8_g2.0,8
6,0.7346938775510203,1.0,0.8673469387755102,0.26530612244897966,3.108741283416748,3.5758800506591797,2.7089762687683105,scan9_subset_uniform,power_K8_g2.0,8
7,1.0,1.0,1.0,0.0,3.2366299629211426,3.851672410964966,3.0111758708953857,scan9_subset_uniform,power_K8_g2.0,8
0,0.0,0.3333333333333333,0.16666666666666666,0.3333333333333333,17.9007511138916,5.7104411125183105,19.91230583190918,scan9_subset_uniform,power_K10_g0.5,10
1,0.3333333333333333,0.4714045207910317,0.4023689270621825,0.13807118745769836,4.487766742706299,4.453922748565674,5.196346759796143,scan9_subset_uniform,power_K10_g0.5,10
2,0.4714045207910317,0.5773502691896257,0.5243773949903288,0.10594574839859405,3.926079034805298,4.102677822113037,4.146432876586914,scan9_subset_uniform,power_K10_g0.5,10
3,0.5773502691896257,0.6666666666666666,0.6220084679281461,0.0893163974770409,3.949445962905884,4.484805583953857,4.295573711395264,scan9_subset_uniform,power_K10_g0.5,10
4,0.6666666666666666,0.7453559924999299,0.7060113295832983,0.07868932583326327,3.6360576152801514,3.6803438663482666,3.390397071838379,scan9_subset_uniform,power_K10_g0.5,10
5,0.7453559924999299,0.816496580927726,0.780926286713828,0.07114058842779614,3.1130824089050293,3.3934109210968018,2.6152117252349854,scan9_subset_uniform,power_K10_g0.5,10
6,0.816496580927726,0.8819171036881969,0.8492068423079615,0.06542052276047083,2.9089667797088623,3.2226345539093018,2.2922887802124023,scan9_subset_uniform,power_K10_g0.5,10
7,0.8819171036881969,0.9428090415820634,0.9123630726351302,0.06089193789386649,2.857741355895996,3.2155678272247314,2.169281482696533,scan9_subset_uniform,power_K10_g0.5,10
8,0.9428090415820634,1.0,0.9714045207910317,0.057190958417936644,2.9006197452545166,3.245891809463501,2.1246447563171387,scan9_subset_uniform,power_K10_g0.5,10
9,1.0,1.0,1.0,0.0,2.937074899673462,3.1964592933654785,2.1053857803344727,scan9_subset_uniform,power_K10_g0.5,10
0,0.0,0.012345679012345678,0.006172839506172839,0.012345679012345678,20.32379913330078,5.404933929443359,21.386625289916992,scan9_subset_uniform,power_K10_g2.0,10
1,0.012345679012345678,0.04938271604938271,0.030864197530864196,0.037037037037037035,4.3833136558532715,3.6989123821258545,4.638663291931152,scan9_subset_uniform,power_K10_g2.0,10
2,0.04938271604938271,0.1111111111111111,0.08024691358024691,0.06172839506172839,3.5817859172821045,3.41284441947937,3.3547074794769287,scan9_subset_uniform,power_K10_g2.0,10
3,0.1111111111111111,0.19753086419753085,0.15432098765432098,0.08641975308641975,3.3666369915008545,3.802715301513672,3.1232964992523193,scan9_subset_uniform,power_K10_g2.0,10
4,0.19753086419753085,0.308641975308642,0.25308641975308643,0.11111111111111116,3.228740692138672,3.530024528503418,2.4871363639831543,scan9_subset_uniform,power_K10_g2.0,10
5,0.308641975308642,0.4444444444444444,0.3765432098765432,0.1358024691358024,3.014885187149048,3.3288962841033936,2.052529811859131,scan9_subset_uniform,power_K10_g2.0,10
6,0.4444444444444444,0.6049382716049383,0.5246913580246914,0.16049382716049387,2.8318326473236084,3.206660032272339,1.9757148027420044,scan9_subset_uniform,power_K10_g2.0,10
7,0.6049382716049383,0.7901234567901234,0.6975308641975309,0.18518518518518512,2.802316427230835,3.256135940551758,2.1663570404052734,scan9_subset_uniform,power_K10_g2.0,10
8,0.7901234567901234,1.0,0.8950617283950617,0.2098765432098766,2.9195213317871094,3.3804469108581543,2.3331339359283447,scan9_subset_uniform,power_K10_g2.0,10
9,1.0,1.0,1.0,0.0,3.0179405212402344,3.403667688369751,2.384366989135742,scan9_subset_uniform,power_K10_g2.0,10
0,0.0,0.30151134457776363,0.15075567228888181,0.30151134457776363,18.135866165161133,5.665782451629639,20.050304412841797,scan9_subset_uniform,power_K12_g0.5,12
1,0.30151134457776363,0.4264014327112209,0.36395638864449226,0.12489008813345726,4.4124040603637695,4.338933944702148,5.075539588928223,scan9_subset_uniform,power_K12_g0.5,12
2,0.4264014327112209,0.5222329678670935,0.4743172002891572,0.09583153515587262,3.818248748779297,3.9839792251586914,3.9969260692596436,scan9_subset_uniform,power_K12_g0.5,12
3,0.5222329678670935,0.6030226891555273,0.5626278285113104,0.08078972128843376,3.802844285964966,4.351046562194824,4.111111164093018,scan9_subset_uniform,power_K12_g0.5,12
4,0.6030226891555273,0.674199862463242,0.6386112758093847,0.07117717330771478,3.510634422302246,3.5726826190948486,3.2078518867492676,scan9_subset_uniform,power_K12_g0.5,12
5,0.674199862463242,0.7385489458759964,0.7063744041696192,0.06434908341275436,3.0046775341033936,3.281934976577759,2.442192792892456,scan9_subset_uniform,power_K12_g0.5,12
6,0.7385489458759964,0.7977240352174656,0.7681364905467309,0.0591750893414692,2.766385078430176,3.0927751064300537,2.0901689529418945,scan9_subset_uniform,power_K12_g0.5,12
7,0.7977240352174656,0.8528028654224418,0.8252634503199536,0.05507883020497617,2.696657419204712,3.026210308074951,1.911108136177063,scan9_subset_uniform,power_K12_g0.5,12
8,0.8528028654224418,0.9045340337332909,0.8786684495778663,0.05173116831084912,2.7138795852661133,3.048283338546753,1.8488672971725464,scan9_subset_uniform,power_K12_g0.5,12
9,0.9045340337332909,0.9534625892455924,0.9289983114894416,0.048928555512301464,2.7564749717712402,3.033592939376831,1.8405115604400635,scan9_subset_uniform,power_K12_g0.5,12
10,0.9534625892455924,1.0,0.9767312946227962,0.04653741075440765,2.7414140701293945,3.0186288356781006,1.882690191268921,scan9_subset_uniform,power_K12_g0.5,12
11,1.0,1.0,1.0,0.0,2.7405407428741455,2.990346908569336,1.9190711975097656,scan9_subset_uniform,power_K12_g0.5,12
0,0.0,0.008264462809917356,0.004132231404958678,0.008264462809917356,20.335752487182617,5.411337852478027,21.39853858947754,scan9_subset_uniform,power_K12_g2.0,12
1,0.008264462809917356,0.03305785123966942,0.02066115702479339,0.024793388429752067,4.395874500274658,3.692746877670288,4.641938209533691,scan9_subset_uniform,power_K12_g2.0,12
2,0.03305785123966942,0.07438016528925619,0.053719008264462804,0.041322314049586764,3.5981292724609375,3.383375883102417,3.3311245441436768,scan9_subset_uniform,power_K12_g2.0,12
3,0.07438016528925619,0.1322314049586777,0.10330578512396693,0.0578512396694215,3.382715940475464,3.729308605194092,3.014065742492676,scan9_subset_uniform,power_K12_g2.0,12
4,0.1322314049586777,0.20661157024793386,0.16942148760330578,0.07438016528925617,3.239734649658203,3.4962310791015625,2.344348192214966,scan9_subset_uniform,power_K12_g2.0,12
5,0.20661157024793386,0.29752066115702475,0.2520661157024793,0.09090909090909088,3.0437846183776855,3.2753512859344482,1.781509518623352,scan9_subset_uniform,power_K12_g2.0,12
6,0.29752066115702475,0.4049586776859504,0.35123966942148754,0.10743801652892565,2.8313958644866943,3.1016366481781006,1.577496886253357,scan9_subset_uniform,power_K12_g2.0,12
7,0.4049586776859504,0.5289256198347108,0.4669421487603306,0.12396694214876036,2.710022211074829,3.0368967056274414,1.6121107339859009,scan9_subset_uniform,power_K12_g2.0,12
8,0.5289256198347108,0.6694214876033059,0.5991735537190084,0.14049586776859513,2.6562232971191406,3.030733585357666,1.7248209714889526,scan9_subset_uniform,power_K12_g2.0,12
9,0.6694214876033059,0.8264462809917354,0.7479338842975207,0.15702479338842956,2.6426312923431396,3.079972743988037,1.892020344734192,scan9_subset_uniform,power_K12_g2.0,12
10,0.8264462809917354,1.0,0.9132231404958677,0.17355371900826455,2.7589223384857178,3.168602466583252,2.065164089202881,scan9_subset_uniform,power_K12_g2.0,12
11,1.0,1.0,1.0,0.0,2.8325743675231934,3.141756057739258,2.1289401054382324,scan9_subset_uniform,power_K12_g2.0,12
0,0.0,0.14285714285714285,0.07142857142857142,0.14285714285714285,19.180612564086914,5.363882064819336,20.69588279724121,scan24_subset_middle,uniform_K8,8
1,0.14285714285714285,0.2857142857142857,0.21428571428571427,0.14285714285714285,4.172692775726318,4.019947528839111,4.648337364196777,scan24_subset_middle,uniform_K8,8
2,0.2857142857142857,0.42857142857142855,0.3571428571428571,0.14285714285714285,3.599353551864624,3.7370424270629883,3.4789133071899414,scan24_subset_middle,uniform_K8,8
3,0.42857142857142855,0.5714285714285714,0.5,0.14285714285714285,3.3407373428344727,3.7410879135131836,3.189455986022949,scan24_subset_middle,uniform_K8,8
4,0.5714285714285714,0.7142857142857142,0.6428571428571428,0.1428571428571428,3.2420554161071777,3.5672364234924316,2.747838020324707,scan24_subset_middle,uniform_K8,8
5,0.7142857142857142,0.8571428571428571,0.7857142857142856,0.1428571428571429,2.9977729320526123,3.328248977661133,2.4007182121276855,scan24_subset_middle,uniform_K8,8
6,0.8571428571428571,1.0,0.9285714285714286,0.1428571428571429,2.8745687007904053,3.238917827606201,2.296147346496582,scan24_subset_middle,uniform_K8,8
7,1.0,1.0,1.0,0.0,2.8128905296325684,3.1266279220581055,2.2099087238311768,scan24_subset_middle,uniform_K8,8
0,0.0,0.1111111111111111,0.05555555555555555,0.1111111111111111,19.421085357666016,5.336110591888428,20.85175132751465,scan24_subset_middle,uniform_K10,10
1,0.1111111111111111,0.2222222222222222,0.16666666666666666,0.1111111111111111,4.1636857986450195,3.9400224685668945,4.584761142730713,scan24_subset_middle,uniform_K10,10
2,0.2222222222222222,0.3333333333333333,0.2777777777777778,0.1111111111111111,3.5334062576293945,3.6288046836853027,3.342625856399536,scan24_subset_middle,uniform_K10,10
3,0.3333333333333333,0.4444444444444444,0.38888888888888884,0.1111111111111111,3.2442901134490967,3.655860185623169,2.9956538677215576,scan24_subset_middle,uniform_K10,10
4,0.4444444444444444,0.5555555555555556,0.5,0.11111111111111116,3.1322996616363525,3.4507102966308594,2.4973578453063965,scan24_subset_middle,uniform_K10,10
5,0.5555555555555556,0.6666666666666666,0.6111111111111112,0.11111111111111105,2.856630802154541,3.1785013675689697,2.0867130756378174,scan24_subset_middle,uniform_K10,10
6,0.6666666666666666,0.7777777777777777,0.7222222222222221,0.11111111111111105,2.677567958831787,3.0119738578796387,1.886497139930725,scan24_subset_middle,uniform_K10,10
7,0.7777777777777777,0.8888888888888888,0.8333333333333333,0.11111111111111116,2.5707454681396484,2.9038093090057373,1.8030751943588257,scan24_subset_middle,uniform_K10,10
8,0.8888888888888888,1.0,0.9444444444444444,0.11111111111111116,2.5668387413024902,2.900519847869873,1.8469882011413574,scan24_subset_middle,uniform_K10,10
9,1.0,1.0,1.0,0.0,2.583523988723755,2.898878574371338,1.8981969356536865,scan24_subset_middle,uniform_K10,10
0,0.0,0.09090909090909091,0.045454545454545456,0.09090909090909091,19.599302291870117,5.325436592102051,20.96784782409668,scan24_subset_middle,uniform_K12,12
1,0.09090909090909091,0.18181818181818182,0.13636363636363635,0.09090909090909091,4.178544044494629,3.8960111141204834,4.567792892456055,scan24_subset_middle,uniform_K12,12
2,0.18181818181818182,0.2727272727272727,0.22727272727272727,0.09090909090909088,3.5098254680633545,3.568157434463501,3.269286870956421,scan24_subset_middle,uniform_K12,12
3,0.2727272727272727,0.36363636363636365,0.3181818181818182,0.09090909090909094,3.20794677734375,3.6037142276763916,2.8760228157043457,scan24_subset_middle,uniform_K12,12
4,0.36363636363636365,0.4545454545454546,0.4090909090909091,0.09090909090909094,3.0988149642944336,3.425281524658203,2.367252826690674,scan24_subset_middle,uniform_K12,12
5,0.4545454545454546,0.5454545454545454,0.5,0.09090909090909083,2.8346107006073,3.1274425983428955,1.9059110879898071,scan24_subset_middle,uniform_K12,12
6,0.5454545454545454,0.6363636363636364,0.5909090909090908,0.09090909090909094,2.635143518447876,2.9342997074127197,1.6484978199005127,scan24_subset_middle,uniform_K12,12
7,0.6363636363636364,0.7272727272727273,0.6818181818181819,0.09090909090909094,2.4910528659820557,2.789245843887329,1.5216301679611206,scan24_subset_middle,uniform_K12,12
8,0.7272727272727273,0.8181818181818182,0.7727272727272727,0.09090909090909094,2.4146554470062256,2.724475145339966,1.5115272998809814,scan24_subset_middle,uniform_K12,12
9,0.8181818181818182,0.9090909090909092,0.8636363636363638,0.09090909090909094,2.4060184955596924,2.7092480659484863,1.545348882675171,scan24_subset_middle,uniform_K12,12
10,0.9090909090909092,1.0,0.9545454545454546,0.09090909090909083,2.4290544986724854,2.7458178997039795,1.6389883756637573,scan24_subset_middle,uniform_K12,12
11,1.0,1.0,1.0,0.0,2.4676640033721924,2.7846829891204834,1.7532638311386108,scan24_subset_middle,uniform_K12,12
0,0.0,0.08333333333333333,0.041666666666666664,0.08333333333333333,19.605010986328125,5.318179607391357,20.97003936767578,scan24_subset_middle,uniform_K13,13
1,0.08333333333333333,0.16666666666666666,0.125,0.08333333333333333,4.192797660827637,3.8853397369384766,4.5713934898376465,scan24_subset_middle,uniform_K13,13
2,0.16666666666666666,0.25,0.20833333333333331,0.08333333333333334,3.5099940299987793,3.5469515323638916,3.2512266635894775,scan24_subset_middle,uniform_K13,13
3,0.25,0.3333333333333333,0.29166666666666663,0.08333333333333331,3.2068586349487305,3.5925068855285645,2.8452181816101074,scan24_subset_middle,uniform_K13,13
4,0.3333333333333333,0.41666666666666663,0.375,0.08333333333333331,3.098172664642334,3.4104533195495605,2.3165462017059326,scan24_subset_middle,uniform_K13,13
5,0.41666666666666663,0.5,0.4583333333333333,0.08333333333333337,2.837277889251709,3.132500648498535,1.8538613319396973,scan24_subset_middle,uniform_K13,13
6,0.5,0.5833333333333333,0.5416666666666666,0.08333333333333326,2.6345434188842773,2.9163014888763428,1.5645297765731812,scan24_subset_middle,uniform_K13,13
7,0.5833333333333333,0.6666666666666666,0.625,0.08333333333333337,2.4867119789123535,2.7636969089508057,1.4204769134521484,scan24_subset_middle,uniform_K13,13
8,0.6666666666666666,0.75,0.7083333333333333,0.08333333333333337,2.392091751098633,2.677940607070923,1.386251449584961,scan24_subset_middle,uniform_K13,13
9,0.75,0.8333333333333333,0.7916666666666666,0.08333333333333326,2.354301929473877,2.6272706985473633,1.371026635169983,scan24_subset_middle,uniform_K13,13
10,0.8333333333333333,0.9166666666666666,0.875,0.08333333333333337,2.347395896911621,2.6509363651275635,1.4620462656021118,scan24_subset_middle,uniform_K13,13
11,0.9166666666666666,1.0,0.9583333333333333,0.08333333333333337,2.3860409259796143,2.7019195556640625,1.5710134506225586,scan24_subset_middle,uniform_K13,13
12,1.0,1.0,1.0,0.0,2.4317636489868164,2.742746353149414,1.7018705606460571,scan24_subset_middle,uniform_K13,13
0,0.0,0.07692307692307693,0.038461538461538464,0.07692307692307693,19.661075592041016,5.308530330657959,21.004579544067383,scan24_subset_middle,uniform_K14,14
1,0.07692307692307693,0.15384615384615385,0.11538461538461539,0.07692307692307693,4.186117649078369,3.8620071411132812,4.550828456878662,scan24_subset_middle,uniform_K14,14
2,0.15384615384615385,0.23076923076923078,0.19230769230769232,0.07692307692307693,3.505863904953003,3.529580593109131,3.2324562072753906,scan24_subset_middle,uniform_K14,14
3,0.23076923076923078,0.3076923076923077,0.2692307692307693,0.07692307692307693,3.2042431831359863,3.57572603225708,2.810001850128174,scan24_subset_middle,uniform_K14,14
4,0.3076923076923077,0.38461538461538464,0.34615384615384615,0.07692307692307693,3.0993192195892334,3.4120988845825195,2.2788450717926025,scan24_subset_middle,uniform_K14,14
5,0.38461538461538464,0.46153846153846156,0.42307692307692313,0.07692307692307693,2.8480260372161865,3.123471260070801,1.8051813840866089,scan24_subset_middle,uniform_K14,14
6,0.46153846153846156,0.5384615384615385,0.5,0.07692307692307698,2.6426656246185303,2.9036874771118164,1.4949442148208618,scan24_subset_middle,uniform_K14,14
7,0.5384615384615385,0.6153846153846154,0.576923076923077,0.07692307692307687,2.4845643043518066,2.7527122497558594,1.347577452659607,scan24_subset_middle,uniform_K14,14
8,0.6153846153846154,0.6923076923076923,0.6538461538461539,0.07692307692307687,2.3894288539886475,2.648869514465332,1.27920663356781,scan24_subset_middle,uniform_K14,14
9,0.6923076923076923,0.7692307692307693,0.7307692307692308,0.07692307692307698,2.3301820755004883,2.595649003982544,1.2896078824996948,scan24_subset_middle,uniform_K14,14
10,0.7692307692307693,0.8461538461538463,0.8076923076923077,0.07692307692307698,2.31728458404541,2.585937738418579,1.318784475326538,scan24_subset_middle,uniform_K14,14
11,0.8461538461538463,0.9230769230769231,0.8846153846153847,0.07692307692307687,2.32415771484375,2.6140661239624023,1.416935682296753,scan24_subset_middle,uniform_K14,14
12,0.9230769230769231,1.0,0.9615384615384616,0.07692307692307687,2.3629143238067627,2.684312105178833,1.5447312593460083,scan24_subset_middle,uniform_K14,14
13,1.0,1.0,1.0,0.0,2.4047739505767822,2.715871810913086,1.6700074672698975,scan24_subset_middle,uniform_K14,14
0,0.0,0.06666666666666667,0.03333333333333333,0.06666666666666667,19.774127960205078,5.295744895935059,21.075759887695312,scan24_subset_middle,uniform_K16,16
1,0.06666666666666667,0.13333333333333333,0.1,0.06666666666666667,4.1976776123046875,3.833831787109375,4.538135528564453,scan24_subset_middle,uniform_K16,16
2,0.13333333333333333,0.2,0.16666666666666669,0.06666666666666668,3.512754201889038,3.5041277408599854,3.2079875469207764,scan24_subset_middle,uniform_K16,16
3,0.2,0.26666666666666666,0.23333333333333334,0.06666666666666665,3.2065224647521973,3.5626072883605957,2.7651617527008057,scan24_subset_middle,uniform_K16,16
4,0.26666666666666666,0.3333333333333333,0.3,0.06666666666666665,3.108128786087036,3.410029888153076,2.2199602127075195,scan24_subset_middle,uniform_K16,16
5,0.3333333333333333,0.4,0.3666666666666667,0.06666666666666671,2.875948905944824,3.126894474029541,1.729729413986206,scan24_subset_middle,uniform_K16,16
6,0.4,0.4666666666666667,0.43333333333333335,0.06666666666666665,2.677971363067627,2.9229965209960938,1.418647050857544,scan24_subset_middle,uniform_K16,16
7,0.4666666666666667,0.5333333333333333,0.5,0.06666666666666665,2.523672103881836,2.7485220432281494,1.2250717878341675,scan24_subset_middle,uniform_K16,16
8,0.5333333333333333,0.6,0.5666666666666667,0.06666666666666665,2.4055490493774414,2.6334750652313232,1.1446709632873535,scan24_subset_middle,uniform_K16,16
9,0.6,0.6666666666666666,0.6333333333333333,0.06666666666666665,2.3322906494140625,2.5605623722076416,1.1122069358825684,scan24_subset_middle,uniform_K16,16
10,0.6666666666666666,0.7333333333333333,0.7,0.06666666666666665,2.2735300064086914,2.519386053085327,1.1252418756484985,scan24_subset_middle,uniform_K16,16
11,0.7333333333333333,0.8,0.7666666666666666,0.06666666666666676,2.2486512660980225,2.506072759628296,1.1901007890701294,scan24_subset_middle,uniform_K16,16
12,0.8,0.8666666666666667,0.8333333333333334,0.06666666666666665,2.2493317127227783,2.5070960521698,1.2383570671081543,scan24_subset_middle,uniform_K16,16
13,0.8666666666666667,0.9333333333333333,0.9,0.06666666666666665,2.265730857849121,2.544471263885498,1.3533793687820435,scan24_subset_middle,uniform_K16,16
14,0.9333333333333333,1.0,0.9666666666666667,0.06666666666666665,2.319214105606079,2.6321828365325928,1.4898334741592407,scan24_subset_middle,uniform_K16,16
15,1.0,1.0,1.0,0.0,2.361238718032837,2.6688392162323,1.6166330575942993,scan24_subset_middle,uniform_K16,16
0,0.0,0.3779644730092272,0.1889822365046136,0.3779644730092272,17.45962142944336,5.629507064819336,19.653026580810547,scan24_subset_middle,power_K8_g0.5,8
1,0.3779644730092272,0.5345224838248488,0.456243478417038,0.1565580108156216,4.538843631744385,4.600925922393799,5.255760192871094,scan24_subset_middle,power_K8_g0.5,8
2,0.5345224838248488,0.6546536707079771,0.5945880772664129,0.1201311868831283,4.014509201049805,4.072868824005127,3.962972640991211,scan24_subset_middle,power_K8_g0.5,8
3,0.6546536707079771,0.7559289460184544,0.7052913083632157,0.10127527531047731,3.5523345470428467,3.905161142349243,3.4803411960601807,scan24_subset_middle,power_K8_g0.5,8
4,0.7559289460184544,0.8451542547285166,0.8005416003734855,0.08922530871006218,3.3709444999694824,3.64259934425354,2.8984785079956055,scan24_subset_middle,power_K8_g0.5,8
5,0.8451542547285166,0.9258200997725514,0.8854871772505339,0.08066584504403485,3.099555730819702,3.3999691009521484,2.4977428913116455,scan24_subset_middle,power_K8_g0.5,8
6,0.9258200997725514,1.0,0.9629100498862757,0.07417990022744858,2.9408137798309326,3.260941743850708,2.2763755321502686,scan24_subset_middle,power_K8_g0.5,8
7,1.0,1.0,1.0,0.0,2.8704159259796143,3.155397415161133,2.1769652366638184,scan24_subset_middle,power_K8_g0.5,8
0,0.0,0.02040816326530612,0.01020408163265306,0.02040816326530612,20.074377059936523,5.260676383972168,21.269704818725586,scan24_subset_middle,power_K8_g2.0,8
1,0.02040816326530612,0.08163265306122448,0.0510204081632653,0.061224489795918366,4.274869441986084,3.767528772354126,4.545928001403809,scan24_subset_middle,power_K8_g2.0,8
2,0.08163265306122448,0.18367346938775508,0.13265306122448978,0.1020408163265306,3.521714210510254,3.4719181060791016,3.175433397293091,scan24_subset_middle,power_K8_g2.0,8
3,0.18367346938775508,0.32653061224489793,0.2551020408163265,0.14285714285714285,3.20186185836792,3.6022701263427734,2.8093533515930176,scan24_subset_middle,power_K8_g2.0,8
4,0.32653061224489793,0.5102040816326531,0.41836734693877553,0.18367346938775514,3.1877551078796387,3.5724594593048096,2.5562427043914795,scan24_subset_middle,power_K8_g2.0,8
5,0.5102040816326531,0.7346938775510203,0.6224489795918366,0.22448979591836726,3.0679612159729004,3.4393177032470703,2.432173252105713,scan24_subset_middle,power_K8_g2.0,8
6,0.7346938775510203,1.0,0.8673469387755102,0.26530612244897966,3.0184857845306396,3.3981029987335205,2.483480930328369,scan24_subset_middle,power_K8_g2.0,8
7,1.0,1.0,1.0,0.0,2.9324402809143066,3.3032774925231934,2.4942243099212646,scan24_subset_middle,power_K8_g2.0,8
0,0.0,0.3333333333333333,0.16666666666666666,0.3333333333333333,17.75984001159668,5.578041076660156,19.82535743713379,scan24_subset_middle,power_K10_g0.5,10
1,0.3333333333333333,0.4714045207910317,0.4023689270621825,0.13807118745769836,4.4459075927734375,4.479061126708984,5.129475116729736,scan24_subset_middle,power_K10_g0.5,10
2,0.4714045207910317,0.5773502691896257,0.5243773949903288,0.10594574839859405,3.8945446014404297,3.971193790435791,3.8350229263305664,scan24_subset_middle,power_K10_g0.5,10
3,0.5773502691896257,0.6666666666666666,0.6220084679281461,0.0893163974770409,3.443270683288574,3.7969210147857666,3.3245222568511963,scan24_subset_middle,power_K10_g0.5,10
4,0.6666666666666666,0.7453559924999299,0.7060113295832983,0.07868932583326327,3.2308921813964844,3.5141823291778564,2.7169153690338135,scan24_subset_middle,power_K10_g0.5,10
5,0.7453559924999299,0.816496580927726,0.780926286713828,0.07114058842779614,2.9285314083099365,3.234781503677368,2.256742000579834,scan24_subset_middle,power_K10_g0.5,10
6,0.816496580927726,0.8819171036881969,0.8492068423079615,0.06542052276047083,2.7579288482666016,3.0635993480682373,2.0026395320892334,scan24_subset_middle,power_K10_g0.5,10
7,0.8819171036881969,0.9428090415820634,0.9123630726351302,0.06089193789386649,2.6785833835601807,2.9856810569763184,1.907835602760315,scan24_subset_middle,power_K10_g0.5,10
8,0.9428090415820634,1.0,0.9714045207910317,0.057190958417936644,2.6685631275177,2.9761998653411865,1.9006016254425049,scan24_subset_middle,power_K10_g0.5,10
9,1.0,1.0,1.0,0.0,2.678690195083618,2.973663091659546,1.9312140941619873,scan24_subset_middle,power_K10_g0.5,10
0,0.0,0.012345679012345678,0.006172839506172839,0.012345679012345678,20.181804656982422,5.252654552459717,21.337968826293945,scan24_subset_middle,power_K10_g2.0,10
1,0.012345679012345678,0.04938271604938271,0.030864197530864196,0.037037037037037035,4.30458927154541,3.7417550086975098,4.5533528327941895,scan24_subset_middle,power_K10_g2.0,10
2,0.04938271604938271,0.1111111111111111,0.08024691358024691,0.06172839506172839,3.562654495239258,3.412749767303467,3.1472573280334473,scan24_subset_middle,power_K10_g2.0,10
3,0.1111111111111111,0.19753086419753085,0.15432098765432098,0.08641975308641975,3.2267351150512695,3.517845869064331,2.654118299484253,scan24_subset_middle,power_K10_g2.0,10
4,0.19753086419753085,0.308641975308642,0.25308641975308643,0.11111111111111116,3.132542610168457,3.4858908653259277,2.225084066390991,scan24_subset_middle,power_K10_g2.0,10
5,0.308641975308642,0.4444444444444444,0.3765432098765432,0.1358024691358024,2.9723992347717285,3.2851154804229736,1.933023452758789,scan24_subset_middle,power_K10_g2.0,10
6,0.4444444444444444,0.6049382716049383,0.5246913580246914,0.16049382716049387,2.8160014152526855,3.1370766162872314,1.8313442468643188,scan24_subset_middle,power_K10_g2.0,10
7,0.6049382716049383,0.7901234567901234,0.6975308641975309,0.18518518518518512,2.717061996459961,3.0653867721557617,1.9188616275787354,scan24_subset_middle,power_K10_g2.0,10
8,0.7901234567901234,1.0,0.8950617283950617,0.2098765432098766,2.69206166267395,3.078012228012085,2.0686168670654297,scan24_subset_middle,power_K10_g2.0,10
9,1.0,1.0,1.0,0.0,2.669308662414551,3.0301947593688965,2.1275601387023926,scan24_subset_middle,power_K10_g2.0,10
0,0.0,0.30151134457776363,0.15075567228888181,0.30151134457776363,17.99454116821289,5.533788204193115,19.96770668029785,scan24_subset_middle,power_K12_g0.5,12
1,0.30151134457776363,0.4264014327112209,0.36395638864449226,0.12489008813345726,4.364321231842041,4.37247896194458,5.010314464569092,scan24_subset_middle,power_K12_g0.5,12
2,0.4264014327112209,0.5222329678670935,0.4743172002891572,0.09583153515587262,3.7925729751586914,3.8832688331604004,3.7079532146453857,scan24_subset_middle,power_K12_g0.5,12
3,0.5222329678670935,0.6030226891555273,0.5626278285113104,0.08078972128843376,3.351217269897461,3.711285352706909,3.1926403045654297,scan24_subset_middle,power_K12_g0.5,12
4,0.6030226891555273,0.674199862463242,0.6386112758093847,0.07117717330771478,3.1468582153320312,3.4359302520751953,2.5808846950531006,scan24_subset_middle,power_K12_g0.5,12
5,0.674199862463242,0.7385489458759964,0.7063744041696192,0.06434908341275436,2.8480308055877686,3.1465542316436768,2.112914800643921,scan24_subset_middle,power_K12_g0.5,12
6,0.7385489458759964,0.7977240352174656,0.7681364905467309,0.0591750893414692,2.650398015975952,2.9612865447998047,1.826098918914795,scan24_subset_middle,power_K12_g0.5,12
7,0.7977240352174656,0.8528028654224418,0.8252634503199536,0.05507883020497617,2.561948299407959,2.849519968032837,1.6717720031738281,scan24_subset_middle,power_K12_g0.5,12
8,0.8528028654224418,0.9045340337332909,0.8786684495778663,0.05173116831084912,2.5236780643463135,2.805065870285034,1.630393385887146,scan24_subset_middle,power_K12_g0.5,12
9,0.9045340337332909,0.9534625892455924,0.9289983114894416,0.048928555512301464,2.530616044998169,2.825345277786255,1.6592233180999756,scan24_subset_middle,power_K12_g0.5,12
10,0.9534625892455924,1.0,0.9767312946227962,0.04653741075440765,2.5620644092559814,2.8710227012634277,1.7398135662078857,scan24_subset_middle,power_K12_g0.5,12
11,1.0,1.0,1.0,0.0,2.6082067489624023,2.9028093814849854,1.8482056856155396,scan24_subset_middle,power_K12_g0.5,12
0,0.0,0.008264462809917356,0.004132231404958678,0.008264462809917356,20.193681716918945,5.2585320472717285,21.350204467773438,scan24_subset_middle,power_K12_g2.0,12
1,0.008264462809917356,0.03305785123966942,0.02066115702479339,0.024793388429752067,4.316022872924805,3.736931085586548,4.556022644042969,scan24_subset_middle,power_K12_g2.0,12
2,0.03305785123966942,0.07438016528925619,0.053719008264462804,0.041322314049586764,3.585052251815796,3.390115737915039,3.1331255435943604,scan24_subset_middle,power_K12_g2.0,12
3,0.07438016528925619,0.1322314049586777,0.10330578512396693,0.0578512396694215,3.2662124633789062,3.4785268306732178,2.5959324836730957,scan24_subset_middle,power_K12_g2.0,12
4,0.1322314049586777,0.20661157024793386,0.16942148760330578,0.07438016528925617,3.161006450653076,3.453599452972412,2.0934693813323975,scan24_subset_middle,power_K12_g2.0,12
5,0.20661157024793386,0.29752066115702475,0.2520661157024793,0.09090909090909088,3.0032925605773926,3.2430269718170166,1.667980432510376,scan24_subset_middle,power_K12_g2.0,12
6,0.29752066115702475,0.4049586776859504,0.35123966942148754,0.10743801652892565,2.829289436340332,3.0790178775787354,1.4742846488952637,scan24_subset_middle,power_K12_g2.0,12
7,0.4049586776859504,0.5289256198347108,0.4669421487603306,0.12396694214876036,2.6950671672821045,2.979975700378418,1.482665777206421,scan24_subset_middle,power_K12_g2.0,12
8,0.5289256198347108,0.6694214876033059,0.5991735537190084,0.14049586776859513,2.6062984466552734,2.90788197517395,1.5549038648605347,scan24_subset_middle,power_K12_g2.0,12
9,0.6694214876033059,0.8264462809917354,0.7479338842975207,0.15702479338842956,2.5398385524749756,2.865201711654663,1.6742312908172607,scan24_subset_middle,power_K12_g2.0,12
10,0.8264462809917354,1.0,0.9132231404958677,0.17355371900826455,2.53289532661438,2.886918067932129,1.838010549545288,scan24_subset_middle,power_K12_g2.0,12
11,1.0,1.0,1.0,0.0,2.5496246814727783,2.894805669784546,1.9406121969223022,scan24_subset_middle,power_K12_g2.0,12
0,0.0,0.14285714285714285,0.07142857142857142,0.14285714285714285,19.14809799194336,5.427666187286377,20.63698387145996,scan24_subset_uniform,uniform_K8,8
1,0.14285714285714285,0.2857142857142857,0.21428571428571427,0.14285714285714285,4.316676616668701,4.277755260467529,4.980897903442383,scan24_subset_uniform,uniform_K8,8
2,0.2857142857142857,0.42857142857142855,0.3571428571428571,0.14285714285714285,3.7154626846313477,4.14024019241333,3.895143985748291,scan24_subset_uniform,uniform_K8,8
3,0.42857142857142855,0.5714285714285714,0.5,0.14285714285714285,3.5657222270965576,3.844787120819092,3.2014074325561523,scan24_subset_uniform,uniform_K8,8
4,0.5714285714285714,0.7142857142857142,0.6428571428571428,0.1428571428571428,3.198397159576416,3.519989013671875,2.618358850479126,scan24_subset_uniform,uniform_K8,8
5,0.7142857142857142,0.8571428571428571,0.7857142857142856,0.1428571428571429,2.9617135524749756,3.326508045196533,2.350484848022461,scan24_subset_uniform,uniform_K8,8
6,0.8571428571428571,1.0,0.9285714285714286,0.1428571428571429,2.90580415725708,3.252354860305786,2.26210880279541,scan24_subset_uniform,uniform_K8,8
7,1.0,1.0,1.0,0.0,2.853410243988037,3.1787948608398438,2.2501611709594727,scan24_subset_uniform,uniform_K8,8
0,0.0,0.1111111111111111,0.05555555555555555,0.1111111111111111,19.386720657348633,5.400381565093994,20.791845321655273,scan24_subset_uniform,uniform_K10,10
1,0.1111111111111111,0.2222222222222222,0.16666666666666666,0.1111111111111111,4.3013410568237305,4.175471782684326,4.905187606811523,scan24_subset_uniform,uniform_K10,10
2,0.2222222222222222,0.3333333333333333,0.2777777777777778,0.1111111111111111,3.646305799484253,4.015256881713867,3.7500178813934326,scan24_subset_uniform,uniform_K10,10
3,0.3333333333333333,0.4444444444444444,0.38888888888888884,0.1111111111111111,3.4503121376037598,3.7489917278289795,3.0011308193206787,scan24_subset_uniform,uniform_K10,10
4,0.4444444444444444,0.5555555555555556,0.5,0.11111111111111116,3.0981082916259766,3.3981339931488037,2.3602635860443115,scan24_subset_uniform,uniform_K10,10
5,0.5555555555555556,0.6666666666666666,0.6111111111111112,0.11111111111111105,2.8137941360473633,3.1581053733825684,2.0122792720794678,scan24_subset_uniform,uniform_K10,10
6,0.6666666666666666,0.7777777777777777,0.7222222222222221,0.11111111111111105,2.683509588241577,3.0044400691986084,1.8285633325576782,scan24_subset_uniform,uniform_K10,10
7,0.7777777777777777,0.8888888888888888,0.8333333333333333,0.11111111111111116,2.599276542663574,2.921182632446289,1.795245885848999,scan24_subset_uniform,uniform_K10,10
8,0.8888888888888888,1.0,0.9444444444444444,0.11111111111111116,2.5912599563598633,2.9127941131591797,1.8352656364440918,scan24_subset_uniform,uniform_K10,10
9,1.0,1.0,1.0,0.0,2.586686849594116,2.9047865867614746,1.8917286396026611,scan24_subset_uniform,uniform_K10,10
0,0.0,0.09090909090909091,0.045454545454545456,0.09090909090909091,19.563522338867188,5.3899970054626465,20.906944274902344,scan24_subset_uniform,uniform_K12,12
1,0.09090909090909091,0.18181818181818182,0.13636363636363635,0.09090909090909091,4.310766220092773,4.118168830871582,4.879838943481445,scan24_subset_uniform,uniform_K12,12
2,0.18181818181818182,0.2727272727272727,0.22727272727272727,0.09090909090909088,3.6209194660186768,3.943565845489502,3.6659116744995117,scan24_subset_uniform,uniform_K12,12
3,0.2727272727272727,0.36363636363636365,0.3181818181818182,0.09090909090909094,3.4038383960723877,3.6948258876800537,2.8847227096557617,scan24_subset_uniform,uniform_K12,12
4,0.36363636363636365,0.4545454545454546,0.4090909090909091,0.09090909090909094,3.0722529888153076,3.3658154010772705,2.225207805633545,scan24_subset_uniform,uniform_K12,12
5,0.4545454545454546,0.5454545454545454,0.5,0.09090909090909083,2.7897725105285645,3.0981173515319824,1.817115068435669,scan24_subset_uniform,uniform_K12,12
6,0.5454545454545454,0.6363636363636364,0.5909090909090908,0.09090909090909094,2.6287946701049805,2.9173409938812256,1.5814675092697144,scan24_subset_uniform,uniform_K12,12
7,0.6363636363636364,0.7272727272727273,0.6818181818181819,0.09090909090909094,2.507725715637207,2.7897794246673584,1.5004280805587769,scan24_subset_uniform,uniform_K12,12
8,0.7272727272727273,0.8181818181818182,0.7727272727272727,0.09090909090909094,2.435002326965332,2.7315986156463623,1.4948599338531494,scan24_subset_uniform,uniform_K12,12
9,0.8181818181818182,0.9090909090909092,0.8636363636363638,0.09090909090909094,2.4175357818603516,2.7185051441192627,1.5355640649795532,scan24_subset_uniform,uniform_K12,12
10,0.9090909090909092,1.0,0.9545454545454546,0.09090909090909083,2.4466712474823,2.7399115562438965,1.6256710290908813,scan24_subset_uniform,uniform_K12,12
11,1.0,1.0,1.0,0.0,2.480708122253418,2.7694382667541504,1.7423934936523438,scan24_subset_uniform,uniform_K12,12
0,0.0,0.08333333333333333,0.041666666666666664,0.08333333333333333,19.569215774536133,5.383218765258789,20.909238815307617,scan24_subset_uniform,uniform_K13,13
1,0.08333333333333333,0.16666666666666666,0.125,0.08333333333333333,4.3237504959106445,4.100621700286865,4.8798441886901855,scan24_subset_uniform,uniform_K13,13
2,0.16666666666666666,0.25,0.20833333333333331,0.08333333333333334,3.619746208190918,3.9188976287841797,3.6451854705810547,scan24_subset_uniform,uniform_K13,13
3,0.25,0.3333333333333333,0.29166666666666663,0.08333333333333331,3.3973519802093506,3.6835622787475586,2.855767011642456,scan24_subset_uniform,uniform_K13,13
4,0.3333333333333333,0.41666666666666663,0.375,0.08333333333333331,3.076624870300293,3.3498551845550537,2.1758639812469482,scan24_subset_uniform,uniform_K13,13
5,0.41666666666666663,0.5,0.4583333333333333,0.08333333333333337,2.7941248416900635,3.100834846496582,1.7578061819076538,scan24_subset_uniform,uniform_K13,13
6,0.5,0.5833333333333333,0.5416666666666666,0.08333333333333326,2.626643657684326,2.895411491394043,1.4948574304580688,scan24_subset_uniform,uniform_K13,13
7,0.5833333333333333,0.6666666666666666,0.625,0.08333333333333337,2.4976863861083984,2.7599124908447266,1.3964786529541016,scan24_subset_uniform,uniform_K13,13
8,0.6666666666666666,0.75,0.7083333333333333,0.08333333333333337,2.409339666366577,2.681148052215576,1.3649306297302246,scan24_subset_uniform,uniform_K13,13
9,0.75,0.8333333333333333,0.7916666666666666,0.08333333333333326,2.363860845565796,2.631786584854126,1.360560417175293,scan24_subset_uniform,uniform_K13,13
10,0.8333333333333333,0.9166666666666666,0.875,0.08333333333333337,2.365116834640503,2.6525535583496094,1.4493557214736938,scan24_subset_uniform,uniform_K13,13
11,0.9166666666666666,1.0,0.9583333333333333,0.08333333333333337,2.4009857177734375,2.6876492500305176,1.5582811832427979,scan24_subset_uniform,uniform_K13,13
12,1.0,1.0,1.0,0.0,2.4381773471832275,2.732964515686035,1.6949676275253296,scan24_subset_uniform,uniform_K13,13
0,0.0,0.07692307692307693,0.038461538461538464,0.07692307692307693,19.624713897705078,5.372881889343262,20.94314956665039,scan24_subset_uniform,uniform_K14,14
1,0.07692307692307693,0.15384615384615385,0.11538461538461539,0.07692307692307693,4.314577102661133,4.07283878326416,4.855890274047852,scan24_subset_uniform,uniform_K14,14
2,0.15384615384615385,0.23076923076923078,0.19230769230769232,0.07692307692307693,3.6151232719421387,3.898744583129883,3.623440742492676,scan24_subset_uniform,uniform_K14,14
3,0.23076923076923078,0.3076923076923077,0.2692307692307693,0.07692307692307693,3.3891818523406982,3.668567419052124,2.8215935230255127,scan24_subset_uniform,uniform_K14,14
4,0.3076923076923077,0.38461538461538464,0.34615384615384615,0.07692307692307693,3.0833048820495605,3.351151704788208,2.139582872390747,scan24_subset_uniform,uniform_K14,14
5,0.38461538461538464,0.46153846153846156,0.42307692307692313,0.07692307692307693,2.8023524284362793,3.0878145694732666,1.709784984588623,scan24_subset_uniform,uniform_K14,14
6,0.46153846153846156,0.5384615384615385,0.5,0.07692307692307698,2.6336872577667236,2.8794479370117188,1.424344539642334,scan24_subset_uniform,uniform_K14,14
7,0.5384615384615385,0.6153846153846154,0.576923076923077,0.07692307692307687,2.4922854900360107,2.7418038845062256,1.3221306800842285,scan24_subset_uniform,uniform_K14,14
8,0.6153846153846154,0.6923076923076923,0.6538461538461539,0.07692307692307687,2.4024341106414795,2.648088216781616,1.2562097311019897,scan24_subset_uniform,uniform_K14,14
9,0.6923076923076923,0.7692307692307693,0.7307692307692308,0.07692307692307698,2.3428618907928467,2.6019814014434814,1.2785015106201172,scan24_subset_uniform,uniform_K14,14
10,0.7692307692307693,0.8461538461538463,0.8076923076923077,0.07692307692307698,2.334458589553833,2.586054801940918,1.308803677558899,scan24_subset_uniform,uniform_K14,14
11,0.8461538461538463,0.9230769230769231,0.8846153846153847,0.07692307692307687,2.3421077728271484,2.606815814971924,1.4067974090576172,scan24_subset_uniform,uniform_K14,14
12,0.9230769230769231,1.0,0.9615384615384616,0.07692307692307687,2.3743624687194824,2.6794731616973877,1.545496940612793,scan24_subset_uniform,uniform_K14,14
13,1.0,1.0,1.0,0.0,2.412912607192993,2.708803653717041,1.66648268699646,scan24_subset_uniform,uniform_K14,14
0,0.0,0.06666666666666667,0.03333333333333333,0.06666666666666667,19.736759185791016,5.360349655151367,21.013792037963867,scan24_subset_uniform,uniform_K16,16
1,0.06666666666666667,0.13333333333333333,0.1,0.06666666666666667,4.322679042816162,4.037071228027344,4.8386383056640625,scan24_subset_uniform,uniform_K16,16
2,0.13333333333333333,0.2,0.16666666666666669,0.06666666666666668,3.6198549270629883,3.8679051399230957,3.5930063724517822,scan24_subset_uniform,uniform_K16,16
3,0.2,0.26666666666666666,0.23333333333333334,0.06666666666666665,3.3847055435180664,3.6560592651367188,2.7795143127441406,scan24_subset_uniform,uniform_K16,16
4,0.26666666666666666,0.3333333333333333,0.3,0.06666666666666665,3.0971570014953613,3.346280813217163,2.0813755989074707,scan24_subset_uniform,uniform_K16,16
5,0.3333333333333333,0.4,0.3666666666666667,0.06666666666666671,2.8317322731018066,3.0855321884155273,1.6236978769302368,scan24_subset_uniform,uniform_K16,16
6,0.4,0.4666666666666667,0.43333333333333335,0.06666666666666665,2.664159059524536,2.892913818359375,1.342890739440918,scan24_subset_uniform,uniform_K16,16
7,0.4666666666666667,0.5333333333333333,0.5,0.06666666666666665,2.5223746299743652,2.727874755859375,1.1896421909332275,scan24_subset_uniform,uniform_K16,16
8,0.5333333333333333,0.6,0.5666666666666667,0.06666666666666665,2.4104368686676025,2.6253304481506348,1.1150617599487305,scan24_subset_uniform,uniform_K16,16
9,0.6,0.6666666666666666,0.6333333333333333,0.06666666666666665,2.340317487716675,2.5636110305786133,1.0992488861083984,scan24_subset_uniform,uniform_K16,16
10,0.6666666666666666,0.7333333333333333,0.7,0.06666666666666665,2.2892255783081055,2.5236656665802,1.1159495115280151,scan24_subset_uniform,uniform_K16,16
11,0.7333333333333333,0.8,0.7666666666666666,0.06666666666666676,2.2648890018463135,2.5040297508239746,1.181395411491394,scan24_subset_uniform,uniform_K16,16
12,0.8,0.8666666666666667,0.8333333333333334,0.06666666666666665,2.263568162918091,2.5099284648895264,1.234470248222351,scan24_subset_uniform,uniform_K16,16
13,0.8666666666666667,0.9333333333333333,0.9,0.06666666666666665,2.2782039642333984,2.5440518856048584,1.3485103845596313,scan24_subset_uniform,uniform_K16,16
14,0.9333333333333333,1.0,0.9666666666666667,0.06666666666666665,2.3285300731658936,2.62571382522583,1.4838879108428955,scan24_subset_uniform,uniform_K16,16
15,1.0,1.0,1.0,0.0,2.3672032356262207,2.6598293781280518,1.6124897003173828,scan24_subset_uniform,uniform_K16,16
0,0.0,0.3779644730092272,0.1889822365046136,0.3779644730092272,17.44034194946289,5.684200286865234,19.601272583007812,scan24_subset_uniform,power_K8_g0.5,8
1,0.3779644730092272,0.5345224838248488,0.456243478417038,0.1565580108156216,4.677019119262695,4.962626934051514,5.624724864959717,scan24_subset_uniform,power_K8_g0.5,8
2,0.5345224838248488,0.6546536707079771,0.5945880772664129,0.1201311868831283,4.190193176269531,4.535943031311035,4.446140289306641,scan24_subset_uniform,power_K8_g0.5,8
3,0.6546536707079771,0.7559289460184544,0.7052913083632157,0.10127527531047731,3.8794267177581787,4.0638427734375,3.5896542072296143,scan24_subset_uniform,power_K8_g0.5,8
4,0.7559289460184544,0.8451542547285166,0.8005416003734855,0.08922530871006218,3.3919036388397217,3.677384376525879,2.909318685531616,scan24_subset_uniform,power_K8_g0.5,8
5,0.8451542547285166,0.9258200997725514,0.8854871772505339,0.08066584504403485,3.1520872116088867,3.437593936920166,2.5215721130371094,scan24_subset_uniform,power_K8_g0.5,8
6,0.9258200997725514,1.0,0.9629100498862757,0.07417990022744858,3.0452322959899902,3.3409485816955566,2.354458808898926,scan24_subset_uniform,power_K8_g0.5,8
7,1.0,1.0,1.0,0.0,2.937460422515869,3.2519357204437256,2.2760815620422363,scan24_subset_uniform,power_K8_g0.5,8
0,0.0,0.02040816326530612,0.01020408163265306,0.02040816326530612,20.034561157226562,5.324631690979004,21.20572280883789,scan24_subset_uniform,power_K8_g2.0,8
1,0.02040816326530612,0.08163265306122448,0.0510204081632653,0.061224489795918366,4.385106563568115,3.941636085510254,4.827065944671631,scan24_subset_uniform,power_K8_g2.0,8
2,0.08163265306122448,0.18367346938775508,0.13265306122448978,0.1020408163265306,3.6249146461486816,3.8348100185394287,3.554363489151001,scan24_subset_uniform,power_K8_g2.0,8
3,0.18367346938775508,0.32653061224489793,0.2551020408163265,0.14285714285714285,3.3754210472106934,3.71120023727417,2.8223049640655518,scan24_subset_uniform,power_K8_g2.0,8
4,0.32653061224489793,0.5102040816326531,0.41836734693877553,0.18367346938775514,3.16438627243042,3.5253751277923584,2.4034738540649414,scan24_subset_uniform,power_K8_g2.0,8
5,0.5102040816326531,0.7346938775510203,0.6224489795918366,0.22448979591836726,2.9889068603515625,3.4081428050994873,2.3256113529205322,scan24_subset_uniform,power_K8_g2.0,8
6,0.7346938775510203,1.0,0.8673469387755102,0.26530612244897966,2.9932520389556885,3.385796546936035,2.418513059616089,scan24_subset_uniform,power_K8_g2.0,8
7,1.0,1.0,1.0,0.0,2.962028980255127,3.3147103786468506,2.4682271480560303,scan24_subset_uniform,power_K8_g2.0,8
0,0.0,0.3333333333333333,0.16666666666666666,0.3333333333333333,17.73847198486328,5.635191440582275,19.7728271484375,scan24_subset_uniform,power_K10_g0.5,10
1,0.3333333333333333,0.4714045207910317,0.4023689270621825,0.13807118745769836,4.594286918640137,4.825199127197266,5.49758243560791,scan24_subset_uniform,power_K10_g0.5,10
2,0.4714045207910317,0.5773502691896257,0.5243773949903288,0.10594574839859405,4.051215171813965,4.414784908294678,4.299272060394287,scan24_subset_uniform,power_K10_g0.5,10
3,0.5773502691896257,0.6666666666666666,0.6220084679281461,0.0893163974770409,3.7422144412994385,3.9335098266601562,3.4134867191314697,scan24_subset_uniform,power_K10_g0.5,10
4,0.6666666666666666,0.7453559924999299,0.7060113295832983,0.07868932583326327,3.237468957901001,3.5204293727874756,2.697901487350464,scan24_subset_uniform,power_K10_g0.5,10
5,0.7453559924999299,0.816496580927726,0.780926286713828,0.07114058842779614,2.9527573585510254,3.2543907165527344,2.257667303085327,scan24_subset_uniform,power_K10_g0.5,10
6,0.816496580927726,0.8819171036881969,0.8492068423079615,0.06542052276047083,2.831392765045166,3.116563320159912,2.035061836242676,scan24_subset_uniform,power_K10_g0.5,10
7,0.8819171036881969,0.9428090415820634,0.9123630726351302,0.06089193789386649,2.732957363128662,3.056093454360962,1.9739912748336792,scan24_subset_uniform,power_K10_g0.5,10
8,0.9428090415820634,1.0,0.9714045207910317,0.057190958417936644,2.692729949951172,3.0082340240478516,1.9096084833145142,scan24_subset_uniform,power_K10_g0.5,10
9,1.0,1.0,1.0,0.0,2.6941440105438232,2.9972145557403564,1.9494128227233887,scan24_subset_uniform,power_K10_g0.5,10
0,0.0,0.012345679012345678,0.006172839506172839,0.012345679012345678,20.140939712524414,5.317172050476074,21.273439407348633,scan24_subset_uniform,power_K10_g2.0,10
1,0.012345679012345678,0.04938271604938271,0.030864197530864196,0.037037037037037035,4.411789417266846,3.9098334312438965,4.830721855163574,scan24_subset_uniform,power_K10_g2.0,10
2,0.04938271604938271,0.1111111111111111,0.08024691358024691,0.06172839506172839,3.6679646968841553,3.7698569297790527,3.520231246948242,scan24_subset_uniform,power_K10_g2.0,10
3,0.1111111111111111,0.19753086419753085,0.15432098765432098,0.08641975308641975,3.3882720470428467,3.6429948806762695,2.6946794986724854,scan24_subset_uniform,power_K10_g2.0,10
4,0.19753086419753085,0.308641975308642,0.25308641975308643,0.11111111111111116,3.140268325805664,3.426802396774292,2.0839076042175293,scan24_subset_uniform,power_K10_g2.0,10
5,0.308641975308642,0.4444444444444444,0.3765432098765432,0.1358024691358024,2.9115350246429443,3.2317721843719482,1.8050878047943115,scan24_subset_uniform,power_K10_g2.0,10
6,0.4444444444444444,0.6049382716049383,0.5246913580246914,0.16049382716049387,2.782848834991455,3.1030943393707275,1.761049747467041,scan24_subset_uniform,power_K10_g2.0,10
7,0.6049382716049383,0.7901234567901234,0.6975308641975309,0.18518518518518512,2.7057440280914307,3.050873279571533,1.8921376466751099,scan24_subset_uniform,power_K10_g2.0,10
8,0.7901234567901234,1.0,0.8950617283950617,0.2098765432098766,2.7048709392547607,3.073800802230835,2.0447347164154053,scan24_subset_uniform,power_K10_g2.0,10
9,1.0,1.0,1.0,0.0,2.7064082622528076,3.038301467895508,2.106273889541626,scan24_subset_uniform,power_K10_g2.0,10
0,0.0,0.30151134457776363,0.15075567228888181,0.30151134457776363,17.971391677856445,5.592410564422607,19.914705276489258,scan24_subset_uniform,power_K12_g0.5,12
1,0.30151134457776363,0.4264014327112209,0.36395638864449226,0.12489008813345726,4.515650749206543,4.703452110290527,5.371187210083008,scan24_subset_uniform,power_K12_g0.5,12
2,0.4264014327112209,0.5222329678670935,0.4743172002891572,0.09583153515587262,3.9392523765563965,4.313008785247803,4.16037654876709,scan24_subset_uniform,power_K12_g0.5,12
3,0.5222329678670935,0.6030226891555273,0.5626278285113104,0.08078972128843376,3.6355366706848145,3.8392322063446045,3.273897886276245,scan24_subset_uniform,power_K12_g0.5,12
4,0.6030226891555273,0.674199862463242,0.6386112758093847,0.07117717330771478,3.1477034091949463,3.4227399826049805,2.5369155406951904,scan24_subset_uniform,power_K12_g0.5,12
5,0.674199862463242,0.7385489458759964,0.7063744041696192,0.06434908341275436,2.8557686805725098,3.156924247741699,2.096954584121704,scan24_subset_uniform,power_K12_g0.5,12
6,0.7385489458759964,0.7977240352174656,0.7681364905467309,0.0591750893414692,2.701336145401001,2.9964935779571533,1.8306230306625366,scan24_subset_uniform,power_K12_g0.5,12
7,0.7977240352174656,0.8528028654224418,0.8252634503199536,0.05507883020497617,2.6045877933502197,2.897643804550171,1.708945393562317,scan24_subset_uniform,power_K12_g0.5,12
8,0.8528028654224418,0.9045340337332909,0.8786684495778663,0.05173116831084912,2.5488409996032715,2.833247661590576,1.6344900131225586,scan24_subset_uniform,power_K12_g0.5,12
9,0.9045340337332909,0.9534625892455924,0.9289983114894416,0.048928555512301464,2.5443005561828613,2.8465960025787354,1.671537160873413,scan24_subset_uniform,power_K12_g0.5,12
10,0.9534625892455924,1.0,0.9767312946227962,0.04653741075440765,2.5774731636047363,2.8802623748779297,1.7387958765029907,scan24_subset_uniform,power_K12_g0.5,12
11,1.0,1.0,1.0,0.0,2.6209468841552734,2.898341417312622,1.8477071523666382,scan24_subset_uniform,power_K12_g0.5,12
0,0.0,0.008264462809917356,0.004132231404958678,0.008264462809917356,20.152896881103516,5.322663307189941,21.28514862060547,scan24_subset_uniform,power_K12_g2.0,12
1,0.008264462809917356,0.03305785123966942,0.02066115702479339,0.024793388429752067,4.422296524047852,3.9025015830993652,4.832123279571533,scan24_subset_uniform,power_K12_g2.0,12
2,0.03305785123966942,0.07438016528925619,0.053719008264462804,0.041322314049586764,3.689047336578369,3.7422873973846436,3.499772071838379,scan24_subset_uniform,power_K12_g2.0,12
3,0.07438016528925619,0.1322314049586777,0.10330578512396693,0.0578512396694215,3.4234042167663574,3.6136231422424316,2.6534276008605957,scan24_subset_uniform,power_K12_g2.0,12
4,0.1322314049586777,0.20661157024793386,0.16942148760330578,0.07438016528925617,3.183537721633911,3.399257183074951,1.9770373106002808,scan24_subset_uniform,power_K12_g2.0,12
5,0.20661157024793386,0.29752066115702475,0.2520661157024793,0.09090909090909088,2.9611220359802246,3.1775870323181152,1.5451246500015259,scan24_subset_uniform,power_K12_g2.0,12
6,0.29752066115702475,0.4049586776859504,0.35123966942148754,0.10743801652892565,2.7983462810516357,3.0229036808013916,1.3938690423965454,scan24_subset_uniform,power_K12_g2.0,12
7,0.4049586776859504,0.5289256198347108,0.4669421487603306,0.12396694214876036,2.667065143585205,2.9378397464752197,1.4453409910202026,scan24_subset_uniform,power_K12_g2.0,12
8,0.5289256198347108,0.6694214876033059,0.5991735537190084,0.14049586776859513,2.5849483013153076,2.893336296081543,1.5475300550460815,scan24_subset_uniform,power_K12_g2.0,12
9,0.6694214876033059,0.8264462809917354,0.7479338842975207,0.15702479338842956,2.544569730758667,2.8946540355682373,1.6980948448181152,scan24_subset_uniform,power_K12_g2.0,12
10,0.8264462809917354,1.0,0.9132231404958677,0.17355371900826455,2.5685348510742188,2.938436985015869,1.877058744430542,scan24_subset_uniform,power_K12_g2.0,12
11,1.0,1.0,1.0,0.0,2.598203182220459,2.940338134765625,1.9622008800506592,scan24_subset_uniform,power_K12_g2.0,12
0,0.0,0.14285714285714285,0.07142857142857142,0.14285714285714285,19.670970916748047,5.25964879989624,21.044052124023438,scan62_subset_middle,uniform_K8,8
1,0.14285714285714285,0.2857142857142857,0.21428571428571427,0.14285714285714285,4.41485595703125,4.226975440979004,5.081307411193848,scan62_subset_middle,uniform_K8,8
2,0.2857142857142857,0.42857142857142855,0.3571428571428571,0.14285714285714285,3.7889938354492188,3.948528289794922,3.745357036590576,scan62_subset_middle,uniform_K8,8
3,0.42857142857142855,0.5714285714285714,0.5,0.14285714285714285,3.435931921005249,3.6610405445098877,3.0615992546081543,scan62_subset_middle,uniform_K8,8
4,0.5714285714285714,0.7142857142857142,0.6428571428571428,0.1428571428571428,3.14992618560791,3.512282133102417,2.7469420433044434,scan62_subset_middle,uniform_K8,8
5,0.7142857142857142,0.8571428571428571,0.7857142857142856,0.1428571428571429,3.0661303997039795,3.4868850708007812,2.546677350997925,scan62_subset_middle,uniform_K8,8
6,0.8571428571428571,1.0,0.9285714285714286,0.1428571428571429,2.993760347366333,3.4237654209136963,2.452857732772827,scan62_subset_middle,uniform_K8,8
7,1.0,1.0,1.0,0.0,2.954988479614258,3.3014962673187256,2.3409595489501953,scan62_subset_middle,uniform_K8,8
0,0.0,0.1111111111111111,0.05555555555555555,0.1111111111111111,19.913454055786133,5.243834495544434,21.20218849182129,scan62_subset_middle,uniform_K10,10
1,0.1111111111111111,0.2222222222222222,0.16666666666666666,0.1111111111111111,4.393648624420166,4.1473212242126465,5.017045497894287,scan62_subset_middle,uniform_K10,10
2,0.2222222222222222,0.3333333333333333,0.2777777777777778,0.1111111111111111,3.7160897254943848,3.8833489418029785,3.625452995300293,scan62_subset_middle,uniform_K10,10
3,0.3333333333333333,0.4444444444444444,0.38888888888888884,0.1111111111111111,3.358154535293579,3.610576629638672,2.8770008087158203,scan62_subset_middle,uniform_K10,10
4,0.4444444444444444,0.5555555555555556,0.5,0.11111111111111116,3.0392134189605713,3.348128080368042,2.4085443019866943,scan62_subset_middle,uniform_K10,10
5,0.5555555555555556,0.6666666666666666,0.6111111111111112,0.11111111111111105,2.8367605209350586,3.23883056640625,2.1456193923950195,scan62_subset_middle,uniform_K10,10
6,0.6666666666666666,0.7777777777777777,0.7222222222222221,0.11111111111111105,2.7072126865386963,3.102815628051758,1.988432765007019,scan62_subset_middle,uniform_K10,10
7,0.7777777777777777,0.8888888888888888,0.8333333333333333,0.11111111111111116,2.637157678604126,3.0308268070220947,1.9102433919906616,scan62_subset_middle,uniform_K10,10
8,0.8888888888888888,1.0,0.9444444444444444,0.11111111111111116,2.6697213649749756,3.0158159732818604,1.9410597085952759,scan62_subset_middle,uniform_K10,10
9,1.0,1.0,1.0,0.0,2.689945936203003,2.9865899085998535,1.9803454875946045,scan62_subset_middle,uniform_K10,10
0,0.0,0.09090909090909091,0.045454545454545456,0.09090909090909091,20.092838287353516,5.240588665008545,21.31999969482422,scan62_subset_middle,uniform_K12,12
1,0.09090909090909091,0.18181818181818182,0.13636363636363635,0.09090909090909091,4.401911735534668,4.111004829406738,5.000795364379883,scan62_subset_middle,uniform_K12,12
2,0.18181818181818182,0.2727272727272727,0.22727272727272727,0.09090909090909088,3.689028263092041,3.8494701385498047,3.558861494064331,scan62_subset_middle,uniform_K12,12
3,0.2727272727272727,0.36363636363636365,0.3181818181818182,0.09090909090909094,3.3357741832733154,3.590430498123169,2.767526388168335,scan62_subset_middle,uniform_K12,12
4,0.36363636363636365,0.4545454545454546,0.4090909090909091,0.09090909090909094,3.0195600986480713,3.307756185531616,2.235525369644165,scan62_subset_middle,uniform_K12,12
5,0.4545454545454546,0.5454545454545454,0.5,0.09090909090909083,2.7766969203948975,3.1305534839630127,1.902821660041809,scan62_subset_middle,uniform_K12,12
6,0.5454545454545454,0.6363636363636364,0.5909090909090908,0.09090909090909094,2.623412609100342,2.9754068851470947,1.711572527885437,scan62_subset_middle,uniform_K12,12
7,0.6363636363636364,0.7272727272727273,0.6818181818181819,0.09090909090909094,2.516526937484741,2.865365982055664,1.6157654523849487,scan62_subset_middle,uniform_K12,12
8,0.7272727272727273,0.8181818181818182,0.7727272727272727,0.09090909090909094,2.467128038406372,2.8220319747924805,1.6105201244354248,scan62_subset_middle,uniform_K12,12
9,0.8181818181818182,0.9090909090909092,0.8636363636363638,0.09090909090909094,2.485213279724121,2.78777813911438,1.6302433013916016,scan62_subset_middle,uniform_K12,12
10,0.9090909090909092,1.0,0.9545454545454546,0.09090909090909083,2.505267858505249,2.8012356758117676,1.6913175582885742,scan62_subset_middle,uniform_K12,12
11,1.0,1.0,1.0,0.0,2.545201301574707,2.820068120956421,1.7887225151062012,scan62_subset_middle,uniform_K12,12
0,0.0,0.08333333333333333,0.041666666666666664,0.08333333333333333,20.09864044189453,5.235472202301025,21.322505950927734,scan62_subset_middle,uniform_K13,13
1,0.08333333333333333,0.16666666666666666,0.125,0.08333333333333333,4.411797523498535,4.0992279052734375,5.002754211425781,scan62_subset_middle,uniform_K13,13
2,0.16666666666666666,0.25,0.20833333333333331,0.08333333333333334,3.686903238296509,3.8365418910980225,3.5416529178619385,scan62_subset_middle,uniform_K13,13
3,0.25,0.3333333333333333,0.29166666666666663,0.08333333333333331,3.335425615310669,3.5919554233551025,2.7369728088378906,scan62_subset_middle,uniform_K13,13
4,0.3333333333333333,0.41666666666666663,0.375,0.08333333333333331,3.028675079345703,3.2878193855285645,2.172489643096924,scan62_subset_middle,uniform_K13,13
5,0.41666666666666663,0.5,0.4583333333333333,0.08333333333333337,2.7717864513397217,3.121654748916626,1.8333479166030884,scan62_subset_middle,uniform_K13,13
6,0.5,0.5833333333333333,0.5416666666666666,0.08333333333333326,2.6109704971313477,2.938333511352539,1.6126681566238403,scan62_subset_middle,uniform_K13,13
7,0.5833333333333333,0.6666666666666666,0.625,0.08333333333333337,2.4984114170074463,2.825155019760132,1.5066415071487427,scan62_subset_middle,uniform_K13,13
8,0.6666666666666666,0.75,0.7083333333333333,0.08333333333333337,2.42982816696167,2.764615774154663,1.4858462810516357,scan62_subset_middle,uniform_K13,13
9,0.75,0.8333333333333333,0.7916666666666666,0.08333333333333326,2.4224114418029785,2.7034425735473633,1.4597408771514893,scan62_subset_middle,uniform_K13,13
10,0.8333333333333333,0.9166666666666666,0.875,0.08333333333333337,2.414085626602173,2.707664966583252,1.522037386894226,scan62_subset_middle,uniform_K13,13
11,0.9166666666666666,1.0,0.9583333333333333,0.08333333333333337,2.448259115219116,2.7282161712646484,1.6050199270248413,scan62_subset_middle,uniform_K13,13
12,1.0,1.0,1.0,0.0,2.5000832080841064,2.765812635421753,1.7253926992416382,scan62_subset_middle,uniform_K13,13
0,0.0,0.07692307692307693,0.038461538461538464,0.07692307692307693,20.155136108398438,5.228314399719238,21.357301712036133,scan62_subset_middle,uniform_K14,14
1,0.07692307692307693,0.15384615384615385,0.11538461538461539,0.07692307692307693,4.402271747589111,4.072585582733154,4.978583335876465,scan62_subset_middle,uniform_K14,14
2,0.15384615384615385,0.23076923076923078,0.19230769230769232,0.07692307692307693,3.675553321838379,3.8262815475463867,3.5220787525177,scan62_subset_middle,uniform_K14,14
3,0.23076923076923078,0.3076923076923077,0.2692307692307693,0.07692307692307693,3.337353467941284,3.58656644821167,2.703249454498291,scan62_subset_middle,uniform_K14,14
4,0.3076923076923077,0.38461538461538464,0.34615384615384615,0.07692307692307693,3.036001205444336,3.2903594970703125,2.1231725215911865,scan62_subset_middle,uniform_K14,14
5,0.38461538461538464,0.46153846153846156,0.42307692307692313,0.07692307692307693,2.77923321723938,3.099121570587158,1.7677943706512451,scan62_subset_middle,uniform_K14,14
6,0.46153846153846156,0.5384615384615385,0.5,0.07692307692307698,2.6149497032165527,2.9150805473327637,1.5355347394943237,scan62_subset_middle,uniform_K14,14
7,0.5384615384615385,0.6153846153846154,0.576923076923077,0.07692307692307687,2.4847710132598877,2.799820899963379,1.4266611337661743,scan62_subset_middle,uniform_K14,14
8,0.6153846153846154,0.6923076923076923,0.6538461538461539,0.07692307692307687,2.416072130203247,2.7246382236480713,1.3705836534500122,scan62_subset_middle,uniform_K14,14
9,0.6923076923076923,0.7692307692307693,0.7307692307692308,0.07692307692307698,2.388350486755371,2.6678109169006348,1.3777477741241455,scan62_subset_middle,uniform_K14,14
10,0.7692307692307693,0.8461538461538463,0.8076923076923077,0.07692307692307698,2.370443105697632,2.6330244541168213,1.392946720123291,scan62_subset_middle,uniform_K14,14
11,0.8461538461538463,0.9230769230769231,0.8846153846153847,0.07692307692307687,2.3745663166046143,2.636166572570801,1.4596495628356934,scan62_subset_middle,uniform_K14,14
12,0.9230769230769231,1.0,0.9615384615384616,0.07692307692307687,2.4164717197418213,2.7005527019500732,1.5674231052398682,scan62_subset_middle,uniform_K14,14
13,1.0,1.0,1.0,0.0,2.4693970680236816,2.73057222366333,1.6732476949691772,scan62_subset_middle,uniform_K14,14
0,0.0,0.06666666666666667,0.03333333333333333,0.06666666666666667,20.26905059814453,5.221036434173584,21.429401397705078,scan62_subset_middle,uniform_K16,16
1,0.06666666666666667,0.13333333333333333,0.1,0.06666666666666667,4.408360958099365,4.0429534912109375,4.961588382720947,scan62_subset_middle,uniform_K16,16
2,0.13333333333333333,0.2,0.16666666666666669,0.06666666666666668,3.675854206085205,3.8152661323547363,3.4990897178649902,scan62_subset_middle,uniform_K16,16
3,0.2,0.26666666666666666,0.23333333333333334,0.06666666666666665,3.3466923236846924,3.5971415042877197,2.667679786682129,scan62_subset_middle,uniform_K16,16
4,0.26666666666666666,0.3333333333333333,0.3,0.06666666666666665,3.0632455348968506,3.2889318466186523,2.054044723510742,scan62_subset_middle,uniform_K16,16
5,0.3333333333333333,0.4,0.3666666666666667,0.06666666666666671,2.804253101348877,3.0888214111328125,1.6646119356155396,scan62_subset_middle,uniform_K16,16
6,0.4,0.4666666666666667,0.43333333333333335,0.06666666666666665,2.643541097640991,2.9169270992279053,1.436270833015442,scan62_subset_middle,uniform_K16,16
7,0.4666666666666667,0.5333333333333333,0.5,0.06666666666666665,2.510382890701294,2.768221139907837,1.2832309007644653,scan62_subset_middle,uniform_K16,16
8,0.5333333333333333,0.6,0.5666666666666667,0.06666666666666665,2.4116787910461426,2.6927812099456787,1.2358973026275635,scan62_subset_middle,uniform_K16,16
9,0.6,0.6666666666666666,0.6333333333333333,0.06666666666666665,2.3709850311279297,2.6159415245056152,1.2009422779083252,scan62_subset_middle,uniform_K16,16
10,0.6666666666666666,0.7333333333333333,0.7,0.06666666666666665,2.312140703201294,2.55907940864563,1.1941032409667969,scan62_subset_middle,uniform_K16,16
11,0.7333333333333333,0.8,0.7666666666666666,0.06666666666666676,2.2823691368103027,2.5271174907684326,1.2469611167907715,scan62_subset_middle,uniform_K16,16
12,0.8,0.8666666666666667,0.8333333333333334,0.06666666666666665,2.282137870788574,2.5170981884002686,1.2681270837783813,scan62_subset_middle,uniform_K16,16
13,0.8666666666666667,0.9333333333333333,0.9,0.06666666666666665,2.3052263259887695,2.552328109741211,1.3599482774734497,scan62_subset_middle,uniform_K16,16
14,0.9333333333333333,1.0,0.9666666666666667,0.06666666666666665,2.365321159362793,2.634305953979492,1.4834245443344116,scan62_subset_middle,uniform_K16,16
15,1.0,1.0,1.0,0.0,2.4130783081054688,2.6649904251098633,1.5971077680587769,scan62_subset_middle,uniform_K16,16
0,0.0,0.3779644730092272,0.1889822365046136,0.3779644730092272,17.92753791809082,5.445301055908203,19.982215881347656,scan62_subset_middle,power_K8_g0.5,8
1,0.3779644730092272,0.5345224838248488,0.456243478417038,0.1565580108156216,4.83688497543335,4.723260402679443,5.632471084594727,scan62_subset_middle,power_K8_g0.5,8
2,0.5345224838248488,0.6546536707079771,0.5945880772664129,0.1201311868831283,4.170952796936035,4.143604755401611,4.149127960205078,scan62_subset_middle,power_K8_g0.5,8
3,0.6546536707079771,0.7559289460184544,0.7052913083632157,0.10127527531047731,3.63045072555542,3.797729253768921,3.3814260959625244,scan62_subset_middle,power_K8_g0.5,8
4,0.7559289460184544,0.8451542547285166,0.8005416003734855,0.08922530871006218,3.3397488594055176,3.667276620864868,3.0282833576202393,scan62_subset_middle,power_K8_g0.5,8
5,0.8451542547285166,0.9258200997725514,0.8854871772505339,0.08066584504403485,3.2559900283813477,3.662489891052246,2.752594232559204,scan62_subset_middle,power_K8_g0.5,8
6,0.9258200997725514,1.0,0.9629100498862757,0.07417990022744858,3.1820218563079834,3.5038795471191406,2.52133846282959,scan62_subset_middle,power_K8_g0.5,8
7,1.0,1.0,1.0,0.0,3.0117833614349365,3.343000650405884,2.3440897464752197,scan62_subset_middle,power_K8_g0.5,8
0,0.0,0.02040816326530612,0.01020408163265306,0.02040816326530612,20.5715389251709,5.2021026611328125,21.626779556274414,scan62_subset_middle,power_K8_g2.0,8
1,0.02040816326530612,0.08163265306122448,0.0510204081632653,0.061224489795918366,4.467322826385498,3.9734017848968506,4.955334663391113,scan62_subset_middle,power_K8_g2.0,8
2,0.08163265306122448,0.18367346938775508,0.13265306122448978,0.1020408163265306,3.6793205738067627,3.819664478302002,3.480712890625,scan62_subset_middle,power_K8_g2.0,8
3,0.18367346938775508,0.32653061224489793,0.2551020408163265,0.14285714285714285,3.372284412384033,3.6773159503936768,2.7436025142669678,scan62_subset_middle,power_K8_g2.0,8
4,0.32653061224489793,0.5102040816326531,0.41836734693877553,0.18367346938775514,3.151155471801758,3.450706958770752,2.388340950012207,scan62_subset_middle,power_K8_g2.0,8
5,0.5102040816326531,0.7346938775510203,0.6224489795918366,0.22448979591836726,2.9903275966644287,3.4526751041412354,2.4252171516418457,scan62_subset_middle,power_K8_g2.0,8
6,0.7346938775510203,1.0,0.8673469387755102,0.26530612244897966,3.0702757835388184,3.5611088275909424,2.6147894859313965,scan62_subset_middle,power_K8_g2.0,8
7,1.0,1.0,1.0,0.0,3.1575047969818115,3.5747017860412598,2.6799581050872803,scan62_subset_middle,power_K8_g2.0,8
0,0.0,0.3333333333333333,0.16666666666666666,0.3333333333333333,18.2326602935791,5.4078803062438965,20.15798568725586,scan62_subset_middle,power_K10_g0.5,10
1,0.3333333333333333,0.4714045207910317,0.4023689270621825,0.13807118745769836,4.743775844573975,4.6322431564331055,5.532660961151123,scan62_subset_middle,power_K10_g0.5,10
2,0.4714045207910317,0.5773502691896257,0.5243773949903288,0.10594574839859405,4.060312747955322,4.068056583404541,4.031510353088379,scan62_subset_middle,power_K10_g0.5,10
3,0.5773502691896257,0.6666666666666666,0.6220084679281461,0.0893163974770409,3.516948938369751,3.691645860671997,3.219902753829956,scan62_subset_middle,power_K10_g0.5,10
4,0.6666666666666666,0.7453559924999299,0.7060113295832983,0.07868932583326327,3.176227569580078,3.497758626937866,2.7954845428466797,scan62_subset_middle,power_K10_g0.5,10
5,0.7453559924999299,0.816496580927726,0.780926286713828,0.07114058842779614,3.0123658180236816,3.4152472019195557,2.4413139820098877,scan62_subset_middle,power_K10_g0.5,10
6,0.816496580927726,0.8819171036881969,0.8492068423079615,0.06542052276047083,2.891416549682617,3.2321999073028564,2.1693623065948486,scan62_subset_middle,power_K10_g0.5,10
7,0.8819171036881969,0.9428090415820634,0.9123630726351302,0.06089193789386649,2.777898073196411,3.13390851020813,2.0334057807922363,scan62_subset_middle,power_K10_g0.5,10
8,0.9428090415820634,1.0,0.9714045207910317,0.057190958417936644,2.7762672901153564,3.073638677597046,2.0041236877441406,scan62_subset_middle,power_K10_g0.5,10
9,1.0,1.0,1.0,0.0,2.7884433269500732,3.039163112640381,1.989869475364685,scan62_subset_middle,power_K10_g0.5,10
0,0.0,0.012345679012345678,0.006172839506172839,0.012345679012345678,20.679962158203125,5.198482036590576,21.69567108154297,scan62_subset_middle,power_K10_g2.0,10
1,0.012345679012345678,0.04938271604938271,0.030864197530864196,0.037037037037037035,4.490867614746094,3.946427345275879,4.954751968383789,scan62_subset_middle,power_K10_g2.0,10
2,0.04938271604938271,0.1111111111111111,0.08024691358024691,0.06172839506172839,3.7075693607330322,3.7774386405944824,3.440439224243164,scan62_subset_middle,power_K10_g2.0,10
3,0.1111111111111111,0.19753086419753085,0.15432098765432098,0.08641975308641975,3.4008097648620605,3.652749538421631,2.6053245067596436,scan62_subset_middle,power_K10_g2.0,10
4,0.19753086419753085,0.308641975308642,0.25308641975308643,0.11111111111111116,3.15579891204834,3.393097162246704,2.0471787452697754,scan62_subset_middle,power_K10_g2.0,10
5,0.308641975308642,0.4444444444444444,0.3765432098765432,0.1358024691358024,2.9026739597320557,3.2256155014038086,1.8259031772613525,scan62_subset_middle,power_K10_g2.0,10
6,0.4444444444444444,0.6049382716049383,0.5246913580246914,0.16049382716049387,2.7758731842041016,3.144322633743286,1.8386512994766235,scan62_subset_middle,power_K10_g2.0,10
7,0.6049382716049383,0.7901234567901234,0.6975308641975309,0.18518518518518512,2.7428784370422363,3.167339563369751,2.01898455619812,scan62_subset_middle,power_K10_g2.0,10
8,0.7901234567901234,1.0,0.8950617283950617,0.2098765432098766,2.7932722568511963,3.281541109085083,2.223494529724121,scan62_subset_middle,power_K10_g2.0,10
9,1.0,1.0,1.0,0.0,2.9021642208099365,3.2423207759857178,2.289329767227173,scan62_subset_middle,power_K10_g2.0,10
0,0.0,0.30151134457776363,0.15075567228888181,0.30151134457776363,18.471162796020508,5.3736796379089355,20.30352783203125,scan62_subset_middle,power_K12_g0.5,12
1,0.30151134457776363,0.4264014327112209,0.36395638864449226,0.12489008813345726,4.653599739074707,4.536014556884766,5.417744159698486,scan62_subset_middle,power_K12_g0.5,12
2,0.4264014327112209,0.5222329678670935,0.4743172002891572,0.09583153515587262,3.9590330123901367,3.9992833137512207,3.9156041145324707,scan62_subset_middle,power_K12_g0.5,12
3,0.5222329678670935,0.6030226891555273,0.5626278285113104,0.08078972128843376,3.4238696098327637,3.6141793727874756,3.0820767879486084,scan62_subset_middle,power_K12_g0.5,12
4,0.6030226891555273,0.674199862463242,0.6386112758093847,0.07117717330771478,3.076860189437866,3.3938329219818115,2.6159729957580566,scan62_subset_middle,power_K12_g0.5,12
5,0.674199862463242,0.7385489458759964,0.7063744041696192,0.06434908341275436,2.887197732925415,3.280627489089966,2.2500624656677246,scan62_subset_middle,power_K12_g0.5,12
6,0.7385489458759964,0.7977240352174656,0.7681364905467309,0.0591750893414692,2.7301223278045654,3.0890774726867676,1.9674052000045776,scan62_subset_middle,power_K12_g0.5,12
7,0.7977240352174656,0.8528028654224418,0.8252634503199536,0.05507883020497617,2.622675895690918,2.9539904594421387,1.776633381843567,scan62_subset_middle,power_K12_g0.5,12
8,0.8528028654224418,0.9045340337332909,0.8786684495778663,0.05173116831084912,2.595637083053589,2.878427743911743,1.7108781337738037,scan62_subset_middle,power_K12_g0.5,12
9,0.9045340337332909,0.9534625892455924,0.9289983114894416,0.048928555512301464,2.603215456008911,2.8694264888763428,1.7143309116363525,scan62_subset_middle,power_K12_g0.5,12
10,0.9534625892455924,1.0,0.9767312946227962,0.04653741075440765,2.6424288749694824,2.8937742710113525,1.7693188190460205,scan62_subset_middle,power_K12_g0.5,12
11,1.0,1.0,1.0,0.0,2.6927716732025146,2.9161643981933594,1.8498239517211914,scan62_subset_middle,power_K12_g0.5,12
0,0.0,0.008264462809917356,0.004132231404958678,0.008264462809917356,20.691234588623047,5.205153465270996,21.707311630249023,scan62_subset_middle,power_K12_g2.0,12
1,0.008264462809917356,0.03305785123966942,0.02066115702479339,0.024793388429752067,4.501176834106445,3.9419965744018555,4.956360816955566,scan62_subset_middle,power_K12_g2.0,12
2,0.03305785123966942,0.07438016528925619,0.053719008264462804,0.041322314049586764,3.7233238220214844,3.7599194049835205,3.4186434745788574,scan62_subset_middle,power_K12_g2.0,12
3,0.07438016528925619,0.1322314049586777,0.10330578512396693,0.0578512396694215,3.441513776779175,3.646026849746704,2.5533578395843506,scan62_subset_middle,power_K12_g2.0,12
4,0.1322314049586777,0.20661157024793386,0.16942148760330578,0.07438016528925617,3.2148630619049072,3.389491081237793,1.9249099493026733,scan62_subset_middle,power_K12_g2.0,12
5,0.20661157024793386,0.29752066115702475,0.2520661157024793,0.09090909090909088,2.9678800106048584,3.192283868789673,1.5481820106506348,scan62_subset_middle,power_K12_g2.0,12
6,0.29752066115702475,0.4049586776859504,0.35123966942148754,0.10743801652892565,2.799940824508667,3.054260730743408,1.4314748048782349,scan62_subset_middle,power_K12_g2.0,12
7,0.4049586776859504,0.5289256198347108,0.4669421487603306,0.12396694214876036,2.682274341583252,2.99713134765625,1.509515404701233,scan62_subset_middle,power_K12_g2.0,12
8,0.5289256198347108,0.6694214876033059,0.5991735537190084,0.14049586776859513,2.613295555114746,2.9804368019104004,1.6395541429519653,scan62_subset_middle,power_K12_g2.0,12
9,0.6694214876033059,0.8264462809917354,0.7479338842975207,0.15702479338842956,2.620380401611328,3.0143096446990967,1.8062493801116943,scan62_subset_middle,power_K12_g2.0,12
10,0.8264462809917354,1.0,0.9132231404958677,0.17355371900826455,2.670745849609375,3.051670789718628,1.9608588218688965,scan62_subset_middle,power_K12_g2.0,12
11,1.0,1.0,1.0,0.0,2.688821792602539,3.020711898803711,2.04347562789917,scan62_subset_middle,power_K12_g2.0,12
0,0.0,0.14285714285714285,0.07142857142857142,0.14285714285714285,19.644620895385742,5.511996746063232,21.069259643554688,scan62_subset_uniform,uniform_K8,8
1,0.14285714285714285,0.2857142857142857,0.21428571428571427,0.14285714285714285,4.463263511657715,4.187930583953857,5.103762626647949,scan62_subset_uniform,uniform_K8,8
2,0.2857142857142857,0.42857142857142855,0.3571428571428571,0.14285714285714285,3.9329633712768555,4.500490188598633,4.305178642272949,scan62_subset_uniform,uniform_K8,8
3,0.42857142857142855,0.5714285714285714,0.5,0.14285714285714285,3.730172872543335,3.993943214416504,3.447943925857544,scan62_subset_uniform,uniform_K8,8
4,0.5714285714285714,0.7142857142857142,0.6428571428571428,0.1428571428571428,3.241250514984131,3.5840463638305664,2.754152536392212,scan62_subset_uniform,uniform_K8,8
5,0.7142857142857142,0.8571428571428571,0.7857142857142856,0.1428571428571429,3.0540261268615723,3.622824192047119,2.6860573291778564,scan62_subset_uniform,uniform_K8,8
6,0.8571428571428571,1.0,0.9285714285714286,0.1428571428571429,3.219477653503418,3.883136034011841,2.7646055221557617,scan62_subset_uniform,uniform_K8,8
7,1.0,1.0,1.0,0.0,3.415104627609253,3.677684783935547,2.637894868850708,scan62_subset_uniform,uniform_K8,8
0,0.0,0.1111111111111111,0.05555555555555555,0.1111111111111111,19.882892608642578,5.496159076690674,21.22200584411621,scan62_subset_uniform,uniform_K10,10
1,0.1111111111111111,0.2222222222222222,0.16666666666666666,0.1111111111111111,4.433297157287598,4.092402458190918,5.032306671142578,scan62_subset_uniform,uniform_K10,10
2,0.2222222222222222,0.3333333333333333,0.2777777777777778,0.1111111111111111,3.8252384662628174,4.369905948638916,4.146355152130127,scan62_subset_uniform,uniform_K10,10
3,0.3333333333333333,0.4444444444444444,0.38888888888888884,0.1111111111111111,3.621788740158081,3.9072024822235107,3.2529191970825195,scan62_subset_uniform,uniform_K10,10
4,0.4444444444444444,0.5555555555555556,0.5,0.11111111111111116,3.137946844100952,3.4614531993865967,2.484930992126465,scan62_subset_uniform,uniform_K10,10
5,0.5555555555555556,0.6666666666666666,0.6111111111111112,0.11111111111111105,2.8673501014709473,3.3541345596313477,2.23736834526062,scan62_subset_uniform,uniform_K10,10
6,0.6666666666666666,0.7777777777777777,0.7222222222222221,0.11111111111111105,2.8543598651885986,3.3887085914611816,2.180305242538452,scan62_subset_uniform,uniform_K10,10
7,0.7777777777777777,0.8888888888888888,0.8333333333333333,0.11111111111111116,2.9030370712280273,3.2740590572357178,2.0385303497314453,scan62_subset_uniform,uniform_K10,10
8,0.8888888888888888,1.0,0.9444444444444444,0.11111111111111116,2.8564646244049072,3.1803128719329834,2.0655553340911865,scan62_subset_uniform,uniform_K10,10
9,1.0,1.0,1.0,0.0,2.796938896179199,3.094822883605957,2.0671896934509277,scan62_subset_uniform,uniform_K10,10
0,0.0,0.09090909090909091,0.045454545454545456,0.09090909090909091,20.058860778808594,5.4933977127075195,21.336095809936523,scan62_subset_uniform,uniform_K12,12
1,0.09090909090909091,0.18181818181818182,0.13636363636363635,0.09090909090909091,4.434764385223389,4.042699337005615,5.009349346160889,scan62_subset_uniform,uniform_K12,12
2,0.18181818181818182,0.2727272727272727,0.22727272727272727,0.09090909090909088,3.7762882709503174,4.290030002593994,4.047926425933838,scan62_subset_uniform,uniform_K12,12
3,0.2727272727272727,0.36363636363636365,0.3181818181818182,0.09090909090909094,3.578442096710205,3.86373233795166,3.137108564376831,scan62_subset_uniform,uniform_K12,12
4,0.36363636363636365,0.4545454545454546,0.4090909090909091,0.09090909090909094,3.121128797531128,3.432311534881592,2.341029644012451,scan62_subset_uniform,uniform_K12,12
5,0.4545454545454546,0.5454545454545454,0.5,0.09090909090909083,2.827279567718506,3.2337138652801514,1.9732192754745483,scan62_subset_uniform,uniform_K12,12
6,0.5454545454545454,0.6363636363636364,0.5909090909090908,0.09090909090909094,2.7255666255950928,3.1903679370880127,1.859782099723816,scan62_subset_uniform,uniform_K12,12
7,0.6363636363636364,0.7272727272727273,0.6818181818181819,0.09090909090909094,2.7004501819610596,3.050776481628418,1.707240104675293,scan62_subset_uniform,uniform_K12,12
8,0.7272727272727273,0.8181818181818182,0.7727272727272727,0.09090909090909094,2.6153147220611572,2.92520809173584,1.6571654081344604,scan62_subset_uniform,uniform_K12,12
9,0.8181818181818182,0.9090909090909092,0.8636363636363638,0.09090909090909094,2.582392930984497,2.8577120304107666,1.6688834428787231,scan62_subset_uniform,uniform_K12,12
10,0.9090909090909092,1.0,0.9545454545454546,0.09090909090909083,2.5836269855499268,2.8510193824768066,1.7246276140213013,scan62_subset_uniform,uniform_K12,12
11,1.0,1.0,1.0,0.0,2.5980567932128906,2.838740825653076,1.7870335578918457,scan62_subset_uniform,uniform_K12,12
0,0.0,0.08333333333333333,0.041666666666666664,0.08333333333333333,20.064899444580078,5.487570285797119,21.337995529174805,scan62_subset_uniform,uniform_K13,13
1,0.08333333333333333,0.16666666666666666,0.125,0.08333333333333333,4.443609714508057,4.026472568511963,5.0091233253479,scan62_subset_uniform,uniform_K13,13
2,0.16666666666666666,0.25,0.20833333333333331,0.08333333333333334,3.7672369480133057,4.263395309448242,4.022094249725342,scan62_subset_uniform,uniform_K13,13
3,0.25,0.3333333333333333,0.29166666666666663,0.08333333333333331,3.5702614784240723,3.856865406036377,3.105949878692627,scan62_subset_uniform,uniform_K13,13
4,0.3333333333333333,0.41666666666666663,0.375,0.08333333333333331,3.130255699157715,3.4174723625183105,2.2868175506591797,scan62_subset_uniform,uniform_K13,13
5,0.41666666666666663,0.5,0.4583333333333333,0.08333333333333337,2.8277270793914795,3.2196714878082275,1.8957921266555786,scan62_subset_uniform,uniform_K13,13
6,0.5,0.5833333333333333,0.5416666666666666,0.08333333333333326,2.7028114795684814,3.1276774406433105,1.7404749393463135,scan62_subset_uniform,uniform_K13,13
7,0.5833333333333333,0.6666666666666666,0.625,0.08333333333333337,2.6518595218658447,2.983025312423706,1.5805513858795166,scan62_subset_uniform,uniform_K13,13
8,0.6666666666666666,0.75,0.7083333333333333,0.08333333333333337,2.5547709465026855,2.8409862518310547,1.5096533298492432,scan62_subset_uniform,uniform_K13,13
9,0.75,0.8333333333333333,0.7916666666666666,0.08333333333333326,2.5036463737487793,2.7569003105163574,1.4785722494125366,scan62_subset_uniform,uniform_K13,13
10,0.8333333333333333,0.9166666666666666,0.875,0.08333333333333337,2.486384630203247,2.7478456497192383,1.5350620746612549,scan62_subset_uniform,uniform_K13,13
11,0.9166666666666666,1.0,0.9583333333333333,0.08333333333333337,2.5067639350891113,2.7528023719787598,1.6043765544891357,scan62_subset_uniform,uniform_K13,13
12,1.0,1.0,1.0,0.0,2.5340664386749268,2.7660441398620605,1.6991652250289917,scan62_subset_uniform,uniform_K13,13
0,0.0,0.07692307692307693,0.038461538461538464,0.07692307692307693,20.120223999023438,5.480403900146484,21.371183395385742,scan62_subset_uniform,uniform_K14,14
1,0.07692307692307693,0.15384615384615385,0.11538461538461539,0.07692307692307693,4.432364463806152,3.999751329421997,4.985780239105225,scan62_subset_uniform,uniform_K14,14
2,0.15384615384615385,0.23076923076923078,0.19230769230769232,0.07692307692307693,3.7527806758880615,4.24025297164917,3.994544267654419,scan62_subset_uniform,uniform_K14,14
3,0.23076923076923078,0.3076923076923077,0.2692307692307693,0.07692307692307693,3.563603401184082,3.8446640968322754,3.0727710723876953,scan62_subset_uniform,uniform_K14,14
4,0.3076923076923077,0.38461538461538464,0.34615384615384615,0.07692307692307693,3.137661933898926,3.4190261363983154,2.2427971363067627,scan62_subset_uniform,uniform_K14,14
5,0.38461538461538464,0.46153846153846156,0.42307692307692313,0.07692307692307693,2.8370258808135986,3.1916441917419434,1.8256316184997559,scan62_subset_uniform,uniform_K14,14
6,0.46153846153846156,0.5384615384615385,0.5,0.07692307692307698,2.6957080364227295,3.090125560760498,1.650297999382019,scan62_subset_uniform,uniform_K14,14
7,0.5384615384615385,0.6153846153846154,0.576923076923077,0.07692307692307687,2.625507354736328,2.9471936225891113,1.4924383163452148,scan62_subset_uniform,uniform_K14,14
8,0.6153846153846154,0.6923076923076923,0.6538461538461539,0.07692307692307687,2.528947591781616,2.7969043254852295,1.3901457786560059,scan62_subset_uniform,uniform_K14,14
9,0.6923076923076923,0.7692307692307693,0.7307692307692308,0.07692307692307698,2.4672672748565674,2.717111587524414,1.3955968618392944,scan62_subset_uniform,uniform_K14,14
10,0.7692307692307693,0.8461538461538463,0.8076923076923077,0.07692307692307698,2.44191312789917,2.668117046356201,1.3968173265457153,scan62_subset_uniform,uniform_K14,14
11,0.8461538461538463,0.9230769230769231,0.8846153846153847,0.07692307692307687,2.434204578399658,2.6616461277008057,1.4490761756896973,scan62_subset_uniform,uniform_K14,14
12,0.9230769230769231,1.0,0.9615384615384616,0.07692307692307687,2.45969295501709,2.7075157165527344,1.5497276782989502,scan62_subset_uniform,uniform_K14,14
13,1.0,1.0,1.0,0.0,2.491776943206787,2.7200889587402344,1.641716480255127,scan62_subset_uniform,uniform_K14,14
0,0.0,0.06666666666666667,0.03333333333333333,0.06666666666666667,20.231740951538086,5.4741692543029785,21.44051742553711,scan62_subset_uniform,uniform_K16,16
1,0.06666666666666667,0.13333333333333333,0.1,0.06666666666666667,4.435195446014404,3.9676907062530518,4.968996524810791,scan62_subset_uniform,uniform_K16,16
2,0.13333333333333333,0.2,0.16666666666666669,0.06666666666666668,3.741848945617676,4.205728530883789,3.954906702041626,scan62_subset_uniform,uniform_K16,16
3,0.2,0.26666666666666666,0.23333333333333334,0.06666666666666665,3.562565326690674,3.84269380569458,3.031975269317627,scan62_subset_uniform,uniform_K16,16
4,0.26666666666666666,0.3333333333333333,0.3,0.06666666666666665,3.161407947540283,3.416210412979126,2.177638292312622,scan62_subset_uniform,uniform_K16,16
5,0.3333333333333333,0.4,0.3666666666666667,0.06666666666666671,2.8655035495758057,3.1695566177368164,1.710158109664917,scan62_subset_uniform,uniform_K16,16
6,0.4,0.4666666666666667,0.43333333333333335,0.06666666666666665,2.70701003074646,3.0648016929626465,1.528568148612976,scan62_subset_uniform,uniform_K16,16
7,0.4666666666666667,0.5333333333333333,0.5,0.06666666666666665,2.6276473999023438,2.8956212997436523,1.3444551229476929,scan62_subset_uniform,uniform_K16,16
8,0.5333333333333333,0.6,0.5666666666666667,0.06666666666666665,2.5022552013397217,2.743438482284546,1.2259855270385742,scan62_subset_uniform,uniform_K16,16
9,0.6,0.6666666666666666,0.6333333333333333,0.06666666666666665,2.437126874923706,2.653909683227539,1.1980592012405396,scan62_subset_uniform,uniform_K16,16
10,0.6666666666666666,0.7333333333333333,0.7,0.06666666666666665,2.375128746032715,2.590742588043213,1.1928863525390625,scan62_subset_uniform,uniform_K16,16
11,0.7333333333333333,0.8,0.7666666666666666,0.06666666666666676,2.3396506309509277,2.555479049682617,1.235100507736206,scan62_subset_uniform,uniform_K16,16
12,0.8,0.8666666666666667,0.8333333333333334,0.06666666666666665,2.332986354827881,2.5387604236602783,1.2583304643630981,scan62_subset_uniform,uniform_K16,16
13,0.8666666666666667,0.9333333333333333,0.9,0.06666666666666665,2.341606855392456,2.560394287109375,1.339552402496338,scan62_subset_uniform,uniform_K16,16
14,0.9333333333333333,1.0,0.9666666666666667,0.06666666666666665,2.3869123458862305,2.6285388469696045,1.457568645477295,scan62_subset_uniform,uniform_K16,16
15,1.0,1.0,1.0,0.0,2.4263007640838623,2.6557834148406982,1.5717710256576538,scan62_subset_uniform,uniform_K16,16
0,0.0,0.3779644730092272,0.1889822365046136,0.3779644730092272,17.9311580657959,5.7029218673706055,20.048479080200195,scan62_subset_uniform,power_K8_g0.5,8
1,0.3779644730092272,0.5345224838248488,0.456243478417038,0.1565580108156216,4.942134857177734,4.814303874969482,5.735205173492432,scan62_subset_uniform,power_K8_g0.5,8
2,0.5345224838248488,0.6546536707079771,0.5945880772664129,0.1201311868831283,4.471782684326172,4.963322162628174,4.898169040679932,scan62_subset_uniform,power_K8_g0.5,8
3,0.6546536707079771,0.7559289460184544,0.7052913083632157,0.10127527531047731,4.0838775634765625,4.204168319702148,3.8670687675476074,scan62_subset_uniform,power_K8_g0.5,8
4,0.7559289460184544,0.8451542547285166,0.8005416003734855,0.08922530871006218,3.4040608406066895,3.6789674758911133,2.98776912689209,scan62_subset_uniform,power_K8_g0.5,8
5,0.8451542547285166,0.9258200997725514,0.8854871772505339,0.08066584504403485,3.2145423889160156,3.6596224308013916,2.8038039207458496,scan62_subset_uniform,power_K8_g0.5,8
6,0.9258200997725514,1.0,0.9629100498862757,0.07417990022744858,3.2798123359680176,3.8834228515625,2.814692258834839,scan62_subset_uniform,power_K8_g0.5,8
7,1.0,1.0,1.0,0.0,3.4159603118896484,3.6871120929718018,2.608104944229126,scan62_subset_uniform,power_K8_g0.5,8
0,0.0,0.02040816326530612,0.01020408163265306,0.02040816326530612,20.528770446777344,5.452421188354492,21.629783630371094,scan62_subset_uniform,power_K8_g2.0,8
1,0.02040816326530612,0.08163265306122448,0.0510204081632653,0.061224489795918366,4.484521389007568,3.8873090744018555,4.961783409118652,scan62_subset_uniform,power_K8_g2.0,8
2,0.08163265306122448,0.18367346938775508,0.13265306122448978,0.1020408163265306,3.725861072540283,4.162827014923096,3.89454984664917,scan62_subset_uniform,power_K8_g2.0,8
3,0.18367346938775508,0.32653061224489793,0.2551020408163265,0.14285714285714285,3.5660762786865234,3.9123284816741943,3.0823683738708496,scan62_subset_uniform,power_K8_g2.0,8
4,0.32653061224489793,0.5102040816326531,0.41836734693877553,0.18367346938775514,3.24517822265625,3.6122002601623535,2.5145676136016846,scan62_subset_uniform,power_K8_g2.0,8
5,0.5102040816326531,0.7346938775510203,0.6224489795918366,0.22448979591836726,3.0431535243988037,3.6155197620391846,2.5297436714172363,scan62_subset_uniform,power_K8_g2.0,8
6,0.7346938775510203,1.0,0.8673469387755102,0.26530612244897966,3.232239007949829,3.965906858444214,2.891312599182129,scan62_subset_uniform,power_K8_g2.0,8
7,1.0,1.0,1.0,0.0,3.497925281524658,3.8521511554718018,2.802785634994507,scan62_subset_uniform,power_K8_g2.0,8
0,0.0,0.3333333333333333,0.16666666666666666,0.3333333333333333,18.231386184692383,5.664026260375977,20.217363357543945,scan62_subset_uniform,power_K10_g0.5,10
1,0.3333333333333333,0.4714045207910317,0.4023689270621825,0.13807118745769836,4.836280822753906,4.689044952392578,5.612214088439941,scan62_subset_uniform,power_K10_g0.5,10
2,0.4714045207910317,0.5773502691896257,0.5243773949903288,0.10594574839859405,4.3158769607543945,4.8210554122924805,4.732924461364746,scan62_subset_uniform,power_K10_g0.5,10
3,0.5773502691896257,0.6666666666666666,0.6220084679281461,0.0893163974770409,3.9335269927978516,4.071541786193848,3.685596227645874,scan62_subset_uniform,power_K10_g0.5,10
4,0.6666666666666666,0.7453559924999299,0.7060113295832983,0.07868932583326327,3.2484567165374756,3.538951873779297,2.795027732849121,scan62_subset_uniform,power_K10_g0.5,10
5,0.7453559924999299,0.816496580927726,0.780926286713828,0.07114058842779614,2.9998552799224854,3.448850154876709,2.519702911376953,scan62_subset_uniform,power_K10_g0.5,10
6,0.816496580927726,0.8819171036881969,0.8492068423079615,0.06542052276047083,3.0112249851226807,3.567504405975342,2.4443986415863037,scan62_subset_uniform,power_K10_g0.5,10
7,0.8819171036881969,0.9428090415820634,0.9123630726351302,0.06089193789386649,3.104578733444214,3.437225103378296,2.2542736530303955,scan62_subset_uniform,power_K10_g0.5,10
8,0.9428090415820634,1.0,0.9714045207910317,0.057190958417936644,2.9902455806732178,3.337568759918213,2.243443012237549,scan62_subset_uniform,power_K10_g0.5,10
9,1.0,1.0,1.0,0.0,2.904423475265503,3.193092107772827,2.1280479431152344,scan62_subset_uniform,power_K10_g0.5,10
0,0.0,0.012345679012345678,0.006172839506172839,0.012345679012345678,20.634662628173828,5.449113845825195,21.695762634277344,scan62_subset_uniform,power_K10_g2.0,10
1,0.012345679012345678,0.04938271604938271,0.030864197530864196,0.037037037037037035,4.503641605377197,3.8569273948669434,4.959131717681885,scan62_subset_uniform,power_K10_g2.0,10
2,0.04938271604938271,0.1111111111111111,0.08024691358024691,0.06172839506172839,3.7421224117279053,4.0897650718688965,3.832106113433838,scan62_subset_uniform,power_K10_g2.0,10
3,0.1111111111111111,0.19753086419753085,0.15432098765432098,0.08641975308641975,3.576254367828369,3.8685171604156494,2.9490280151367188,scan62_subset_uniform,power_K10_g2.0,10
4,0.19753086419753085,0.308641975308642,0.25308641975308643,0.11111111111111116,3.2434141635894775,3.5246407985687256,2.181574821472168,scan62_subset_uniform,power_K10_g2.0,10
5,0.308641975308642,0.4444444444444444,0.3765432098765432,0.1358024691358024,2.9633936882019043,3.305147171020508,1.8604568243026733,scan62_subset_uniform,power_K10_g2.0,10
6,0.4444444444444444,0.6049382716049383,0.5246913580246914,0.16049382716049387,2.8355090618133545,3.3371574878692627,1.975751519203186,scan62_subset_uniform,power_K10_g2.0,10
7,0.6049382716049383,0.7901234567901234,0.6975308641975309,0.18518518518518512,2.8818936347961426,3.3760037422180176,2.1123156547546387,scan62_subset_uniform,power_K10_g2.0,10
8,0.7901234567901234,1.0,0.8950617283950617,0.2098765432098766,2.9274656772613525,3.3700156211853027,2.2041962146759033,scan62_subset_uniform,power_K10_g2.0,10
9,1.0,1.0,1.0,0.0,2.9728055000305176,3.303635597229004,2.2768726348876953,scan62_subset_uniform,power_K10_g2.0,10
0,0.0,0.30151134457776363,0.15075567228888181,0.30151134457776363,18.46596336364746,5.6292619705200195,20.357648849487305,scan62_subset_uniform,power_K12_g0.5,12
1,0.30151134457776363,0.4264014327112209,0.36395638864449226,0.12489008813345726,4.738211154937744,4.5733466148376465,5.48431921005249,scan62_subset_uniform,power_K12_g0.5,12
2,0.4264014327112209,0.5222329678670935,0.4743172002891572,0.09583153515587262,4.185305595397949,4.701220989227295,4.583072662353516,scan62_subset_uniform,power_K12_g0.5,12
3,0.5222329678670935,0.6030226891555273,0.5626278285113104,0.08078972128843376,3.817349672317505,3.9767770767211914,3.537661075592041,scan62_subset_uniform,power_K12_g0.5,12
4,0.6030226891555273,0.674199862463242,0.6386112758093847,0.07117717330771478,3.160324811935425,3.4505422115325928,2.6384692192077637,scan62_subset_uniform,power_K12_g0.5,12
5,0.674199862463242,0.7385489458759964,0.7063744041696192,0.06434908341275436,2.8942646980285645,3.322114944458008,2.3216030597686768,scan62_subset_uniform,power_K12_g0.5,12
6,0.7385489458759964,0.7977240352174656,0.7681364905467309,0.0591750893414692,2.8450217247009277,3.3845040798187256,2.211751937866211,scan62_subset_uniform,power_K12_g0.5,12
7,0.7977240352174656,0.8528028654224418,0.8252634503199536,0.05507883020497617,2.894707679748535,3.224588632583618,1.9724886417388916,scan62_subset_uniform,power_K12_g0.5,12
8,0.8528028654224418,0.9045340337332909,0.8786684495778663,0.05173116831084912,2.7917418479919434,3.100930690765381,1.906645655632019,scan62_subset_uniform,power_K12_g0.5,12
9,0.9045340337332909,0.9534625892455924,0.9289983114894416,0.048928555512301464,2.717393636703491,3.0101888179779053,1.8426852226257324,scan62_subset_uniform,power_K12_g0.5,12
10,0.9534625892455924,1.0,0.9767312946227962,0.04653741075440765,2.715817928314209,2.9758307933807373,1.8545883893966675,scan62_subset_uniform,power_K12_g0.5,12
11,1.0,1.0,1.0,0.0,2.743061065673828,2.950968027114868,1.8908846378326416,scan62_subset_uniform,power_K12_g0.5,12
0,0.0,0.008264462809917356,0.004132231404958678,0.008264462809917356,20.6461124420166,5.455991744995117,21.707704544067383,scan62_subset_uniform,power_K12_g2.0,12
1,0.008264462809917356,0.03305785123966942,0.02066115702479339,0.024793388429752067,4.513818264007568,3.84798002243042,4.960535049438477,scan62_subset_uniform,power_K12_g2.0,12
2,0.03305785123966942,0.07438016528925619,0.053719008264462804,0.041322314049586764,3.750379800796509,4.058976173400879,3.799947500228882,scan62_subset_uniform,power_K12_g2.0,12
3,0.07438016528925619,0.1322314049586777,0.10330578512396693,0.0578512396694215,3.607795238494873,3.8564295768737793,2.8999557495117188,scan62_subset_uniform,power_K12_g2.0,12
4,0.1322314049586777,0.20661157024793386,0.16942148760330578,0.07438016528925617,3.2992677688598633,3.506357431411743,2.0628812313079834,scan62_subset_uniform,power_K12_g2.0,12
5,0.20661157024793386,0.29752066115702475,0.2520661157024793,0.09090909090909088,3.0281269550323486,3.239201545715332,1.5736749172210693,scan62_subset_uniform,power_K12_g2.0,12
6,0.29752066115702475,0.4049586776859504,0.35123966942148754,0.10743801652892565,2.8345680236816406,3.1490471363067627,1.4917199611663818,scan62_subset_uniform,power_K12_g2.0,12
7,0.4049586776859504,0.5289256198347108,0.4669421487603306,0.12396694214876036,2.751546859741211,3.09736704826355,1.5453612804412842,scan62_subset_uniform,power_K12_g2.0,12
8,0.5289256198347108,0.6694214876033059,0.5991735537190084,0.14049586776859513,2.672443389892578,3.058858871459961,1.6418899297714233,scan62_subset_uniform,power_K12_g2.0,12
9,0.6694214876033059,0.8264462809917354,0.7479338842975207,0.15702479338842956,2.6698155403137207,3.07859206199646,1.8130840063095093,scan62_subset_uniform,power_K12_g2.0,12
10,0.8264462809917354,1.0,0.9132231404958677,0.17355371900826455,2.7306127548217773,3.10483455657959,1.9834076166152954,scan62_subset_uniform,power_K12_g2.0,12
11,1.0,1.0,1.0,0.0,2.7535922527313232,3.0820939540863037,2.0648748874664307,scan62_subset_uniform,power_K12_g2.0,12
