sequence_id,scene,subset,seq_view_idx,dtu_frame_id,K,depth_abs_rel,depth_rmse_mm,depth_mae_mm,depth_delta1,pose_rot_error_deg,pose_trans_error_deg,geom_l2_error_mm,hidden_state_delta,depth_map_delta,runtime_sec,peak_vram_mb
scan1_subset_middle,scan1,subset_middle,0,24,8,0.003353,5.9349,2.1568,0.999678,0.0,0.0,645.3658,0.094393,0.0,1.4745,2100.86
scan1_subset_middle,scan1,subset_middle,1,0,8,0.005739,16.7995,3.9233,0.997185,0.0193,0.5898,644.578,0.104771,0.0,1.4745,2100.86
scan1_subset_middle,scan1,subset_middle,2,1,8,0.004506,9.1926,2.8942,0.998342,0.0131,0.277,652.7516,0.102877,0.0,1.4745,2100.86
scan1_subset_middle,scan1,subset_middle,3,2,8,0.0035,3.5553,2.2795,1.0,0.0084,0.1948,652.1508,0.103869,0.0,1.4745,2100.86
scan1_subset_middle,scan1,subset_middle,4,3,8,0.003054,3.571,1.9997,0.999944,0.0063,0.2624,655.3752,0.1038,0.0,1.4745,2100.86
scan1_subset_middle,scan1,subset_middle,5,4,8,0.003317,6.151,2.1273,0.9994,0.0086,0.1887,647.4816,0.105163,0.0,1.4745,2100.86
scan1_subset_middle,scan1,subset_middle,0,24,10,0.003841,6.2072,2.4674,0.99962,0.0,0.0,645.3544,0.080759,0.01082,0.4971,2224.16
scan1_subset_middle,scan1,subset_middle,1,0,10,0.005845,16.79,3.9747,0.997204,0.0175,0.7843,644.5657,0.086757,0.00467,0.4971,2224.16
scan1_subset_middle,scan1,subset_middle,2,1,10,0.004917,9.2027,3.1386,0.99842,0.0133,0.7582,652.7399,0.086262,0.003842,0.4971,2224.16
scan1_subset_middle,scan1,subset_middle,3,2,10,0.003769,3.5022,2.4362,1.0,0.0103,0.3937,652.1395,0.086869,0.006268,0.4971,2224.16
scan1_subset_middle,scan1,subset_middle,4,3,10,0.003312,3.8324,2.1815,0.999952,0.0137,0.3369,655.3641,0.086971,0.003905,0.4971,2224.16
scan1_subset_middle,scan1,subset_middle,5,4,10,0.003173,5.8303,2.0333,0.99943,0.0165,0.4088,647.4713,0.087727,0.003822,0.4971,2224.16
scan1_subset_middle,scan1,subset_middle,0,24,12,0.004126,6.3627,2.6412,0.999595,0.0,0.0,645.3492,0.0732,0.004699,0.5157,2260.48
scan1_subset_middle,scan1,subset_middle,1,0,12,0.005814,16.7319,3.9566,0.997233,0.0162,1.0505,644.5609,0.076874,0.001833,0.5157,2260.48
scan1_subset_middle,scan1,subset_middle,2,1,12,0.005041,9.1927,3.21,0.998459,0.0127,1.105,652.735,0.076721,0.001572,0.5157,2260.48
scan1_subset_middle,scan1,subset_middle,3,2,12,0.003914,3.5046,2.5257,1.0,0.0119,0.601,652.1346,0.076962,0.002145,0.5157,2260.48
scan1_subset_middle,scan1,subset_middle,4,3,12,0.003328,3.7745,2.1769,0.999952,0.0149,0.5389,655.3596,0.076855,0.001874,0.5157,2260.48
scan1_subset_middle,scan1,subset_middle,5,4,12,0.003206,5.4829,2.0457,0.999532,0.0177,0.5403,647.467,0.077487,0.002058,0.5157,2260.48
scan1_subset_middle,scan1,subset_middle,0,24,14,0.004108,6.4486,2.6289,0.999587,0.0,0.0,645.3443,0.068869,0.004663,0.5335,2297.95
scan1_subset_middle,scan1,subset_middle,1,0,14,0.005821,16.6886,3.9541,0.997242,0.0146,1.1409,644.5564,0.07136,0.001639,0.5335,2297.95
scan1_subset_middle,scan1,subset_middle,2,1,14,0.005006,9.1386,3.1903,0.998498,0.0115,1.2063,652.7304,0.071418,0.002147,0.5335,2297.95
scan1_subset_middle,scan1,subset_middle,3,2,14,0.003959,3.4829,2.5496,1.0,0.0117,0.7233,652.1299,0.071412,0.002279,0.5335,2297.95
scan1_subset_middle,scan1,subset_middle,4,3,14,0.003239,3.6881,2.1095,0.99996,0.0153,0.5436,655.355,0.071345,0.003301,0.5335,2297.95
scan1_subset_middle,scan1,subset_middle,5,4,14,0.003191,5.09,2.0347,0.999664,0.0176,0.4993,647.4627,0.0718,0.004057,0.5335,2297.95
scan1_subset_middle,scan1,subset_middle,0,24,16,0.004101,6.4541,2.6275,0.999603,0.0,0.0,645.3418,0.065439,0.00314,0.5984,2333.62
scan1_subset_middle,scan1,subset_middle,1,0,16,0.006003,16.6954,4.0822,0.997271,0.0128,1.2054,644.554,0.067149,0.001374,0.5984,2333.62
scan1_subset_middle,scan1,subset_middle,2,1,16,0.005082,9.1035,3.2432,0.998552,0.011,1.313,652.7281,0.067275,0.00148,0.5984,2333.62
scan1_subset_middle,scan1,subset_middle,3,2,16,0.003951,3.4602,2.5445,1.0,0.0119,0.8534,652.1274,0.067258,0.001529,0.5984,2333.62
scan1_subset_middle,scan1,subset_middle,4,3,16,0.003305,3.6133,2.1462,0.99996,0.0159,0.5778,655.3528,0.067267,0.002117,0.5984,2333.62
scan1_subset_middle,scan1,subset_middle,5,4,16,0.003237,4.7382,2.0634,0.999796,0.0178,0.509,647.4604,0.067403,0.00236,0.5984,2333.62
scan1_subset_uniform,scan1,subset_uniform,0,0,8,0.00501,16.6818,3.4336,0.997166,0.0,0.0,644.5858,0.093843,0.0,0.4159,2186.1
scan1_subset_uniform,scan1,subset_uniform,1,8,8,0.002896,3.4484,1.8602,0.999918,0.0165,0.5147,651.032,0.100934,0.0,0.4159,2186.1
scan1_subset_uniform,scan1,subset_uniform,2,16,8,0.003386,3.0981,2.1756,1.0,0.0159,0.4366,652.5746,0.103122,0.0,0.4159,2186.1
scan1_subset_uniform,scan1,subset_uniform,3,24,8,0.003459,5.8215,2.2054,0.999703,0.0115,0.3658,645.3632,0.100921,0.0,0.4159,2186.1
scan1_subset_uniform,scan1,subset_uniform,4,32,8,0.003717,4.2987,2.3401,1.0,0.011,0.4348,642.3401,0.10212,0.0,0.4159,2186.1
scan1_subset_uniform,scan1,subset_uniform,5,40,8,0.003675,3.0899,2.2565,1.0,0.0292,0.5764,653.501,0.106302,0.0,0.4159,2186.1
scan1_subset_uniform,scan1,subset_uniform,0,0,10,0.004466,16.6698,3.1057,0.997175,0.0,0.0,644.5811,0.079158,0.004007,0.4685,2226.74
scan1_subset_uniform,scan1,subset_uniform,1,8,10,0.002798,3.3138,1.8025,0.999925,0.0136,0.9031,651.0272,0.084081,0.008699,0.4685,2226.74
scan1_subset_uniform,scan1,subset_uniform,2,16,10,0.002918,2.7894,1.8935,1.0,0.0112,0.6709,652.5696,0.085393,0.009618,0.4685,2226.74
scan1_subset_uniform,scan1,subset_uniform,3,24,10,0.003394,5.995,2.166,0.999661,0.0108,0.4206,645.3579,0.084884,0.010555,0.4685,2226.74
scan1_subset_uniform,scan1,subset_uniform,4,32,10,0.003492,4.2701,2.2031,1.0,0.0126,0.4321,642.3353,0.085703,0.008944,0.4685,2226.74
scan1_subset_uniform,scan1,subset_uniform,5,40,10,0.002945,2.6555,1.8127,1.0,0.0222,0.6644,653.4964,0.087426,0.010042,0.4685,2226.74
scan1_subset_uniform,scan1,subset_uniform,0,0,12,0.00413,16.597,2.8943,0.997214,0.0,0.0,644.5786,0.071742,0.002064,0.5118,2259.95
scan1_subset_uniform,scan1,subset_uniform,1,8,12,0.002754,3.2571,1.7821,0.999925,0.0147,1.0518,651.0243,0.074667,0.00436,0.5118,2259.95
scan1_subset_uniform,scan1,subset_uniform,2,16,12,0.002783,2.6632,1.8048,1.0,0.0115,0.7163,652.5679,0.075847,0.004386,0.5118,2259.95
scan1_subset_uniform,scan1,subset_uniform,3,24,12,0.003442,6.1137,2.1982,0.999636,0.0116,0.5001,645.3555,0.076001,0.007536,0.5118,2259.95
scan1_subset_uniform,scan1,subset_uniform,4,32,12,0.003491,4.3312,2.2061,1.0,0.014,0.5781,642.3332,0.076912,0.007819,0.5118,2259.95
scan1_subset_uniform,scan1,subset_uniform,5,40,12,0.002747,2.5572,1.6971,1.0,0.0223,0.5888,653.4941,0.077026,0.010741,0.5118,2259.95
scan1_subset_uniform,scan1,subset_uniform,0,0,14,0.004081,16.5486,2.8646,0.997223,0.0,0.0,644.5737,0.067432,0.003131,0.5322,2297.5
scan1_subset_uniform,scan1,subset_uniform,1,8,14,0.002828,3.2218,1.8349,0.999933,0.0146,1.1827,651.0194,0.069338,0.00435,0.5322,2297.5
scan1_subset_uniform,scan1,subset_uniform,2,16,14,0.002766,2.6528,1.7964,1.0,0.0112,0.7277,652.563,0.070301,0.004583,0.5322,2297.5
scan1_subset_uniform,scan1,subset_uniform,3,24,14,0.003551,6.1699,2.2701,0.999612,0.0126,0.4942,645.3506,0.070849,0.008111,0.5322,2297.5
scan1_subset_uniform,scan1,subset_uniform,4,32,14,0.003622,4.3903,2.2932,1.0,0.0153,0.5808,642.3286,0.07172,0.007483,0.5322,2297.5
scan1_subset_uniform,scan1,subset_uniform,5,40,14,0.002689,2.5241,1.6667,1.0,0.021,0.5319,653.4902,0.071122,0.007577,0.5322,2297.5
scan1_subset_uniform,scan1,subset_uniform,0,0,16,0.003913,16.5241,2.7597,0.997242,0.0,0.0,644.5723,0.064087,0.001339,0.5792,2331.38
scan1_subset_uniform,scan1,subset_uniform,1,8,16,0.002799,3.2354,1.821,0.999925,0.0142,1.1837,651.0176,0.065537,0.001331,0.5792,2331.38
scan1_subset_uniform,scan1,subset_uniform,2,16,16,0.002672,2.6096,1.734,1.0,0.0106,0.769,652.5617,0.066295,0.002022,0.5792,2331.38
scan1_subset_uniform,scan1,subset_uniform,3,24,16,0.00356,6.2885,2.2778,0.999603,0.0127,0.4821,645.3491,0.066983,0.004099,0.5792,2331.38
scan1_subset_uniform,scan1,subset_uniform,4,32,16,0.003682,4.442,2.3303,1.0,0.0141,0.5781,642.3272,0.06759,0.004041,0.5792,2331.38
scan1_subset_uniform,scan1,subset_uniform,5,40,16,0.002671,2.5462,1.6589,1.0,0.0213,0.562,653.488,0.066808,0.004947,0.5792,2331.38
scan4_subset_middle,scan4,subset_middle,0,24,8,0.006995,12.2633,4.7919,0.999239,0.0,0.0,689.1403,0.102007,0.0,0.4243,2187.59
scan4_subset_middle,scan4,subset_middle,1,0,8,0.011987,26.9166,7.7247,0.986376,0.0287,1.3209,699.8124,0.107864,0.0,0.4243,2187.59
scan4_subset_middle,scan4,subset_middle,2,1,8,0.010375,24.0419,6.8155,0.988777,0.0262,2.6278,700.6785,0.106096,0.0,0.4243,2187.59
scan4_subset_middle,scan4,subset_middle,3,2,8,0.009709,20.3308,6.443,0.991193,0.0198,3.102,696.3194,0.106808,0.0,0.4243,2187.59
scan4_subset_middle,scan4,subset_middle,4,3,8,0.008584,20.9008,5.7715,0.991242,0.0198,1.8355,698.2787,0.107446,0.0,0.4243,2187.59
scan4_subset_middle,scan4,subset_middle,5,4,8,0.009756,19.8881,6.5189,0.993284,0.0197,1.4813,689.3413,0.109576,0.0,0.4243,2187.59
scan4_subset_middle,scan4,subset_middle,0,24,10,0.006486,11.3027,4.3505,0.999595,0.0,0.0,689.147,0.085508,0.010068,0.4499,2223.79
scan4_subset_middle,scan4,subset_middle,1,0,10,0.010238,26.0226,6.6551,0.986682,0.0281,1.2889,699.822,0.090716,0.009686,0.4499,2223.79
scan4_subset_middle,scan4,subset_middle,2,1,10,0.008565,23.2034,5.6505,0.988976,0.0251,2.1098,700.6879,0.091104,0.004865,0.4499,2223.79
scan4_subset_middle,scan4,subset_middle,3,2,10,0.007409,19.2862,4.9303,0.991524,0.0233,2.4246,696.3307,0.091569,0.004358,0.4499,2223.79
scan4_subset_middle,scan4,subset_middle,4,3,10,0.007393,20.1645,5.0229,0.991297,0.0244,1.6989,698.2892,0.091841,0.00766,0.4499,2223.79
scan4_subset_middle,scan4,subset_middle,5,4,10,0.006965,18.7951,4.707,0.993308,0.0237,1.169,689.3514,0.093126,0.00562,0.4499,2223.79
scan4_subset_middle,scan4,subset_middle,0,24,12,0.006823,11.2801,4.6008,0.999625,0.0,0.0,689.1594,0.074647,0.010307,0.5044,2261.4
scan4_subset_middle,scan4,subset_middle,1,0,12,0.010474,25.7243,6.7991,0.986783,0.026,0.8794,699.8365,0.078743,0.006821,0.5044,2261.4
scan4_subset_middle,scan4,subset_middle,2,1,12,0.008647,22.9606,5.7033,0.989114,0.0232,1.6001,700.7025,0.078507,0.005763,0.5044,2261.4
scan4_subset_middle,scan4,subset_middle,3,2,12,0.007491,19.0132,4.9809,0.991735,0.0241,1.6692,696.3469,0.078425,0.004605,0.5044,2261.4
scan4_subset_middle,scan4,subset_middle,4,3,12,0.007559,20.0249,5.1347,0.991457,0.0262,1.2786,698.3052,0.078698,0.006491,0.5044,2261.4
scan4_subset_middle,scan4,subset_middle,5,4,12,0.006537,18.5182,4.4069,0.993372,0.0261,0.7293,689.3657,0.079515,0.003934,0.5044,2261.4
scan4_subset_middle,scan4,subset_middle,0,24,14,0.006701,11.2353,4.5195,0.999635,0.0,0.0,689.1661,0.069038,0.006627,0.5267,2296.09
scan4_subset_middle,scan4,subset_middle,1,0,14,0.010358,25.6112,6.7137,0.986838,0.0219,0.6432,699.8431,0.07213,0.003797,0.5267,2296.09
scan4_subset_middle,scan4,subset_middle,2,1,14,0.008535,22.8545,5.6153,0.989121,0.0199,1.3113,700.71,0.071945,0.003509,0.5267,2296.09
scan4_subset_middle,scan4,subset_middle,3,2,14,0.00752,18.9795,4.9817,0.991763,0.0215,1.1886,696.3551,0.071781,0.002898,0.5267,2296.09
scan4_subset_middle,scan4,subset_middle,4,3,14,0.007566,19.9798,5.1285,0.991478,0.0248,0.8918,698.3134,0.071862,0.002702,0.5267,2296.09
scan4_subset_middle,scan4,subset_middle,5,4,14,0.006648,18.4949,4.4767,0.993348,0.0259,0.4481,689.3729,0.072056,0.001768,0.5267,2296.09
scan4_subset_middle,scan4,subset_middle,0,24,16,0.006279,11.1937,4.2179,0.999605,0.0,0.0,689.1714,0.064566,0.00465,0.5549,2329.68
scan4_subset_middle,scan4,subset_middle,1,0,16,0.010012,25.6123,6.4953,0.986776,0.0183,0.495,699.8477,0.066986,0.002835,0.5549,2329.68
scan4_subset_middle,scan4,subset_middle,2,1,16,0.008322,22.8389,5.4744,0.989176,0.0171,1.0714,700.7153,0.066882,0.002032,0.5549,2329.68
scan4_subset_middle,scan4,subset_middle,3,2,16,0.007397,18.9977,4.8992,0.991735,0.0184,0.8055,696.3609,0.066614,0.001984,0.5549,2329.68
scan4_subset_middle,scan4,subset_middle,4,3,16,0.007353,19.9993,4.9818,0.991436,0.0218,0.6036,698.319,0.066664,0.002252,0.5549,2329.68
scan4_subset_middle,scan4,subset_middle,5,4,16,0.006704,18.508,4.521,0.993284,0.0231,0.2579,689.3786,0.066762,0.001834,0.5549,2329.68
scan4_subset_uniform,scan4,subset_uniform,0,0,8,0.010243,26.3349,6.654,0.986478,0.0,0.0,699.7916,0.098864,0.0,0.4145,2189.14
scan4_subset_uniform,scan4,subset_uniform,1,8,8,0.008252,19.818,5.5844,0.992327,0.0195,4.8204,696.3953,0.104443,0.0,0.4145,2189.14
scan4_subset_uniform,scan4,subset_uniform,2,16,8,0.006311,14.3575,4.3103,0.996842,0.0213,1.227,693.9495,0.106266,0.0,0.4145,2189.14
scan4_subset_uniform,scan4,subset_uniform,3,24,8,0.007422,12.5205,5.1237,0.999141,0.0203,2.7731,689.0999,0.107693,0.0,0.4145,2189.14
scan4_subset_uniform,scan4,subset_uniform,4,32,8,0.008688,12.5447,5.8484,0.99934,0.0247,2.1801,683.0812,0.108184,0.0,0.4145,2189.14
scan4_subset_uniform,scan4,subset_uniform,5,40,8,0.008493,10.5416,5.5266,0.999559,0.0255,1.4044,674.1301,0.111472,0.0,0.4145,2189.14
scan4_subset_uniform,scan4,subset_uniform,0,0,10,0.010339,26.3687,6.7316,0.986556,0.0,0.0,699.8115,0.083273,0.013273,0.4864,2222.4
scan4_subset_uniform,scan4,subset_uniform,1,8,10,0.007513,19.4296,5.051,0.992422,0.0172,2.7207,696.419,0.08709,0.002018,0.4864,2222.4
scan4_subset_uniform,scan4,subset_uniform,2,16,10,0.005749,14.2777,3.9209,0.996858,0.0196,0.868,693.9691,0.089292,0.009021,0.4864,2222.4
scan4_subset_uniform,scan4,subset_uniform,3,24,10,0.006551,11.8663,4.4736,0.999407,0.0168,1.5393,689.1198,0.089583,0.01909,0.4864,2222.4
scan4_subset_uniform,scan4,subset_uniform,4,32,10,0.007895,11.9401,5.2925,0.999424,0.0208,1.3107,683.101,0.089871,0.020407,0.4864,2222.4
scan4_subset_uniform,scan4,subset_uniform,5,40,10,0.007091,9.7215,4.6418,0.999559,0.0141,0.7697,674.15,0.092626,0.015923,0.4864,2222.4
scan4_subset_uniform,scan4,subset_uniform,0,0,12,0.010362,26.3278,6.7547,0.986642,0.0,0.0,699.8245,0.073366,0.008406,0.4914,2260.17
scan4_subset_uniform,scan4,subset_uniform,1,8,12,0.007194,19.3016,4.8287,0.992459,0.0174,1.739,696.4329,0.075269,0.001823,0.4914,2260.17
scan4_subset_uniform,scan4,subset_uniform,2,16,12,0.005586,14.2863,3.8068,0.996826,0.0202,0.8089,693.9825,0.076738,0.008031,0.4914,2260.17
scan4_subset_uniform,scan4,subset_uniform,3,24,12,0.006097,11.6068,4.1373,0.999407,0.0172,1.1023,689.1316,0.077253,0.010446,0.4914,2260.17
scan4_subset_uniform,scan4,subset_uniform,4,32,12,0.007353,11.5686,4.9032,0.999484,0.0191,0.8349,683.113,0.07778,0.010409,0.4914,2260.17
scan4_subset_uniform,scan4,subset_uniform,5,40,12,0.006341,9.2705,4.1459,0.999601,0.0134,0.7486,674.1608,0.079046,0.012735,0.4914,2260.17
scan4_subset_uniform,scan4,subset_uniform,0,0,14,0.010405,26.3079,6.7912,0.986713,0.0,0.0,699.8289,0.068421,0.002717,0.5318,2295.29
scan4_subset_uniform,scan4,subset_uniform,1,8,14,0.007007,19.2137,4.6974,0.992444,0.017,1.0743,696.4381,0.069532,0.001595,0.5318,2295.29
scan4_subset_uniform,scan4,subset_uniform,2,16,14,0.005579,14.359,3.8011,0.996826,0.0204,0.7746,693.9882,0.070672,0.004806,0.5318,2295.29
scan4_subset_uniform,scan4,subset_uniform,3,24,14,0.005849,11.4178,3.9537,0.999417,0.0172,0.8564,689.1365,0.071054,0.00777,0.5318,2295.29
scan4_subset_uniform,scan4,subset_uniform,4,32,14,0.007076,11.3746,4.7048,0.999508,0.0177,0.6489,683.1178,0.071615,0.014766,0.5318,2295.29
scan4_subset_uniform,scan4,subset_uniform,5,40,14,0.006098,9.1358,3.9829,0.999587,0.018,0.8356,674.1647,0.072124,0.010863,0.5318,2295.29
scan4_subset_uniform,scan4,subset_uniform,0,0,16,0.01056,26.3476,6.8952,0.986736,0.0,0.0,699.8328,0.064415,0.002389,0.5946,2331.41
scan4_subset_uniform,scan4,subset_uniform,1,8,16,0.007014,19.2514,4.7103,0.992459,0.0172,0.7166,696.4424,0.06498,0.001163,0.5946,2331.41
scan4_subset_uniform,scan4,subset_uniform,2,16,16,0.005664,14.4423,3.8632,0.996826,0.0211,0.7279,693.9925,0.066009,0.003378,0.5946,2331.41
scan4_subset_uniform,scan4,subset_uniform,3,24,16,0.005834,11.398,3.9515,0.999417,0.0179,0.7856,689.1409,0.066273,0.006738,0.5946,2331.41
scan4_subset_uniform,scan4,subset_uniform,4,32,16,0.007096,11.4209,4.7196,0.999532,0.018,0.6429,683.122,0.06684,0.007867,0.5946,2331.41
scan4_subset_uniform,scan4,subset_uniform,5,40,16,0.006051,9.1299,3.9513,0.999614,0.023,0.8985,674.168,0.066963,0.00896,0.5946,2331.41
scan9_subset_middle,scan9,subset_middle,0,24,8,0.014346,14.0462,9.3735,0.99993,0.0,0.0,653.9329,0.108369,0.0,0.414,2191.09
scan9_subset_middle,scan9,subset_middle,1,0,8,0.01739,17.3625,11.216,0.99997,0.0403,1.7882,633.2913,0.115332,0.0,0.414,2191.09
scan9_subset_middle,scan9,subset_middle,2,1,8,0.016968,18.1391,11.2499,0.999847,0.0406,1.3567,643.6648,0.11321,0.0,0.414,2191.09
scan9_subset_middle,scan9,subset_middle,3,2,8,0.015834,16.3092,10.5042,0.999813,0.0368,0.6549,639.7757,0.114208,0.0,0.414,2191.09
scan9_subset_middle,scan9,subset_middle,4,3,8,0.016784,18.0207,11.0632,1.0,0.0283,1.3091,639.6115,0.112824,0.0,0.414,2191.09
scan9_subset_middle,scan9,subset_middle,5,4,8,0.018402,21.6308,11.7417,0.998324,0.0287,1.4721,623.8124,0.120208,0.0,0.414,2191.09
scan9_subset_middle,scan9,subset_middle,0,24,10,0.010067,11.2951,6.5782,0.999874,0.0,0.0,653.9185,0.089807,0.024692,0.4548,2224.33
scan9_subset_middle,scan9,subset_middle,1,0,10,0.010935,12.416,6.9949,0.99999,0.0307,1.4436,633.2795,0.095309,0.011281,0.4548,2224.33
scan9_subset_middle,scan9,subset_middle,2,1,10,0.010909,13.3004,7.1488,0.999907,0.0323,1.0209,643.6521,0.093962,0.011459,0.4548,2224.33
scan9_subset_middle,scan9,subset_middle,3,2,10,0.010149,11.6173,6.662,0.999857,0.0274,0.8299,639.7614,0.094034,0.012532,0.4548,2224.33
scan9_subset_middle,scan9,subset_middle,4,3,10,0.010378,11.7475,6.7175,1.0,0.0222,1.0281,639.5983,0.094865,0.011145,0.4548,2224.33
scan9_subset_middle,scan9,subset_middle,5,4,10,0.011773,15.4573,7.4347,0.998494,0.0204,1.2438,623.7972,0.098202,0.011997,0.4548,2224.33
scan9_subset_middle,scan9,subset_middle,0,24,12,0.007633,9.9266,4.989,0.999846,0.0,0.0,653.9218,0.077375,0.015504,0.5201,2261.54
scan9_subset_middle,scan9,subset_middle,1,0,12,0.008797,10.9537,5.5809,0.99999,0.0238,1.0596,633.2827,0.081561,0.007909,0.5201,2261.54
scan9_subset_middle,scan9,subset_middle,2,1,12,0.008632,11.6838,5.5918,0.999932,0.0248,0.4854,643.6548,0.081315,0.007644,0.5201,2261.54
scan9_subset_middle,scan9,subset_middle,3,2,12,0.007885,10.0741,5.1227,0.999884,0.02,0.5436,639.7631,0.08099,0.005117,0.5201,2261.54
scan9_subset_middle,scan9,subset_middle,4,3,12,0.008083,9.8413,5.1552,1.0,0.0154,0.8918,639.6003,0.081926,0.005387,0.5201,2261.54
scan9_subset_middle,scan9,subset_middle,5,4,12,0.009691,13.5652,6.0542,0.99852,0.0123,0.9224,623.7988,0.083333,0.006711,0.5201,2261.54
scan9_subset_middle,scan9,subset_middle,0,24,14,0.006777,9.5972,4.4258,0.999825,0.0,0.0,653.9258,0.070575,0.007692,0.5386,2298.77
scan9_subset_middle,scan9,subset_middle,1,0,14,0.008589,10.7421,5.4341,1.0,0.0202,0.8823,633.2855,0.073751,0.004976,0.5386,2298.77
scan9_subset_middle,scan9,subset_middle,2,1,14,0.008097,11.2545,5.2218,0.999949,0.02,0.1282,643.6589,0.073946,0.006878,0.5386,2298.77
scan9_subset_middle,scan9,subset_middle,3,2,14,0.007195,9.6237,4.6394,0.999893,0.0162,0.4467,639.7668,0.073788,0.003873,0.5386,2298.77
scan9_subset_middle,scan9,subset_middle,4,3,14,0.007442,9.287,4.7131,1.0,0.0114,0.7223,639.6036,0.074077,0.003541,0.5386,2298.77
scan9_subset_middle,scan9,subset_middle,5,4,14,0.009139,13.0339,5.6671,0.998559,0.0087,0.7028,623.8014,0.074862,0.004623,0.5386,2298.77
scan9_subset_middle,scan9,subset_middle,0,24,16,0.006438,9.5359,4.2005,0.999818,0.0,0.0,653.9321,0.065444,0.008483,0.5772,2336.07
scan9_subset_middle,scan9,subset_middle,1,0,16,0.008517,10.5056,5.3818,1.0,0.0158,0.6004,633.2906,0.068049,0.006159,0.5772,2336.07
scan9_subset_middle,scan9,subset_middle,2,1,16,0.008017,11.0381,5.1552,0.999949,0.0155,0.2712,643.6646,0.068176,0.006522,0.5772,2336.07
scan9_subset_middle,scan9,subset_middle,3,2,16,0.007166,9.9067,4.6099,0.999902,0.0128,0.2654,639.7728,0.068086,0.005407,0.5772,2336.07
scan9_subset_middle,scan9,subset_middle,4,3,16,0.007297,9.0501,4.6071,1.0,0.0077,0.5378,639.6094,0.068177,0.004606,0.5772,2336.07
scan9_subset_middle,scan9,subset_middle,5,4,16,0.009042,12.825,5.5893,0.998586,0.0055,0.5308,623.8069,0.068476,0.004441,0.5772,2336.07
scan9_subset_uniform,scan9,subset_uniform,0,0,8,0.017109,16.1894,10.7194,1.0,0.0,0.0,633.3486,0.112571,0.0,0.4161,2188.76
scan9_subset_uniform,scan9,subset_uniform,1,8,8,0.013379,14.4973,8.7399,0.999412,0.009,1.6567,646.8348,0.116968,0.0,0.4161,2188.76
scan9_subset_uniform,scan9,subset_uniform,2,16,8,0.011657,11.5502,7.5303,0.999862,0.0166,2.6997,649.1233,0.124072,0.0,0.4161,2188.76
scan9_subset_uniform,scan9,subset_uniform,3,24,8,0.010447,11.7805,6.8078,0.999951,0.0261,2.8986,653.957,0.121793,0.0,0.4161,2188.76
scan9_subset_uniform,scan9,subset_uniform,4,32,8,0.008505,10.4934,5.457,1.0,0.0372,3.0811,649.0626,0.123181,0.0,0.4161,2188.76
scan9_subset_uniform,scan9,subset_uniform,5,40,8,0.0107,10.0168,6.4092,1.0,0.0173,2.7854,657.2401,0.135119,0.0,0.4161,2188.76
scan9_subset_uniform,scan9,subset_uniform,0,0,10,0.010774,11.9606,6.7171,1.0,0.0,0.0,633.3338,0.093899,0.011076,0.4574,2224.12
scan9_subset_uniform,scan9,subset_uniform,1,8,10,0.008629,11.5849,5.6242,0.999459,0.0105,1.0285,646.8223,0.095863,0.011205,0.4574,2224.12
scan9_subset_uniform,scan9,subset_uniform,2,16,10,0.007279,9.7514,4.7182,0.999625,0.0143,2.14,649.108,0.098279,0.014115,0.4574,2224.12
scan9_subset_uniform,scan9,subset_uniform,3,24,10,0.007731,10.4907,5.0481,0.99993,0.023,1.983,653.9438,0.097758,0.016431,0.4574,2224.12
scan9_subset_uniform,scan9,subset_uniform,4,32,10,0.007192,9.1671,4.6113,1.0,0.0315,2.4203,649.0477,0.100055,0.018202,0.4574,2224.12
scan9_subset_uniform,scan9,subset_uniform,5,40,10,0.005584,8.0516,3.416,1.0,0.013,2.6711,657.2227,0.10409,0.017838,0.4574,2224.12
scan9_subset_uniform,scan9,subset_uniform,0,0,12,0.009119,10.9409,5.689,1.0,0.0,0.0,633.3378,0.076582,0.005507,0.5022,2260.06
scan9_subset_uniform,scan9,subset_uniform,1,8,12,0.007096,10.6509,4.5904,0.999498,0.0086,0.5482,646.8263,0.079396,0.008602,0.5022,2260.06
scan9_subset_uniform,scan9,subset_uniform,2,16,12,0.00625,9.5182,4.0288,0.999568,0.012,1.57,649.1119,0.081145,0.011892,0.5022,2260.06
scan9_subset_uniform,scan9,subset_uniform,3,24,12,0.00655,9.8536,4.2716,0.999902,0.0177,1.3213,653.9484,0.081149,0.016126,0.5022,2260.06
scan9_subset_uniform,scan9,subset_uniform,4,32,12,0.006322,8.4398,4.0526,1.0,0.0236,1.8079,649.0502,0.082936,0.014616,0.5022,2260.06
scan9_subset_uniform,scan9,subset_uniform,5,40,12,0.005492,8.02,3.3535,1.0,0.0164,1.9778,657.2231,0.08489,0.022679,0.5022,2260.06
scan9_subset_uniform,scan9,subset_uniform,0,0,14,0.008653,10.6493,5.4028,1.0,0.0,0.0,633.3433,0.069058,0.00506,0.5253,2296.98
scan9_subset_uniform,scan9,subset_uniform,1,8,14,0.006794,10.4264,4.3857,0.999561,0.0088,0.1342,646.8321,0.071527,0.008936,0.5253,2296.98
scan9_subset_uniform,scan9,subset_uniform,2,16,14,0.006193,9.8886,3.9846,0.999536,0.0124,1.0327,649.1171,0.072779,0.012525,0.5253,2296.98
scan9_subset_uniform,scan9,subset_uniform,3,24,14,0.006201,9.7976,4.0452,0.99986,0.0121,0.8493,653.9543,0.072892,0.010793,0.5253,2296.98
scan9_subset_uniform,scan9,subset_uniform,4,32,14,0.006016,8.3417,3.86,1.0,0.0167,1.2241,649.0554,0.074227,0.013598,0.5253,2296.98
scan9_subset_uniform,scan9,subset_uniform,5,40,14,0.00543,8.0896,3.3276,1.0,0.0157,1.494,657.2267,0.075546,0.018068,0.5253,2296.98
scan9_subset_uniform,scan9,subset_uniform,0,0,16,0.008687,10.7416,5.4266,1.0,0.0,0.0,633.3494,0.064018,0.004964,0.5729,2334.49
scan9_subset_uniform,scan9,subset_uniform,1,8,16,0.006973,10.3591,4.4981,0.999631,0.0086,0.5389,646.8385,0.065803,0.009711,0.5729,2334.49
scan9_subset_uniform,scan9,subset_uniform,2,16,16,0.006491,10.0478,4.168,0.999544,0.0134,0.5696,649.1237,0.066682,0.015706,0.5729,2334.49
scan9_subset_uniform,scan9,subset_uniform,3,24,16,0.006245,10.1794,4.0747,0.999846,0.011,0.4918,653.9603,0.066739,0.011783,0.5729,2334.49
scan9_subset_uniform,scan9,subset_uniform,4,32,16,0.005939,8.3834,3.8147,1.0,0.0138,0.773,649.0615,0.067791,0.013822,0.5729,2334.49
scan9_subset_uniform,scan9,subset_uniform,5,40,16,0.005553,7.8897,3.4186,1.0,0.0179,1.143,657.2301,0.06858,0.022427,0.5729,2334.49
scan10_subset_middle,scan10,subset_middle,0,24,8,0.007804,7.2753,5.6063,1.0,0.0,0.0,655.6353,0.132567,0.0,0.4293,2189.05
scan10_subset_middle,scan10,subset_middle,1,0,8,0.009789,14.8433,6.3933,0.997198,0.0436,0.9421,627.3021,0.169577,0.0,0.4293,2189.05
scan10_subset_middle,scan10,subset_middle,2,1,8,0.010991,12.1549,7.486,1.0,0.0222,2.4026,630.7448,0.154076,0.0,0.4293,2189.05
scan10_subset_middle,scan10,subset_middle,3,2,8,0.008264,8.8868,5.6351,1.0,0.0326,0.3196,635.3393,0.149694,0.0,0.4293,2189.05
scan10_subset_middle,scan10,subset_middle,4,3,8,0.010784,11.9984,6.9833,0.999222,0.0231,2.6126,644.5283,0.167979,0.0,0.4293,2189.05
scan10_subset_middle,scan10,subset_middle,5,4,8,0.007566,7.9843,4.817,1.0,0.0179,1.4991,640.1186,0.166856,0.0,0.4293,2189.05
scan10_subset_middle,scan10,subset_middle,0,24,10,0.004997,5.1086,3.6099,1.0,0.0,0.0,655.5875,0.102546,0.036324,0.4612,2227.58
scan10_subset_middle,scan10,subset_middle,1,0,10,0.007037,11.1141,4.5588,0.998149,0.0161,1.1772,627.2511,0.119021,0.033194,0.4612,2227.58
scan10_subset_middle,scan10,subset_middle,2,1,10,0.005532,5.9158,3.7599,1.0,0.0114,0.8367,630.6907,0.114314,0.04457,0.4612,2227.58
scan10_subset_middle,scan10,subset_middle,3,2,10,0.006344,6.0314,4.262,1.0,0.0043,0.3461,635.2939,0.113718,0.03104,0.4612,2227.58
scan10_subset_middle,scan10,subset_middle,4,3,10,0.006443,7.4392,4.1268,0.999345,0.0069,0.3115,644.4771,0.123204,0.057922,0.4612,2227.58
scan10_subset_middle,scan10,subset_middle,5,4,10,0.005304,4.7892,3.3459,1.0,0.0112,0.7441,640.0726,0.121184,0.039153,0.4612,2227.58
scan10_subset_middle,scan10,subset_middle,0,24,12,0.004149,4.3092,2.9825,1.0,0.0,0.0,655.5588,0.084831,0.021867,0.4877,2259.47
scan10_subset_middle,scan10,subset_middle,1,0,12,0.004932,7.6572,3.1779,0.999718,0.0085,0.5875,627.2247,0.092817,0.01165,0.4877,2259.47
scan10_subset_middle,scan10,subset_middle,2,1,12,0.004678,4.6265,3.146,1.0,0.0117,0.8407,630.6625,0.089754,0.015257,0.4877,2259.47
scan10_subset_middle,scan10,subset_middle,3,2,12,0.005359,5.1368,3.581,1.0,0.0074,0.286,635.2661,0.0905,0.015437,0.4877,2259.47
scan10_subset_middle,scan10,subset_middle,4,3,12,0.005603,6.682,3.5796,0.999395,0.0066,0.4454,644.4509,0.093539,0.016623,0.4877,2259.47
scan10_subset_middle,scan10,subset_middle,5,4,12,0.004548,3.8773,2.8488,1.0,0.0099,0.1897,640.047,0.093783,0.021501,0.4877,2259.47
scan10_subset_middle,scan10,subset_middle,0,24,14,0.003852,3.9519,2.7636,1.0,0.0,0.0,655.537,0.074974,0.016344,0.5444,2293.71
scan10_subset_middle,scan10,subset_middle,1,0,14,0.004202,6.6403,2.7011,0.999718,0.0121,0.5486,627.2049,0.079316,0.013387,0.5444,2293.71
scan10_subset_middle,scan10,subset_middle,2,1,14,0.004464,4.4077,2.998,1.0,0.0133,0.6647,630.6395,0.078428,0.013365,0.5444,2293.71
scan10_subset_middle,scan10,subset_middle,3,2,14,0.004951,4.9853,3.3178,1.0,0.0106,0.3449,635.2436,0.078498,0.013416,0.5444,2293.71
scan10_subset_middle,scan10,subset_middle,4,3,14,0.004288,6.0444,2.737,0.999419,0.0088,0.3912,644.4285,0.079848,0.010937,0.5444,2293.71
scan10_subset_middle,scan10,subset_middle,5,4,14,0.003707,3.3399,2.3214,1.0,0.0102,0.1065,640.024,0.079737,0.01581,0.5444,2293.71
scan10_subset_middle,scan10,subset_middle,0,24,16,0.00384,3.9152,2.757,1.0,0.0,0.0,655.5244,0.069776,0.009697,0.5711,2330.01
scan10_subset_middle,scan10,subset_middle,1,0,16,0.004205,5.8534,2.6977,0.999937,0.0125,0.7285,627.1932,0.071937,0.007502,0.5711,2330.01
scan10_subset_middle,scan10,subset_middle,2,1,16,0.004531,4.476,3.0399,1.0,0.0144,0.8266,630.6276,0.071962,0.007774,0.5711,2330.01
scan10_subset_middle,scan10,subset_middle,3,2,16,0.004849,5.0218,3.2584,1.0,0.0124,0.6107,635.2318,0.072162,0.006942,0.5711,2330.01
scan10_subset_middle,scan10,subset_middle,4,3,16,0.003983,5.8313,2.5457,0.999531,0.0095,0.3566,644.4172,0.072307,0.007301,0.5711,2330.01
scan10_subset_middle,scan10,subset_middle,5,4,16,0.003276,3.0627,2.0549,1.0,0.01,0.3077,640.0117,0.072093,0.010874,0.5711,2330.01
scan10_subset_uniform,scan10,subset_uniform,0,0,8,0.005417,6.8497,3.5091,0.999676,0.0,0.0,627.3536,0.128905,0.0,0.4236,2189.24
scan10_subset_uniform,scan10,subset_uniform,1,8,8,0.007407,6.8376,5.0891,1.0,0.0361,0.3856,642.1854,0.137883,0.0,0.4236,2189.24
scan10_subset_uniform,scan10,subset_uniform,2,16,8,0.008487,7.8226,5.8577,1.0,0.0341,1.3296,655.1971,0.15814,0.0,0.4236,2189.24
scan10_subset_uniform,scan10,subset_uniform,3,24,8,0.005988,5.7274,4.1979,1.0,0.04,1.9819,655.6378,0.139202,0.0,0.4236,2189.24
scan10_subset_uniform,scan10,subset_uniform,4,32,8,0.006187,5.7016,4.2838,1.0,0.0472,2.2439,659.7372,0.144871,0.0,0.4236,2189.24
scan10_subset_uniform,scan10,subset_uniform,5,40,8,0.009757,9.0057,6.2423,1.0,0.055,1.5927,681.3187,0.172053,0.0,0.4236,2189.24
scan10_subset_uniform,scan10,subset_uniform,0,0,10,0.003472,3.6152,2.2269,1.0,0.0,0.0,627.2907,0.104675,0.040889,0.4611,2222.27
scan10_subset_uniform,scan10,subset_uniform,1,8,10,0.003253,2.9225,2.2045,1.0,0.0086,2.1492,642.1234,0.111211,0.032428,0.4611,2222.27
scan10_subset_uniform,scan10,subset_uniform,2,16,10,0.003794,3.6715,2.6342,1.0,0.0064,1.391,655.1375,0.121282,0.02974,0.4611,2222.27
scan10_subset_uniform,scan10,subset_uniform,3,24,10,0.003426,3.5079,2.4433,1.0,0.0046,1.5902,655.5765,0.115345,0.025156,0.4611,2222.27
scan10_subset_uniform,scan10,subset_uniform,4,32,10,0.003605,3.6081,2.5198,1.0,0.0196,0.7078,659.6769,0.118271,0.027188,0.4611,2222.27
scan10_subset_uniform,scan10,subset_uniform,5,40,10,0.006961,9.1981,4.6814,1.0,0.0147,0.6567,681.2587,0.129814,0.023247,0.4611,2222.27
scan10_subset_uniform,scan10,subset_uniform,0,0,12,0.003586,3.4138,2.3039,1.0,0.0,0.0,627.2746,0.084106,0.009027,0.5104,2259.1
scan10_subset_uniform,scan10,subset_uniform,1,8,12,0.003294,2.9004,2.2236,1.0,0.0049,1.8883,642.1073,0.089092,0.012396,0.5104,2259.1
scan10_subset_uniform,scan10,subset_uniform,2,16,12,0.003561,3.4503,2.468,1.0,0.0046,0.9704,655.1232,0.093348,0.015649,0.5104,2259.1
scan10_subset_uniform,scan10,subset_uniform,3,24,12,0.00336,3.3925,2.3891,1.0,0.0073,1.7652,655.5618,0.09065,0.010756,0.5104,2259.1
scan10_subset_uniform,scan10,subset_uniform,4,32,12,0.003592,3.6652,2.5206,1.0,0.015,0.9147,659.6631,0.092066,0.010627,0.5104,2259.1
scan10_subset_uniform,scan10,subset_uniform,5,40,12,0.006375,8.9191,4.2894,1.0,0.0092,0.6749,681.2402,0.096732,0.027482,0.5104,2259.1
scan10_subset_uniform,scan10,subset_uniform,0,0,14,0.003393,3.4744,2.1848,1.0,0.0,0.0,627.2616,0.073841,0.011034,0.5269,2297.17
scan10_subset_uniform,scan10,subset_uniform,1,8,14,0.003286,2.8735,2.2135,1.0,0.0053,1.6994,642.0939,0.076998,0.011872,0.5269,2297.17
scan10_subset_uniform,scan10,subset_uniform,2,16,14,0.003435,3.2989,2.3735,1.0,0.0051,0.8931,655.1096,0.079157,0.013429,0.5269,2297.17
scan10_subset_uniform,scan10,subset_uniform,3,24,14,0.003257,3.2379,2.3107,1.0,0.0057,1.586,655.5488,0.078603,0.012646,0.5269,2297.17
scan10_subset_uniform,scan10,subset_uniform,4,32,14,0.003573,3.694,2.5098,1.0,0.0104,0.6824,659.6497,0.079322,0.011891,0.5269,2297.17
scan10_subset_uniform,scan10,subset_uniform,5,40,14,0.005996,8.3814,3.9926,1.0,0.0081,0.4247,681.2276,0.079953,0.015173,0.5269,2297.17
scan10_subset_uniform,scan10,subset_uniform,0,0,16,0.003096,3.2247,1.9931,1.0,0.0,0.0,627.2552,0.066223,0.005226,0.5721,2331.44
scan10_subset_uniform,scan10,subset_uniform,1,8,16,0.00318,2.8066,2.1496,1.0,0.0055,1.4958,642.0869,0.069833,0.007686,0.5721,2331.44
scan10_subset_uniform,scan10,subset_uniform,2,16,16,0.003265,3.1438,2.2567,1.0,0.0053,0.8242,655.1019,0.071087,0.007771,0.5721,2331.44
scan10_subset_uniform,scan10,subset_uniform,3,24,16,0.003221,3.1541,2.2805,1.0,0.0054,1.4622,655.5411,0.071153,0.007652,0.5721,2331.44
scan10_subset_uniform,scan10,subset_uniform,4,32,16,0.003641,3.7111,2.5595,1.0,0.0097,0.6343,659.642,0.071522,0.00657,0.5721,2331.44
scan10_subset_uniform,scan10,subset_uniform,5,40,16,0.005856,8.3899,3.9031,1.0,0.006,0.4011,681.2198,0.071937,0.012453,0.5721,2331.44
scan11_subset_middle,scan11,subset_middle,0,24,8,0.008832,12.4759,5.7812,1.0,0.0,0.0,649.9988,0.113079,0.0,0.399,2187.01
scan11_subset_middle,scan11,subset_middle,1,0,8,0.010752,12.5428,6.8061,1.0,0.0312,0.3836,624.3203,0.124987,0.0,0.399,2187.01
scan11_subset_middle,scan11,subset_middle,2,1,8,0.00909,11.133,5.8264,0.999992,0.0322,1.203,630.01,0.121257,0.0,0.399,2187.01
scan11_subset_middle,scan11,subset_middle,3,2,8,0.008605,11.1322,5.4454,1.0,0.023,1.0803,633.123,0.121772,0.0,0.399,2187.01
scan11_subset_middle,scan11,subset_middle,4,3,8,0.00883,11.5464,5.459,1.0,0.0204,0.7883,631.5806,0.12768,0.0,0.399,2187.01
scan11_subset_middle,scan11,subset_middle,5,4,8,0.008716,13.4813,5.283,0.998825,0.023,1.2061,620.788,0.139701,0.0,0.399,2187.01
scan11_subset_middle,scan11,subset_middle,0,24,10,0.006556,11.8488,4.338,0.999992,0.0005,0.0,649.9899,0.086579,0.007032,0.4674,2224.17
scan11_subset_middle,scan11,subset_middle,1,0,10,0.008422,11.3178,5.3401,1.0,0.0185,0.1887,624.3098,0.094684,0.007822,0.4674,2224.17
scan11_subset_middle,scan11,subset_middle,2,1,10,0.007353,10.4538,4.7101,0.999992,0.0202,0.8763,630.0005,0.093102,0.008788,0.4674,2224.17
scan11_subset_middle,scan11,subset_middle,3,2,10,0.007608,10.6629,4.8059,1.0,0.0116,0.9132,633.1128,0.094066,0.007923,0.4674,2224.17
scan11_subset_middle,scan11,subset_middle,4,3,10,0.007595,11.0537,4.6945,1.0,0.0073,0.6775,631.5715,0.097352,0.006002,0.4674,2224.17
scan11_subset_middle,scan11,subset_middle,5,4,10,0.007558,13.5502,4.5934,0.998588,0.0012,0.1153,620.7781,0.107771,0.004039,0.4674,2224.17
scan11_subset_middle,scan11,subset_middle,0,24,12,0.006047,11.6525,3.9984,0.999992,0.0,0.0,649.9857,0.075446,0.003906,0.5178,2264.07
scan11_subset_middle,scan11,subset_middle,1,0,12,0.007769,10.9951,4.9364,1.0,0.015,0.3517,624.3063,0.081021,0.002673,0.5178,2264.07
scan11_subset_middle,scan11,subset_middle,2,1,12,0.006776,10.2073,4.3464,1.0,0.0171,0.8212,629.9969,0.080376,0.002774,0.5178,2264.07
scan11_subset_middle,scan11,subset_middle,3,2,12,0.007218,10.4891,4.5668,1.0,0.0094,0.8442,633.1087,0.0807,0.00222,0.5178,2264.07
scan11_subset_middle,scan11,subset_middle,4,3,12,0.007365,10.9124,4.552,1.0,0.0055,0.629,631.5683,0.082435,0.003074,0.5178,2264.07
scan11_subset_middle,scan11,subset_middle,5,4,12,0.007276,13.4039,4.4218,0.998655,0.0047,0.0791,620.7744,0.085772,0.002886,0.5178,2264.07
scan11_subset_middle,scan11,subset_middle,0,24,14,0.005804,11.5302,3.8323,0.999992,0.0,0.0,649.9819,0.069659,0.003661,0.5515,2297.48
scan11_subset_middle,scan11,subset_middle,1,0,14,0.007471,10.8683,4.7461,1.0,0.012,0.5143,624.3021,0.073932,0.002013,0.5515,2297.48
scan11_subset_middle,scan11,subset_middle,2,1,14,0.006654,10.2071,4.2695,1.0,0.0146,0.6268,629.9932,0.073852,0.004742,0.5515,2297.48
scan11_subset_middle,scan11,subset_middle,3,2,14,0.007191,10.4585,4.5521,1.0,0.0085,0.7515,633.1052,0.073638,0.004062,0.5515,2297.48
scan11_subset_middle,scan11,subset_middle,4,3,14,0.007358,10.8185,4.549,1.0,0.0058,0.6673,631.5645,0.075027,0.002553,0.5515,2297.48
scan11_subset_middle,scan11,subset_middle,5,4,14,0.00732,13.3269,4.4539,0.998749,0.0075,0.0626,620.7709,0.076746,0.003838,0.5515,2297.48
scan11_subset_middle,scan11,subset_middle,0,24,16,0.005808,11.4827,3.8321,0.999992,0.0,0.0,649.9813,0.065372,0.002235,0.5783,2331.25
scan11_subset_middle,scan11,subset_middle,1,0,16,0.007516,10.8888,4.7771,1.0,0.0114,0.5082,624.3011,0.068535,0.001513,0.5783,2331.25
scan11_subset_middle,scan11,subset_middle,2,1,16,0.00677,10.2868,4.345,1.0,0.0139,0.4528,629.9922,0.068611,0.002978,0.5783,2331.25
scan11_subset_middle,scan11,subset_middle,3,2,16,0.007201,10.4748,4.5623,1.0,0.0083,0.6221,633.1042,0.068386,0.002002,0.5783,2331.25
scan11_subset_middle,scan11,subset_middle,4,3,16,0.007467,10.8092,4.6166,1.0,0.0054,0.5948,631.564,0.069382,0.001748,0.5783,2331.25
scan11_subset_middle,scan11,subset_middle,5,4,16,0.007516,13.3377,4.5761,0.998806,0.0069,0.0816,620.7703,0.070235,0.002152,0.5783,2331.25
scan11_subset_uniform,scan11,subset_uniform,0,0,8,0.006934,11.4202,4.402,1.0,0.0,0.0,624.3672,0.102832,0.0,0.4086,2188.67
scan11_subset_uniform,scan11,subset_uniform,1,8,8,0.006387,10.2299,4.0925,1.0,0.0105,1.1901,639.9656,0.109547,0.0,0.4086,2188.67
scan11_subset_uniform,scan11,subset_uniform,2,16,8,0.005995,10.8113,3.8721,1.0,0.0091,1.0462,643.0712,0.112815,0.0,0.4086,2188.67
scan11_subset_uniform,scan11,subset_uniform,3,24,8,0.005592,11.8151,3.7242,0.999975,0.0158,0.8992,649.9671,0.112409,0.0,0.4086,2188.67
scan11_subset_uniform,scan11,subset_uniform,4,32,8,0.004997,6.7614,3.1637,1.0,0.0173,0.984,654.1191,0.114548,0.0,0.4086,2188.67
scan11_subset_uniform,scan11,subset_uniform,5,40,8,0.007052,11.9947,4.3062,0.999457,0.0104,0.6052,661.8424,0.11986,0.0,0.4086,2188.67
scan11_subset_uniform,scan11,subset_uniform,0,0,10,0.006817,11.1076,4.3291,1.0,0.0,0.0,624.3569,0.084041,0.006468,0.4878,2223.77
scan11_subset_uniform,scan11,subset_uniform,1,8,10,0.00605,10.0137,3.8873,1.0,0.0047,0.9776,639.9568,0.089161,0.006178,0.4878,2223.77
scan11_subset_uniform,scan11,subset_uniform,2,16,10,0.006056,10.6801,3.899,1.0,0.0046,1.0684,643.0627,0.090264,0.004924,0.4878,2223.77
scan11_subset_uniform,scan11,subset_uniform,3,24,10,0.005195,11.639,3.4735,0.999992,0.009,0.5539,649.9587,0.091499,0.008099,0.4878,2223.77
scan11_subset_uniform,scan11,subset_uniform,4,32,10,0.004887,6.6204,3.0904,1.0,0.0172,0.7187,654.11,0.092394,0.009076,0.4878,2223.77
scan11_subset_uniform,scan11,subset_uniform,5,40,10,0.006815,12.0509,4.1756,0.999082,0.0124,0.5162,661.8335,0.093735,0.014952,0.4878,2223.77
scan11_subset_uniform,scan11,subset_uniform,0,0,12,0.006626,11.0329,4.2072,1.0,0.0,0.0,624.3547,0.07397,0.002436,0.5087,2258.54
scan11_subset_uniform,scan11,subset_uniform,1,8,12,0.005839,9.9669,3.7561,1.0,0.0044,0.9485,639.9551,0.07691,0.001988,0.5087,2258.54
scan11_subset_uniform,scan11,subset_uniform,2,16,12,0.00588,10.6963,3.7922,1.0,0.0045,1.0296,643.0607,0.077611,0.004124,0.5087,2258.54
scan11_subset_uniform,scan11,subset_uniform,3,24,12,0.005056,11.6177,3.3873,0.999992,0.0061,0.5981,649.9565,0.078241,0.005896,0.5087,2258.54
scan11_subset_uniform,scan11,subset_uniform,4,32,12,0.004619,6.4918,2.9255,1.0,0.0138,0.7735,654.1066,0.079771,0.008428,0.5087,2258.54
scan11_subset_uniform,scan11,subset_uniform,5,40,12,0.006234,11.9089,3.8327,0.999057,0.0074,0.6367,661.8308,0.079743,0.015116,0.5087,2258.54
scan11_subset_uniform,scan11,subset_uniform,0,0,14,0.006548,10.9581,4.1573,1.0,0.0,0.0,624.3503,0.068482,0.003123,0.5436,2295.67
scan11_subset_uniform,scan11,subset_uniform,1,8,14,0.005813,9.9685,3.7412,1.0,0.0047,0.9952,639.9516,0.070598,0.002707,0.5436,2295.67
scan11_subset_uniform,scan11,subset_uniform,2,16,14,0.005837,10.7014,3.7654,1.0,0.0033,1.0387,643.0565,0.07134,0.002959,0.5436,2295.67
scan11_subset_uniform,scan11,subset_uniform,3,24,14,0.00499,11.5498,3.3439,1.0,0.0035,0.6234,649.9525,0.071273,0.00428,0.5436,2295.67
scan11_subset_uniform,scan11,subset_uniform,4,32,14,0.004384,6.4176,2.7765,1.0,0.012,0.7723,654.1023,0.07285,0.005838,0.5436,2295.67
scan11_subset_uniform,scan11,subset_uniform,5,40,14,0.005927,11.8252,3.6586,0.99916,0.0084,0.7141,661.8248,0.072516,0.012467,0.5436,2295.67
scan11_subset_uniform,scan11,subset_uniform,0,0,16,0.006597,10.9378,4.189,1.0,0.0,0.0,624.3466,0.064643,0.002345,0.5888,2335.17
scan11_subset_uniform,scan11,subset_uniform,1,8,16,0.005872,9.9574,3.7812,1.0,0.0046,1.0251,639.9483,0.066232,0.001466,0.5888,2335.17
scan11_subset_uniform,scan11,subset_uniform,2,16,16,0.005879,10.6925,3.7931,1.0,0.0029,1.0918,643.0536,0.066809,0.002726,0.5888,2335.17
scan11_subset_uniform,scan11,subset_uniform,3,24,16,0.004999,11.4952,3.3449,1.0,0.0025,0.574,649.9496,0.066838,0.00348,0.5888,2335.17
scan11_subset_uniform,scan11,subset_uniform,4,32,16,0.004356,6.4629,2.7603,1.0,0.0116,0.6413,654.0992,0.068152,0.004921,0.5888,2335.17
scan11_subset_uniform,scan11,subset_uniform,5,40,16,0.005797,11.8208,3.5866,0.999147,0.008,0.7311,661.8217,0.067722,0.008699,0.5888,2335.17
scan12_subset_middle,scan12,subset_middle,0,24,8,0.01468,48.1639,12.0852,0.970997,0.0,0.0,664.8274,0.154979,0.0,0.4195,2187.26
scan12_subset_middle,scan12,subset_middle,1,0,8,0.006709,8.4297,4.3887,1.0,0.0349,3.0288,645.2142,0.163853,0.0,0.4195,2187.26
scan12_subset_middle,scan12,subset_middle,2,1,8,0.00644,6.9655,4.2158,1.0,0.0369,4.455,645.6593,0.162691,0.0,0.4195,2187.26
scan12_subset_middle,scan12,subset_middle,3,2,8,0.007676,7.6704,5.0288,1.0,0.0202,3.8997,648.2664,0.160361,0.0,0.4195,2187.26
scan12_subset_middle,scan12,subset_middle,4,3,8,0.006355,6.6817,4.1162,1.0,0.0224,0.9529,648.027,0.161325,0.0,0.4195,2187.26
scan12_subset_middle,scan12,subset_middle,5,4,8,0.006415,10.0806,4.0723,0.998583,0.0328,0.7094,639.7151,0.167785,0.0,0.4195,2187.26
scan12_subset_middle,scan12,subset_middle,0,24,10,0.013883,48.0927,11.5872,0.970997,0.0,0.0,664.8442,0.109049,0.024803,0.4897,2223.51
scan12_subset_middle,scan12,subset_middle,1,0,10,0.006152,6.6581,3.9914,1.0,0.0272,0.8398,645.2371,0.111797,0.010949,0.4897,2223.51
scan12_subset_middle,scan12,subset_middle,2,1,10,0.006227,5.946,4.0421,1.0,0.0311,2.5181,645.6781,0.110445,0.010625,0.4897,2223.51
scan12_subset_middle,scan12,subset_middle,3,2,10,0.006964,6.5576,4.547,1.0,0.0145,1.5311,648.2867,0.109458,0.011061,0.4897,2223.51
scan12_subset_middle,scan12,subset_middle,4,3,10,0.006531,6.1122,4.2095,1.0,0.0086,0.3065,648.0475,0.110708,0.00841,0.4897,2223.51
scan12_subset_middle,scan12,subset_middle,5,4,10,0.006415,8.4673,4.0684,0.999297,0.0161,0.8278,639.7411,0.114828,0.009403,0.4897,2223.51
scan12_subset_middle,scan12,subset_middle,0,24,12,0.01283,48.3568,10.9242,0.970997,0.0,0.0,664.8558,0.084582,0.013031,0.4907,2259.76
scan12_subset_middle,scan12,subset_middle,1,0,12,0.00526,5.9218,3.4173,1.0,0.0267,0.6564,645.2527,0.089354,0.007114,0.4907,2259.76
scan12_subset_middle,scan12,subset_middle,2,1,12,0.005631,5.4026,3.6529,1.0,0.0296,1.9951,645.6943,0.088321,0.007877,0.4907,2259.76
scan12_subset_middle,scan12,subset_middle,3,2,12,0.005992,5.9515,3.925,1.0,0.0163,1.0924,648.302,0.087833,0.007044,0.4907,2259.76
scan12_subset_middle,scan12,subset_middle,4,3,12,0.00565,5.4852,3.6539,1.0,0.0103,0.3472,648.0627,0.089166,0.011561,0.4907,2259.76
scan12_subset_middle,scan12,subset_middle,5,4,12,0.005616,7.9139,3.5825,0.999485,0.0099,0.5737,639.7581,0.09105,0.007457,0.4907,2259.76
scan12_subset_middle,scan12,subset_middle,0,24,14,0.012511,48.5452,10.7361,0.970997,0.0,0.0,664.8704,0.07316,0.01197,0.5536,2296.13
scan12_subset_middle,scan12,subset_middle,1,0,14,0.004937,5.5029,3.2056,1.0,0.0208,1.1122,645.2657,0.077076,0.002985,0.5536,2296.13
scan12_subset_middle,scan12,subset_middle,2,1,14,0.005243,5.0316,3.4002,1.0,0.0262,1.94,645.7083,0.076324,0.004334,0.5536,2296.13
scan12_subset_middle,scan12,subset_middle,3,2,14,0.005952,5.8821,3.8969,1.0,0.0144,1.1002,648.316,0.076491,0.005079,0.5536,2296.13
scan12_subset_middle,scan12,subset_middle,4,3,14,0.005706,5.4901,3.6855,1.0,0.0039,0.3494,648.0767,0.077307,0.00663,0.5536,2296.13
scan12_subset_middle,scan12,subset_middle,5,4,14,0.005755,7.7245,3.6726,0.999695,0.0074,0.7585,639.7714,0.078245,0.003399,0.5536,2296.13
scan12_subset_middle,scan12,subset_middle,0,24,16,0.012427,48.6202,10.6848,0.970997,0.0,0.0,664.8828,0.067781,0.009231,0.5742,2333.75
scan12_subset_middle,scan12,subset_middle,1,0,16,0.004975,5.5125,3.2282,1.0,0.0163,1.5108,645.2774,0.071191,0.005445,0.5742,2333.75
scan12_subset_middle,scan12,subset_middle,2,1,16,0.005114,4.8969,3.3136,1.0,0.0236,1.9825,645.7211,0.070602,0.006299,0.5742,2333.75
scan12_subset_middle,scan12,subset_middle,3,2,16,0.005982,5.883,3.9134,1.0,0.014,1.2022,648.3294,0.070732,0.006592,0.5742,2333.75
scan12_subset_middle,scan12,subset_middle,4,3,16,0.006031,5.6862,3.8856,1.0,0.0046,0.4088,648.0905,0.071114,0.007181,0.5742,2333.75
scan12_subset_middle,scan12,subset_middle,5,4,16,0.005782,8.653,3.6913,0.999121,0.0068,0.9249,639.7833,0.071322,0.005059,0.5742,2333.75
scan12_subset_uniform,scan12,subset_uniform,0,0,8,0.008112,8.1087,5.2643,1.0,0.0,0.0,645.3302,0.115984,0.0,0.4179,2189.62
scan12_subset_uniform,scan12,subset_uniform,1,8,8,0.007902,15.5301,5.3661,0.994121,0.0469,4.3984,653.0546,0.132317,0.0,0.4179,2189.62
scan12_subset_uniform,scan12,subset_uniform,2,16,8,0.008577,13.2596,5.6245,0.996556,0.0399,1.3151,658.0755,0.134805,0.0,0.4179,2189.62
scan12_subset_uniform,scan12,subset_uniform,3,24,8,0.015773,47.597,12.7541,0.970997,0.0469,2.4719,664.8711,0.136797,0.0,0.4179,2189.62
scan12_subset_uniform,scan12,subset_uniform,4,32,8,0.01692,55.1946,13.9044,0.980744,0.0484,1.6431,666.924,0.155214,0.0,0.4179,2189.62
scan12_subset_uniform,scan12,subset_uniform,5,40,8,0.054151,123.7888,43.6389,0.909095,0.0418,1.8394,686.2909,0.178199,0.0,0.4179,2189.62
scan12_subset_uniform,scan12,subset_uniform,0,0,10,0.005806,6.0886,3.754,1.0,0.0,0.0,645.3199,0.092646,0.009575,0.4638,2223.54
scan12_subset_uniform,scan12,subset_uniform,1,8,10,0.006768,15.1049,4.6442,0.994121,0.0323,1.9297,653.044,0.09696,0.012741,0.4638,2223.54
scan12_subset_uniform,scan12,subset_uniform,2,16,10,0.006485,12.69,4.2736,0.996556,0.0358,0.5078,658.0649,0.102727,0.016411,0.4638,2223.54
scan12_subset_uniform,scan12,subset_uniform,3,24,10,0.013581,47.9042,11.3908,0.970997,0.0335,1.7596,664.8618,0.105753,0.030792,0.4638,2223.54
scan12_subset_uniform,scan12,subset_uniform,4,32,10,0.01368,56.1906,11.8931,0.980765,0.0468,1.4945,666.9149,0.108928,0.038224,0.4638,2223.54
scan12_subset_uniform,scan12,subset_uniform,5,40,10,0.051501,122.2671,41.9975,0.909095,0.0299,0.8577,686.2798,0.118037,0.016114,0.4638,2223.54
scan12_subset_uniform,scan12,subset_uniform,0,0,12,0.005203,5.1117,3.347,1.0,0.0005,0.0,645.3179,0.080196,0.006689,0.4738,2262.01
scan12_subset_uniform,scan12,subset_uniform,1,8,12,0.005936,15.0589,4.1106,0.994121,0.0218,1.0393,653.0449,0.082869,0.008337,0.4738,2262.01
scan12_subset_uniform,scan12,subset_uniform,2,16,12,0.005281,12.3938,3.5042,0.996556,0.0233,0.4463,658.0646,0.086161,0.016661,0.4738,2262.01
scan12_subset_uniform,scan12,subset_uniform,3,24,12,0.012756,48.2835,10.8851,0.970997,0.0221,1.3167,664.8621,0.089593,0.017228,0.4738,2262.01
scan12_subset_uniform,scan12,subset_uniform,4,32,12,0.012057,56.8318,10.8957,0.980765,0.0435,1.0803,666.916,0.089081,0.014136,0.4738,2262.01
scan12_subset_uniform,scan12,subset_uniform,5,40,12,0.048161,120.7251,39.8928,0.909095,0.021,0.4635,686.2778,0.09217,0.010256,0.4738,2262.01
scan12_subset_uniform,scan12,subset_uniform,0,0,14,0.004675,4.7228,3.0111,1.0,0.0,0.0,645.3211,0.073047,0.004072,0.5561,2295.55
scan12_subset_uniform,scan12,subset_uniform,1,8,14,0.005559,15.091,3.8705,0.994121,0.0138,0.8513,653.05,0.074784,0.004021,0.5561,2295.55
scan12_subset_uniform,scan12,subset_uniform,2,16,14,0.00482,12.2611,3.2083,0.996556,0.0141,0.3805,658.0684,0.076911,0.006418,0.5561,2295.55
scan12_subset_uniform,scan12,subset_uniform,3,24,14,0.012379,48.4373,10.6456,0.970997,0.0133,1.0164,664.8657,0.078625,0.019937,0.5561,2295.55
scan12_subset_uniform,scan12,subset_uniform,4,32,14,0.011477,57.143,10.5405,0.980765,0.0325,0.6793,666.9199,0.078325,0.018184,0.5561,2295.55
scan12_subset_uniform,scan12,subset_uniform,5,40,14,0.047017,120.1897,39.158,0.909095,0.0175,0.35,686.2797,0.079088,0.010391,0.5561,2295.55
scan12_subset_uniform,scan12,subset_uniform,0,0,16,0.004606,4.6463,2.9667,1.0,0.0,0.0,645.3258,0.067459,0.004539,0.5814,2333.01
scan12_subset_uniform,scan12,subset_uniform,1,8,16,0.0055,15.1004,3.8323,0.994121,0.0103,0.7943,653.0555,0.068589,0.004311,0.5814,2333.01
scan12_subset_uniform,scan12,subset_uniform,2,16,16,0.004735,12.223,3.1543,0.996556,0.0107,0.502,658.0732,0.070378,0.006383,0.5814,2333.01
scan12_subset_uniform,scan12,subset_uniform,3,24,16,0.012192,48.5725,10.532,0.970997,0.0134,1.0721,664.8711,0.070992,0.011397,0.5814,2333.01
scan12_subset_uniform,scan12,subset_uniform,4,32,16,0.0111,57.3759,10.3155,0.980765,0.0284,0.7061,666.925,0.070639,0.01369,0.5814,2333.01
scan12_subset_uniform,scan12,subset_uniform,5,40,16,0.046668,120.0337,38.94,0.909095,0.0165,0.3961,686.2809,0.071233,0.017023,0.5814,2333.01
scan15_subset_middle,scan15,subset_middle,0,24,8,0.015821,14.8835,10.6517,1.0,0.0,0.0,662.7939,0.110189,0.0,0.4214,2186.51
scan15_subset_middle,scan15,subset_middle,1,0,8,0.012872,13.0974,8.708,0.999972,0.0343,2.5585,644.5193,0.118852,0.0,0.4214,2186.51
scan15_subset_middle,scan15,subset_middle,2,1,8,0.01476,13.5471,9.9752,0.999992,0.0348,1.6028,652.0374,0.119604,0.0,0.4214,2186.51
scan15_subset_middle,scan15,subset_middle,3,2,8,0.015369,14.815,10.3354,1.0,0.0334,1.4223,645.9202,0.116299,0.0,0.4214,2186.51
scan15_subset_middle,scan15,subset_middle,4,3,8,0.018094,18.1039,11.9859,0.99937,0.0263,2.4572,650.0063,0.11681,0.0,0.4214,2186.51
scan15_subset_middle,scan15,subset_middle,5,4,8,0.02202,21.6968,14.3294,1.0,0.0178,2.1912,635.2938,0.124593,0.0,0.4214,2186.51
scan15_subset_middle,scan15,subset_middle,0,24,10,0.012189,12.4334,8.2108,1.0,0.0,0.0,662.7717,0.091334,0.031422,0.4648,2224.68
scan15_subset_middle,scan15,subset_middle,1,0,10,0.008176,8.7551,5.342,0.999963,0.0409,2.9132,644.4984,0.097585,0.0145,0.4648,2224.68
scan15_subset_middle,scan15,subset_middle,2,1,10,0.009445,9.3456,6.2656,0.999968,0.0408,2.1509,652.0176,0.097081,0.01774,0.4648,2224.68
scan15_subset_middle,scan15,subset_middle,3,2,10,0.009749,10.275,6.4672,1.0,0.0382,1.3013,645.8989,0.095437,0.012301,0.4648,2224.68
scan15_subset_middle,scan15,subset_middle,4,3,10,0.012031,13.4076,7.8616,0.999548,0.0362,1.8849,649.9816,0.095849,0.010254,0.4648,2224.68
scan15_subset_middle,scan15,subset_middle,5,4,10,0.014782,15.4186,9.4452,1.0,0.0274,1.7645,635.2666,0.099605,0.013406,0.4648,2224.68
scan15_subset_middle,scan15,subset_middle,0,24,12,0.010668,11.7436,7.1983,1.0,0.0,0.0,662.7791,0.077786,0.016431,0.4955,2259.71
scan15_subset_middle,scan15,subset_middle,1,0,12,0.007367,8.2226,4.7951,0.999926,0.0371,2.6089,644.5032,0.082018,0.007153,0.4955,2259.71
scan15_subset_middle,scan15,subset_middle,2,1,12,0.008609,8.9026,5.7044,0.999951,0.0374,1.6173,652.022,0.081574,0.008442,0.4955,2259.71
scan15_subset_middle,scan15,subset_middle,3,2,12,0.008965,9.7689,5.9488,1.0,0.034,0.8247,645.9049,0.081213,0.009088,0.4955,2259.71
scan15_subset_middle,scan15,subset_middle,4,3,12,0.010771,12.5929,7.0311,0.999559,0.0308,1.5382,649.9869,0.081806,0.008467,0.4955,2259.71
scan15_subset_middle,scan15,subset_middle,5,4,12,0.013076,14.1094,8.3109,1.0,0.0238,1.5636,635.2702,0.08367,0.008185,0.4955,2259.71
scan15_subset_middle,scan15,subset_middle,0,24,14,0.010373,11.7061,6.9976,1.0,0.0,0.0,662.7845,0.069628,0.009451,0.5274,2292.18
scan15_subset_middle,scan15,subset_middle,1,0,14,0.007281,8.3059,4.7456,0.999842,0.033,2.6991,644.5066,0.073283,0.002963,0.5274,2292.18
scan15_subset_middle,scan15,subset_middle,2,1,14,0.008692,9.0261,5.7694,0.999935,0.0336,1.544,652.0265,0.072638,0.004763,0.5274,2292.18
scan15_subset_middle,scan15,subset_middle,3,2,14,0.00908,9.8914,6.0234,1.0,0.0296,0.6221,645.9106,0.072721,0.006248,0.5274,2292.18
scan15_subset_middle,scan15,subset_middle,4,3,14,0.010936,12.8704,7.141,0.999328,0.0269,1.4543,649.9918,0.073004,0.004852,0.5274,2292.18
scan15_subset_middle,scan15,subset_middle,5,4,14,0.012832,13.8369,8.1448,0.999955,0.021,1.7041,635.2743,0.074371,0.002369,0.5274,2292.18
scan15_subset_middle,scan15,subset_middle,0,24,16,0.01059,11.964,7.1493,1.0,0.0,0.0,662.7894,0.064094,0.008964,0.5458,2331.56
scan15_subset_middle,scan15,subset_middle,1,0,16,0.007616,8.6496,4.9829,0.999842,0.0303,2.5743,644.5103,0.067085,0.003517,0.5458,2331.56
scan15_subset_middle,scan15,subset_middle,2,1,16,0.009,9.3225,5.9952,0.999927,0.0309,1.2611,652.0314,0.066403,0.005401,0.5458,2331.56
scan15_subset_middle,scan15,subset_middle,3,2,16,0.009506,10.255,6.322,1.0,0.0282,0.5323,645.9161,0.066651,0.004566,0.5458,2331.56
scan15_subset_middle,scan15,subset_middle,4,3,16,0.011226,13.188,7.339,0.999254,0.0251,1.4857,649.9974,0.066891,0.002845,0.5458,2331.56
scan15_subset_middle,scan15,subset_middle,5,4,16,0.012688,13.4661,8.0712,0.999864,0.0191,1.7668,635.2793,0.067898,0.001869,0.5458,2331.56
scan15_subset_uniform,scan15,subset_uniform,0,0,8,0.013247,13.0303,8.8461,0.999674,0.0005,0.0,644.5698,0.107216,0.0,0.4145,2186.57
scan15_subset_uniform,scan15,subset_uniform,1,8,8,0.013902,13.8036,9.3997,1.0,0.0108,1.6756,651.494,0.112747,0.0,0.4145,2186.57
scan15_subset_uniform,scan15,subset_uniform,2,16,8,0.014041,16.0628,9.4015,0.998725,0.0173,2.4754,654.4592,0.116964,0.0,0.4145,2186.57
scan15_subset_uniform,scan15,subset_uniform,3,24,8,0.014113,14.4092,9.4819,1.0,0.0267,0.2357,662.8297,0.115835,0.0,0.4145,2186.57
scan15_subset_uniform,scan15,subset_uniform,4,32,8,0.012676,14.5141,8.4509,0.999846,0.0383,1.0637,660.891,0.119996,0.0,0.4145,2186.57
scan15_subset_uniform,scan15,subset_uniform,5,40,8,0.017725,18.8298,11.3311,0.995964,0.0328,1.829,664.7157,0.124989,0.0,0.4145,2186.57
scan15_subset_uniform,scan15,subset_uniform,0,0,10,0.009131,9.8344,6.0034,0.999749,0.0,0.0,644.5576,0.088085,0.00806,0.4785,2223.02
scan15_subset_uniform,scan15,subset_uniform,1,8,10,0.01056,11.168,7.0818,1.0,0.0117,0.9927,651.4814,0.091206,0.005487,0.4785,2223.02
scan15_subset_uniform,scan15,subset_uniform,2,16,10,0.010809,13.4808,7.2262,0.999533,0.0204,1.3045,654.4445,0.093901,0.007528,0.4785,2223.02
scan15_subset_uniform,scan15,subset_uniform,3,24,10,0.011806,12.7331,7.9217,0.999993,0.0315,0.8009,662.8181,0.093725,0.013536,0.4785,2223.02
scan15_subset_uniform,scan15,subset_uniform,4,32,10,0.010846,12.8742,7.221,0.999979,0.0388,1.0164,660.8774,0.096396,0.018016,0.4785,2223.02
scan15_subset_uniform,scan15,subset_uniform,5,40,10,0.012456,15.9607,8.0108,0.997543,0.035,1.3222,664.6954,0.099183,0.020386,0.4785,2223.02
scan15_subset_uniform,scan15,subset_uniform,0,0,12,0.007892,8.9959,5.1481,0.999842,0.0,0.0,644.5604,0.075126,0.004279,0.5259,2259.37
scan15_subset_uniform,scan15,subset_uniform,1,8,12,0.009482,10.3375,6.3158,1.0,0.0101,1.295,651.4835,0.077856,0.005475,0.5259,2259.37
scan15_subset_uniform,scan15,subset_uniform,2,16,12,0.010074,14.0895,6.7128,0.999049,0.0164,0.5301,654.4461,0.079925,0.014786,0.5259,2259.37
scan15_subset_uniform,scan15,subset_uniform,3,24,12,0.010407,11.9826,6.9776,1.0,0.0285,0.9972,662.8206,0.079766,0.008307,0.5259,2259.37
scan15_subset_uniform,scan15,subset_uniform,4,32,12,0.009803,12.2356,6.5297,0.999986,0.0351,0.9068,660.8788,0.081727,0.0198,0.5259,2259.37
scan15_subset_uniform,scan15,subset_uniform,5,40,12,0.01065,15.1392,6.8752,0.998019,0.0281,1.0066,664.7002,0.083504,0.019215,0.5259,2259.37
scan15_subset_uniform,scan15,subset_uniform,0,0,14,0.007456,8.7215,4.8486,0.999842,0.0,0.0,644.563,0.068073,0.003099,0.5393,2296.77
scan15_subset_uniform,scan15,subset_uniform,1,8,14,0.009231,10.1405,6.122,1.0,0.0085,1.4809,651.4859,0.070292,0.003399,0.5393,2296.77
scan15_subset_uniform,scan15,subset_uniform,2,16,14,0.010067,12.834,6.6856,0.999889,0.0149,0.8152,654.4487,0.071658,0.009173,0.5393,2296.77
scan15_subset_uniform,scan15,subset_uniform,3,24,14,0.009642,11.6408,6.4654,1.0,0.0214,0.6337,662.8231,0.07182,0.005813,0.5393,2296.77
scan15_subset_uniform,scan15,subset_uniform,4,32,14,0.009052,11.9954,6.0375,0.999979,0.0276,0.5101,660.8817,0.073521,0.018508,0.5393,2296.77
scan15_subset_uniform,scan15,subset_uniform,5,40,14,0.010753,15.2563,6.9488,0.99803,0.027,0.9784,664.7,0.07455,0.017923,0.5393,2296.77
scan15_subset_uniform,scan15,subset_uniform,0,0,16,0.007258,8.5349,4.7061,0.999916,0.0,0.0,644.5673,0.063381,0.004169,0.6249,2333.38
scan15_subset_uniform,scan15,subset_uniform,1,8,16,0.008997,9.9951,5.9609,1.0,0.0079,1.5202,651.4904,0.065291,0.003395,0.6249,2333.38
scan15_subset_uniform,scan15,subset_uniform,2,16,16,0.009982,12.293,6.6232,0.999929,0.013,1.0293,654.4536,0.066386,0.006098,0.6249,2333.38
scan15_subset_uniform,scan15,subset_uniform,3,24,16,0.009119,11.4788,6.1196,1.0,0.0169,0.556,662.8274,0.066409,0.005931,0.6249,2333.38
scan15_subset_uniform,scan15,subset_uniform,4,32,16,0.008469,11.8683,5.6575,0.999979,0.0228,0.3632,660.8864,0.067812,0.017491,0.6249,2333.38
scan15_subset_uniform,scan15,subset_uniform,5,40,16,0.010578,15.2548,6.8436,0.997977,0.0245,0.9329,664.7022,0.068619,0.008406,0.6249,2333.38
scan23_subset_middle,scan23,subset_middle,0,24,8,0.011725,11.4349,8.3395,1.0,0.0,0.0,677.7004,0.094117,0.0,0.4231,2188.02
scan23_subset_middle,scan23,subset_middle,1,0,8,0.017941,16.6263,11.6669,1.0,0.0386,1.358,689.0651,0.105175,0.0,0.4231,2188.02
scan23_subset_middle,scan23,subset_middle,2,1,8,0.015258,13.9079,10.3276,1.0,0.0384,0.6293,684.5626,0.102167,0.0,0.4231,2188.02
scan23_subset_middle,scan23,subset_middle,3,2,8,0.013902,12.6377,9.6907,1.0,0.0358,0.8513,677.864,0.100442,0.0,0.4231,2188.02
scan23_subset_middle,scan23,subset_middle,4,3,8,0.012639,11.8056,8.8432,1.0,0.0387,1.3803,669.6279,0.108751,0.0,0.4231,2188.02
scan23_subset_middle,scan23,subset_middle,5,4,8,0.011819,11.8939,8.2841,0.99994,0.0299,1.3169,670.6389,0.106933,0.0,0.4231,2188.02
scan23_subset_middle,scan23,subset_middle,0,24,10,0.009146,9.6107,6.5071,1.0,0.0005,0.0,677.6919,0.079891,0.006688,0.4656,2223.42
scan23_subset_middle,scan23,subset_middle,1,0,10,0.013763,13.5498,9.0092,1.0,0.0375,1.1292,689.056,0.085992,0.009224,0.4656,2223.42
scan23_subset_middle,scan23,subset_middle,2,1,10,0.011632,11.369,7.9253,1.0,0.0358,0.6522,684.553,0.084301,0.006434,0.4656,2223.42
scan23_subset_middle,scan23,subset_middle,3,2,10,0.010559,10.3247,7.3849,1.0,0.0345,0.6749,677.8519,0.083986,0.005801,0.4656,2223.42
scan23_subset_middle,scan23,subset_middle,4,3,10,0.009508,9.5755,6.6743,1.0,0.0352,1.0228,669.6162,0.086588,0.006955,0.4656,2223.42
scan23_subset_middle,scan23,subset_middle,5,4,10,0.009567,10.6896,6.7474,0.99994,0.0226,0.6859,670.626,0.087994,0.004176,0.4656,2223.42
scan23_subset_middle,scan23,subset_middle,0,24,12,0.007626,8.6566,5.4261,1.0,0.0,0.0,677.6918,0.071939,0.002398,0.4908,2258.88
scan23_subset_middle,scan23,subset_middle,1,0,12,0.010978,11.7223,7.2515,1.0,0.0326,0.9734,689.0562,0.076159,0.002934,0.4908,2258.88
scan23_subset_middle,scan23,subset_middle,2,1,12,0.009189,9.8332,6.3216,1.0,0.0315,0.5644,684.5523,0.075557,0.00263,0.4908,2258.88
scan23_subset_middle,scan23,subset_middle,3,2,12,0.008436,8.8642,5.9258,1.0,0.0287,0.5327,677.8513,0.07579,0.00248,0.4908,2258.88
scan23_subset_middle,scan23,subset_middle,4,3,12,0.007766,8.415,5.4713,1.0,0.0307,0.825,669.6163,0.076584,0.002134,0.4908,2258.88
scan23_subset_middle,scan23,subset_middle,5,4,12,0.008435,10.0743,5.9886,0.999928,0.0169,0.3522,670.6257,0.077381,0.001889,0.4908,2258.88
scan23_subset_middle,scan23,subset_middle,0,24,14,0.007195,8.4397,5.1204,1.0,0.0,0.0,677.6907,0.067204,0.001637,0.5408,2295.62
scan23_subset_middle,scan23,subset_middle,1,0,14,0.010142,11.1978,6.7417,1.0,0.0289,0.9473,689.055,0.070221,0.001436,0.5408,2295.62
scan23_subset_middle,scan23,subset_middle,2,1,14,0.008441,9.3689,5.8327,1.0,0.0279,0.4922,684.551,0.06986,0.001465,0.5408,2295.62
scan23_subset_middle,scan23,subset_middle,3,2,14,0.007863,8.4257,5.5292,1.0,0.0232,0.3821,677.8507,0.070389,0.001373,0.5408,2295.62
scan23_subset_middle,scan23,subset_middle,4,3,14,0.00722,7.9947,5.09,1.0,0.026,0.7091,669.6164,0.070891,0.001228,0.5408,2295.62
scan23_subset_middle,scan23,subset_middle,5,4,14,0.007896,9.8127,5.6236,0.999916,0.0123,0.2324,670.6257,0.071355,0.00119,0.5408,2295.62
scan23_subset_middle,scan23,subset_middle,0,24,16,0.006856,8.293,4.8786,1.0,0.0,0.0,677.6937,0.063619,0.002418,0.5738,2330.6
scan23_subset_middle,scan23,subset_middle,1,0,16,0.008911,10.5092,5.9789,1.0,0.0248,0.7111,689.0575,0.06611,0.002608,0.5738,2330.6
scan23_subset_middle,scan23,subset_middle,2,1,16,0.007579,8.8502,5.2568,1.0,0.0251,0.3263,684.5535,0.065735,0.002017,0.5738,2330.6
scan23_subset_middle,scan23,subset_middle,3,2,16,0.007196,8.0111,5.0664,1.0,0.0197,0.4307,677.854,0.066433,0.001547,0.5738,2330.6
scan23_subset_middle,scan23,subset_middle,4,3,16,0.006839,7.745,4.8279,1.0,0.0211,0.6507,669.6201,0.066739,0.001855,0.5738,2330.6
scan23_subset_middle,scan23,subset_middle,5,4,16,0.007462,9.5616,5.3186,0.999916,0.009,0.0928,670.6296,0.067142,0.002295,0.5738,2330.6
scan23_subset_uniform,scan23,subset_uniform,0,0,8,0.018648,17.1803,12.2408,1.0,0.0,0.0,689.1937,0.10418,0.0,0.4205,2184.83
scan23_subset_uniform,scan23,subset_uniform,1,8,8,0.009932,10.3112,7.0466,0.999867,0.0177,4.0036,676.9852,0.107118,0.0,0.4205,2184.83
scan23_subset_uniform,scan23,subset_uniform,2,16,8,0.008575,10.4401,6.1444,0.999463,0.0142,3.7399,664.7192,0.114671,0.0,0.4205,2184.83
scan23_subset_uniform,scan23,subset_uniform,3,24,8,0.008689,9.536,6.2441,0.999918,0.0154,3.6207,677.8519,0.110944,0.0,0.4205,2184.83
scan23_subset_uniform,scan23,subset_uniform,4,32,8,0.007224,10.2009,5.1766,0.999647,0.0201,4.6205,679.6692,0.114044,0.0,0.4205,2184.83
scan23_subset_uniform,scan23,subset_uniform,5,40,8,0.00704,8.378,5.0081,1.0,0.0211,8.7123,647.6264,0.122383,0.0,0.4205,2184.83
scan23_subset_uniform,scan23,subset_uniform,0,0,10,0.01237,12.9389,8.2148,1.0,0.0,0.0,689.1677,0.084277,0.017308,0.4629,2225.28
scan23_subset_uniform,scan23,subset_uniform,1,8,10,0.007316,8.704,5.2032,0.999867,0.0094,2.5808,676.9548,0.087139,0.008557,0.4629,2225.28
scan23_subset_uniform,scan23,subset_uniform,2,16,10,0.006718,9.767,4.8123,0.99936,0.0083,2.4675,664.6868,0.090365,0.004704,0.4629,2225.28
scan23_subset_uniform,scan23,subset_uniform,3,24,10,0.006215,7.9665,4.4598,0.99986,0.0139,2.5282,677.8212,0.089299,0.009218,0.4629,2225.28
scan23_subset_uniform,scan23,subset_uniform,4,32,10,0.005957,9.3566,4.2617,0.999647,0.0178,2.7217,679.6384,0.091751,0.010573,0.4629,2225.28
scan23_subset_uniform,scan23,subset_uniform,5,40,10,0.006634,8.1978,4.7007,1.0,0.0184,6.9754,647.5887,0.09566,0.02236,0.4629,2225.28
scan23_subset_uniform,scan23,subset_uniform,0,0,12,0.009575,11.2663,6.4392,1.0,0.0005,0.0,689.1587,0.075032,0.004992,0.4906,2262.29
scan23_subset_uniform,scan23,subset_uniform,1,8,12,0.005817,7.7896,4.1421,0.999867,0.007,2.0194,676.944,0.077839,0.0033,0.4906,2262.29
scan23_subset_uniform,scan23,subset_uniform,2,16,12,0.005694,9.4172,4.0804,0.999353,0.0108,1.3899,664.6765,0.07977,0.005207,0.4906,2262.29
scan23_subset_uniform,scan23,subset_uniform,3,24,12,0.00529,7.2957,3.7924,0.99986,0.0157,1.8761,677.81,0.078862,0.003113,0.4906,2262.29
scan23_subset_uniform,scan23,subset_uniform,4,32,12,0.00535,8.9829,3.8193,0.99964,0.0196,1.7445,679.6285,0.080477,0.014913,0.4906,2262.29
scan23_subset_uniform,scan23,subset_uniform,5,40,12,0.00594,7.8856,4.2127,1.0,0.0236,5.4469,647.5748,0.083386,0.036159,0.4906,2262.29
scan23_subset_uniform,scan23,subset_uniform,0,0,14,0.009025,11.0607,6.0998,1.0,0.0,0.0,689.1558,0.068209,0.001495,0.5496,2300.11
scan23_subset_uniform,scan23,subset_uniform,1,8,14,0.005606,7.6825,3.9935,0.999867,0.0079,1.8094,676.9412,0.070484,0.001284,0.5496,2300.11
scan23_subset_uniform,scan23,subset_uniform,2,16,14,0.005559,9.51,3.9909,0.999346,0.0133,1.1904,664.6738,0.071383,0.001438,0.5496,2300.11
scan23_subset_uniform,scan23,subset_uniform,3,24,14,0.005202,7.2433,3.7289,0.99986,0.0151,1.6675,677.8074,0.07105,0.001671,0.5496,2300.11
scan23_subset_uniform,scan23,subset_uniform,4,32,14,0.005279,9.0674,3.7659,0.999614,0.0203,1.6033,679.6263,0.072704,0.007495,0.5496,2300.11
scan23_subset_uniform,scan23,subset_uniform,5,40,14,0.005802,7.8594,4.1287,1.0,0.0232,4.6346,647.5717,0.074603,0.025054,0.5496,2300.11
scan23_subset_uniform,scan23,subset_uniform,0,0,16,0.009008,11.27,6.1022,1.0,0.0,0.0,689.1557,0.06374,0.001251,0.5793,2334.86
scan23_subset_uniform,scan23,subset_uniform,1,8,16,0.005757,7.7939,4.1041,0.999867,0.0082,1.4471,676.9409,0.065725,0.002644,0.5793,2334.86
scan23_subset_uniform,scan23,subset_uniform,2,16,16,0.005787,9.8646,4.1575,0.999298,0.0149,1.0188,664.6741,0.066078,0.002484,0.5793,2334.86
scan23_subset_uniform,scan23,subset_uniform,3,24,16,0.005543,7.4664,3.9717,0.99986,0.0144,1.333,677.8073,0.066023,0.004188,0.5793,2334.86
scan23_subset_uniform,scan23,subset_uniform,4,32,16,0.005437,9.1335,3.8836,0.999601,0.0187,1.3617,679.6266,0.067229,0.007838,0.5793,2334.86
scan23_subset_uniform,scan23,subset_uniform,5,40,16,0.005696,7.8473,4.0581,1.0,0.0246,4.2125,647.5731,0.068874,0.015718,0.5793,2334.86
scan24_subset_middle,scan24,subset_middle,0,24,8,0.004909,5.2085,3.3366,1.0,0.0,0.0,649.0863,0.094674,0.0,0.4044,2188.06
scan24_subset_middle,scan24,subset_middle,1,0,8,0.006459,7.7588,4.1876,0.999609,0.0163,0.3846,631.1217,0.105601,0.0,0.4044,2188.06
scan24_subset_middle,scan24,subset_middle,2,1,8,0.005614,8.0662,3.6654,0.999625,0.0092,0.624,639.6558,0.102983,0.0,0.4044,2188.06
scan24_subset_middle,scan24,subset_middle,3,2,8,0.006875,7.9596,4.4769,1.0,0.0073,1.0019,641.5248,0.10378,0.0,0.4044,2188.06
scan24_subset_middle,scan24,subset_middle,4,3,8,0.006187,6.909,3.9683,0.999989,0.0091,1.128,646.338,0.109157,0.0,0.4044,2188.06
scan24_subset_middle,scan24,subset_middle,5,4,8,0.007833,11.3111,4.7275,0.998647,0.0086,1.0726,629.4116,0.113714,0.0,0.4044,2188.06
scan24_subset_middle,scan24,subset_middle,0,24,10,0.004314,4.8911,2.9313,1.0,0.0,0.0,649.0651,0.081391,0.014286,0.4667,2223.11
scan24_subset_middle,scan24,subset_middle,1,0,10,0.005953,7.5111,3.8659,0.999628,0.0163,0.5414,631.1027,0.087352,0.010658,0.4667,2223.11
scan24_subset_middle,scan24,subset_middle,2,1,10,0.005175,7.8259,3.3957,0.999634,0.0095,0.493,639.6345,0.086281,0.009517,0.4667,2223.11
scan24_subset_middle,scan24,subset_middle,3,2,10,0.005655,7.3609,3.7032,1.0,0.0063,0.7102,641.5046,0.086631,0.010422,0.4667,2223.11
scan24_subset_middle,scan24,subset_middle,4,3,10,0.00564,7.1028,3.6048,0.999899,0.0053,0.8729,646.3179,0.089611,0.010469,0.4667,2223.11
scan24_subset_middle,scan24,subset_middle,5,4,10,0.007031,11.1351,4.2079,0.99857,0.0089,0.7791,629.3912,0.09138,0.010117,0.4667,2223.11
scan24_subset_middle,scan24,subset_middle,0,24,12,0.003994,4.7905,2.7083,1.0,0.0,0.0,649.0544,0.074306,0.007744,0.5146,2261.51
scan24_subset_middle,scan24,subset_middle,1,0,12,0.00575,7.4134,3.7386,0.999618,0.0147,0.5971,631.0927,0.078365,0.005201,0.5146,2261.51
scan24_subset_middle,scan24,subset_middle,2,1,12,0.004999,7.6616,3.2908,0.999643,0.0095,0.3583,639.624,0.077725,0.004033,0.5146,2261.51
scan24_subset_middle,scan24,subset_middle,3,2,12,0.005306,7.1708,3.4779,1.0,0.0059,0.4961,641.4948,0.077988,0.005521,0.5146,2261.51
scan24_subset_middle,scan24,subset_middle,4,3,12,0.005624,7.3056,3.5852,0.999855,0.0056,0.7028,646.3083,0.07964,0.004475,0.5146,2261.51
scan24_subset_middle,scan24,subset_middle,5,4,12,0.006617,10.9506,3.9563,0.99866,0.009,0.6155,629.3814,0.080306,0.004601,0.5146,2261.51
scan24_subset_middle,scan24,subset_middle,0,24,14,0.003976,4.7863,2.6955,1.0,0.0,0.0,649.0455,0.069961,0.00601,0.5424,2293.98
scan24_subset_middle,scan24,subset_middle,1,0,14,0.005818,7.6408,3.7996,0.99958,0.0132,0.5101,631.0838,0.072911,0.0043,0.5424,2293.98
scan24_subset_middle,scan24,subset_middle,2,1,14,0.005099,7.6788,3.3706,0.999625,0.0093,0.3286,639.6152,0.072456,0.003623,0.5424,2293.98
scan24_subset_middle,scan24,subset_middle,3,2,14,0.005288,7.1371,3.4832,1.0,0.0057,0.3605,641.4864,0.072848,0.004665,0.5424,2293.98
scan24_subset_middle,scan24,subset_middle,4,3,14,0.005551,7.1756,3.5527,0.999866,0.0064,0.6126,646.3004,0.073721,0.003671,0.5424,2293.98
scan24_subset_middle,scan24,subset_middle,5,4,14,0.006399,10.6844,3.8367,0.998711,0.0098,0.5264,629.3732,0.073955,0.003593,0.5424,2293.98
scan24_subset_middle,scan24,subset_middle,0,24,16,0.004045,4.8065,2.7429,1.0,0.0,0.0,649.0414,0.066695,0.003473,0.5963,2331.69
scan24_subset_middle,scan24,subset_middle,1,0,16,0.00605,7.8612,3.9614,0.999523,0.0118,0.3947,631.0797,0.068975,0.002195,0.5963,2331.69
scan24_subset_middle,scan24,subset_middle,2,1,16,0.005257,7.7636,3.4826,0.999616,0.0085,0.3033,639.6109,0.068539,0.001589,0.5963,2331.69
scan24_subset_middle,scan24,subset_middle,3,2,16,0.005348,7.1812,3.532,1.0,0.0051,0.2149,641.4825,0.068933,0.001644,0.5963,2331.69
scan24_subset_middle,scan24,subset_middle,4,3,16,0.00559,6.9506,3.5954,0.999933,0.0068,0.4858,646.2971,0.069383,0.001377,0.5963,2331.69
scan24_subset_middle,scan24,subset_middle,5,4,16,0.006313,10.5811,3.7946,0.99875,0.011,0.4375,629.3696,0.06924,0.001317,0.5963,2331.69
scan24_subset_uniform,scan24,subset_uniform,0,0,8,0.008802,10.3676,5.6544,0.999599,0.0,0.0,631.1736,0.099103,0.0,0.4002,2186.95
scan24_subset_uniform,scan24,subset_uniform,1,8,8,0.006294,6.7218,4.1601,1.0,0.0084,0.6271,645.0478,0.102936,0.0,0.4002,2186.95
scan24_subset_uniform,scan24,subset_uniform,2,16,8,0.006066,6.4149,4.0376,1.0,0.0214,0.7061,644.9522,0.107955,0.0,0.4002,2186.95
scan24_subset_uniform,scan24,subset_uniform,3,24,8,0.004654,5.2238,3.1522,1.0,0.0131,0.6685,649.1093,0.104306,0.0,0.4002,2186.95
scan24_subset_uniform,scan24,subset_uniform,4,32,8,0.004485,5.2927,3.0439,1.0,0.0172,0.4567,649.5439,0.1074,0.0,0.4002,2186.95
scan24_subset_uniform,scan24,subset_uniform,5,40,8,0.005874,7.8002,3.8287,0.999519,0.0251,0.5571,647.0134,0.118414,0.0,0.4002,2186.95
scan24_subset_uniform,scan24,subset_uniform,0,0,10,0.008756,10.4185,5.6593,0.999494,0.0,0.0,631.1613,0.081638,0.006311,0.4733,2224.35
scan24_subset_uniform,scan24,subset_uniform,1,8,10,0.005429,6.2702,3.6221,1.0,0.0099,0.3517,645.0345,0.084663,0.007732,0.4733,2224.35
scan24_subset_uniform,scan24,subset_uniform,2,16,10,0.005169,6.0695,3.4448,1.0,0.02,0.3632,644.9395,0.087374,0.008129,0.4733,2224.35
scan24_subset_uniform,scan24,subset_uniform,3,24,10,0.004447,5.1026,3.0254,1.0,0.0159,0.6126,649.0953,0.085265,0.010469,0.4733,2224.35
scan24_subset_uniform,scan24,subset_uniform,4,32,10,0.004244,5.1653,2.8848,1.0,0.017,0.3115,649.5295,0.087582,0.012719,0.4733,2224.35
scan24_subset_uniform,scan24,subset_uniform,5,40,10,0.004417,6.9667,2.882,0.999551,0.0261,0.3077,647.0016,0.092828,0.018519,0.4733,2224.35
scan24_subset_uniform,scan24,subset_uniform,0,0,12,0.008666,10.2564,5.6265,0.999571,0.0,0.0,631.1553,0.073945,0.004036,0.4863,2259.89
scan24_subset_uniform,scan24,subset_uniform,1,8,12,0.005409,6.339,3.6308,1.0,0.0117,0.3122,645.0287,0.076112,0.004436,0.4863,2259.89
scan24_subset_uniform,scan24,subset_uniform,2,16,12,0.005227,6.1159,3.4857,1.0,0.0197,0.3511,644.9341,0.078111,0.004664,0.4863,2259.89
scan24_subset_uniform,scan24,subset_uniform,3,24,12,0.004503,5.1342,3.0721,1.0,0.0173,0.5905,649.0894,0.076822,0.006383,0.4863,2259.89
scan24_subset_uniform,scan24,subset_uniform,4,32,12,0.004356,5.2466,2.9658,1.0,0.0187,0.322,649.5236,0.078508,0.006597,0.4863,2259.89
scan24_subset_uniform,scan24,subset_uniform,5,40,12,0.004532,6.969,2.9569,0.999754,0.0224,0.3357,646.9973,0.08049,0.010902,0.4863,2259.89
scan24_subset_uniform,scan24,subset_uniform,0,0,14,0.008939,10.5196,5.8326,0.999618,0.0005,0.0,631.1496,0.069633,0.003491,0.5362,2297.67
scan24_subset_uniform,scan24,subset_uniform,1,8,14,0.005777,6.5814,3.9081,1.0,0.0142,0.3363,645.023,0.071434,0.004059,0.5362,2297.67
scan24_subset_uniform,scan24,subset_uniform,2,16,14,0.005551,6.2218,3.7091,1.0,0.0213,0.2798,644.9288,0.072937,0.003673,0.5362,2297.67
scan24_subset_uniform,scan24,subset_uniform,3,24,14,0.004846,5.3347,3.3113,1.0,0.0199,0.6498,649.0838,0.072123,0.004913,0.5362,2297.67
scan24_subset_uniform,scan24,subset_uniform,4,32,14,0.004562,5.3631,3.1062,1.0,0.0216,0.485,649.5181,0.073325,0.005593,0.5362,2297.67
scan24_subset_uniform,scan24,subset_uniform,5,40,14,0.00501,7.3439,3.2685,0.999583,0.0261,0.3443,646.9908,0.073959,0.005948,0.5362,2297.67
scan24_subset_uniform,scan24,subset_uniform,0,0,16,0.009228,10.8296,6.0475,0.99958,0.0,0.0,631.1481,0.066182,0.001605,0.5625,2331.89
scan24_subset_uniform,scan24,subset_uniform,1,8,16,0.006157,6.7899,4.1894,1.0,0.0148,0.2961,645.0219,0.067654,0.001552,0.5625,2331.89
scan24_subset_uniform,scan24,subset_uniform,2,16,16,0.005858,6.3129,3.9161,1.0,0.0221,0.2617,644.9276,0.068734,0.001573,0.5625,2331.89
scan24_subset_uniform,scan24,subset_uniform,3,24,16,0.005155,5.5,3.5263,1.0,0.0197,0.5971,649.0824,0.068248,0.002857,0.5625,2331.89
scan24_subset_uniform,scan24,subset_uniform,4,32,16,0.004757,5.4997,3.2421,1.0,0.0214,0.4842,649.5161,0.069289,0.004382,0.5625,2331.89
scan24_subset_uniform,scan24,subset_uniform,5,40,16,0.005507,7.4953,3.5829,0.999647,0.0267,0.3774,646.9888,0.069044,0.003514,0.5625,2331.89
scan29_subset_middle,scan29,subset_middle,0,24,8,0.015836,24.5115,12.8896,0.999325,0.0,0.0,699.9993,0.096154,0.0,0.4108,2188.66
scan29_subset_middle,scan29,subset_middle,1,0,8,0.015317,12.9682,10.9172,1.0,0.0195,2.4156,705.9601,0.113894,0.0,0.4108,2188.66
scan29_subset_middle,scan29,subset_middle,2,1,8,0.012428,14.7181,9.2137,1.0,0.0143,1.9658,737.3809,0.105341,0.0,0.4108,2188.66
scan29_subset_middle,scan29,subset_middle,3,2,8,0.012124,11.833,8.7661,1.0,0.0052,0.8716,718.3433,0.106404,0.0,0.4108,2188.66
scan29_subset_middle,scan29,subset_middle,4,3,8,0.019929,16.6824,13.7552,1.0,0.0207,1.0064,710.6055,0.106595,0.0,0.4108,2188.66
scan29_subset_middle,scan29,subset_middle,5,4,8,0.020327,20.3846,13.6001,0.99801,0.0152,0.6997,721.0579,0.109848,0.0,0.4108,2188.66
scan29_subset_middle,scan29,subset_middle,0,24,10,0.014952,24.4305,12.2,0.999283,0.0,0.0,699.9818,0.079833,0.011528,0.4729,2223.44
scan29_subset_middle,scan29,subset_middle,1,0,10,0.010219,9.0321,7.3404,1.0,0.0212,2.3524,705.9463,0.087321,0.015033,0.4729,2223.44
scan29_subset_middle,scan29,subset_middle,2,1,10,0.009851,13.8194,7.4127,1.0,0.011,1.0728,737.3658,0.085379,0.016297,0.4729,2223.44
scan29_subset_middle,scan29,subset_middle,3,2,10,0.010218,10.6665,7.3928,1.0,0.0047,1.7252,718.3253,0.087205,0.016711,0.4729,2223.44
scan29_subset_middle,scan29,subset_middle,4,3,10,0.015299,13.006,10.6338,1.0,0.0124,0.0343,710.5883,0.08642,0.015127,0.4729,2223.44
scan29_subset_middle,scan29,subset_middle,5,4,10,0.017322,18.2335,11.7241,0.99801,0.0072,1.2375,721.0398,0.088849,0.0149,0.4729,2223.44
scan29_subset_middle,scan29,subset_middle,0,24,12,0.014721,24.6375,12.0758,0.999274,0.0,0.0,699.9764,0.071432,0.003277,0.4749,2261.54
scan29_subset_middle,scan29,subset_middle,1,0,12,0.0082,7.5624,5.9341,1.0,0.0197,2.1658,705.9403,0.076713,0.004745,0.4749,2261.54
scan29_subset_middle,scan29,subset_middle,2,1,12,0.009663,13.8355,7.3179,1.0,0.0103,1.0237,737.3592,0.075026,0.004285,0.4749,2261.54
scan29_subset_middle,scan29,subset_middle,3,2,12,0.01036,10.872,7.5388,1.0,0.0052,0.9342,718.317,0.076425,0.003706,0.4749,2261.54
scan29_subset_middle,scan29,subset_middle,4,3,12,0.014965,12.6244,10.5264,1.0,0.0127,0.0442,710.582,0.075476,0.002669,0.4749,2261.54
scan29_subset_middle,scan29,subset_middle,5,4,12,0.017933,18.2571,12.2999,0.99801,0.0095,0.8716,721.0319,0.077534,0.002255,0.4749,2261.54
scan29_subset_middle,scan29,subset_middle,0,24,14,0.014566,24.7472,11.9939,0.999291,0.0,0.0,699.9653,0.066848,0.006908,0.5425,2297.54
scan29_subset_middle,scan29,subset_middle,1,0,14,0.007369,7.0434,5.3638,1.0,0.0203,2.0052,705.9299,0.070039,0.007106,0.5425,2297.54
scan29_subset_middle,scan29,subset_middle,2,1,14,0.009703,13.9798,7.3686,1.0,0.0105,0.878,737.3475,0.06912,0.006097,0.5425,2297.54
scan29_subset_middle,scan29,subset_middle,3,2,14,0.01052,11.1155,7.703,1.0,0.0051,0.1998,718.3059,0.069954,0.001505,0.5425,2297.54
scan29_subset_middle,scan29,subset_middle,4,3,14,0.014627,12.3892,10.4494,1.0,0.0085,0.056,710.5722,0.069723,0.003504,0.5425,2297.54
scan29_subset_middle,scan29,subset_middle,5,4,14,0.017953,18.0573,12.5026,0.998035,0.0095,0.7338,721.0207,0.070783,0.001952,0.5425,2297.54
scan29_subset_middle,scan29,subset_middle,0,24,16,0.014621,24.8154,12.0596,0.999283,0.0,0.0,699.9617,0.063382,0.002478,0.5799,2333.54
scan29_subset_middle,scan29,subset_middle,1,0,16,0.007062,6.9116,5.1464,1.0,0.0216,1.8554,705.9261,0.065234,0.001578,0.5799,2333.54
scan29_subset_middle,scan29,subset_middle,2,1,16,0.009884,14.088,7.5036,1.0,0.0118,0.7634,737.3435,0.065209,0.00136,0.5799,2333.54
scan29_subset_middle,scan29,subset_middle,3,2,16,0.011038,11.46,8.0894,1.0,0.0061,0.4116,718.3027,0.065769,0.001738,0.5799,2333.54
scan29_subset_middle,scan29,subset_middle,4,3,16,0.014564,12.4077,10.5209,1.0,0.0063,0.0442,710.5692,0.065749,0.001115,0.5799,2333.54
scan29_subset_middle,scan29,subset_middle,5,4,16,0.018323,18.1592,12.8965,0.998035,0.0091,0.5757,721.0176,0.066313,0.001946,0.5799,2333.54
scan29_subset_uniform,scan29,subset_uniform,0,0,8,0.008435,7.606,6.0204,1.0,0.0,0.0,706.012,0.111133,0.0,0.4237,2186.56
scan29_subset_uniform,scan29,subset_uniform,1,8,8,0.008118,8.9306,6.1451,1.0,0.0072,2.5936,708.8342,0.115376,0.0,0.4237,2186.56
scan29_subset_uniform,scan29,subset_uniform,2,16,8,0.009097,11.5129,7.1202,0.999816,0.0094,2.0312,687.8535,0.117747,0.0,0.4237,2186.56
scan29_subset_uniform,scan29,subset_uniform,3,24,8,0.011367,21.3084,9.4888,0.999452,0.0127,2.4295,700.0859,0.120036,0.0,0.4237,2186.56
scan29_subset_uniform,scan29,subset_uniform,4,32,8,0.01848,49.6504,15.815,0.991028,0.0122,1.1848,703.0385,0.128315,0.0,0.4237,2186.56
scan29_subset_uniform,scan29,subset_uniform,5,40,8,0.00753,11.7671,6.2056,0.999852,0.0187,2.1583,665.0247,0.127695,0.0,0.4237,2186.56
scan29_subset_uniform,scan29,subset_uniform,0,0,10,0.00567,5.5308,4.0893,1.0,0.0005,0.0,706.0049,0.084568,0.004844,0.4612,2223.8
scan29_subset_uniform,scan29,subset_uniform,1,8,10,0.006364,7.4957,4.7979,1.0,0.0034,1.8,708.8282,0.088569,0.003588,0.4612,2223.8
scan29_subset_uniform,scan29,subset_uniform,2,16,10,0.007414,10.4018,5.8401,0.999843,0.001,1.2786,687.8441,0.090952,0.00392,0.4612,2223.8
scan29_subset_uniform,scan29,subset_uniform,3,24,10,0.009854,19.4426,8.1917,0.999435,0.0081,1.181,700.0786,0.090665,0.004109,0.4612,2223.8
scan29_subset_uniform,scan29,subset_uniform,4,32,10,0.01797,49.6962,15.3465,0.991224,0.0154,0.1702,703.0293,0.093634,0.005719,0.4612,2223.8
scan29_subset_uniform,scan29,subset_uniform,5,40,10,0.007113,10.3998,5.8286,0.999963,0.0065,1.2776,665.0145,0.096611,0.007133,0.4612,2223.8
scan29_subset_uniform,scan29,subset_uniform,0,0,12,0.004972,5.1701,3.5795,1.0,0.0,0.0,706.0017,0.074411,0.002254,0.5166,2259.17
scan29_subset_uniform,scan29,subset_uniform,1,8,12,0.006533,7.3761,4.9302,1.0,0.005,1.7567,708.8246,0.077289,0.003478,0.5166,2259.17
scan29_subset_uniform,scan29,subset_uniform,2,16,12,0.006995,9.9518,5.5199,0.999853,0.0068,0.9421,687.8399,0.078573,0.002014,0.5166,2259.17
scan29_subset_uniform,scan29,subset_uniform,3,24,12,0.009572,18.6312,7.9125,0.999477,0.0055,0.7389,700.0753,0.078018,0.001997,0.5166,2259.17
scan29_subset_uniform,scan29,subset_uniform,4,32,12,0.017577,48.498,14.9332,0.991515,0.0124,0.0949,703.0261,0.080154,0.003526,0.5166,2259.17
scan29_subset_uniform,scan29,subset_uniform,5,40,12,0.006965,10.2627,5.751,0.999982,0.0158,1.1015,665.0075,0.081605,0.003678,0.5166,2259.17
scan29_subset_uniform,scan29,subset_uniform,0,0,14,0.005347,5.6026,3.8541,1.0,0.0,0.0,705.9963,0.066572,0.00419,0.5315,2296.81
scan29_subset_uniform,scan29,subset_uniform,1,8,14,0.007806,8.2397,5.9163,1.0,0.0086,2.1653,708.8185,0.070235,0.001833,0.5315,2296.81
scan29_subset_uniform,scan29,subset_uniform,2,16,14,0.008346,10.9422,6.6156,0.999843,0.0121,0.7149,687.8334,0.07113,0.002567,0.5315,2296.81
scan29_subset_uniform,scan29,subset_uniform,3,24,14,0.010702,19.3317,8.8685,0.999544,0.01,0.5744,700.0686,0.070722,0.002682,0.5315,2296.81
scan29_subset_uniform,scan29,subset_uniform,4,32,14,0.018755,49.2483,15.9632,0.991446,0.0169,0.4588,703.0197,0.072153,0.002804,0.5315,2296.81
scan29_subset_uniform,scan29,subset_uniform,5,40,14,0.008293,11.1993,6.8195,0.999982,0.0218,1.0166,665.0029,0.073133,0.006143,0.5315,2296.81
scan29_subset_uniform,scan29,subset_uniform,0,0,16,0.005482,5.8991,3.9462,1.0,0.0,0.0,705.9922,0.062459,0.002245,0.565,2332.98
scan29_subset_uniform,scan29,subset_uniform,1,8,16,0.008364,8.725,6.3632,1.0,0.01,2.5711,708.8148,0.065899,0.001006,0.565,2332.98
scan29_subset_uniform,scan29,subset_uniform,2,16,16,0.008976,11.4872,7.137,0.999825,0.0147,0.87,687.8289,0.066372,0.001045,0.565,2332.98
scan29_subset_uniform,scan29,subset_uniform,3,24,16,0.011243,19.6929,9.3406,0.99957,0.0119,0.8108,700.0638,0.066029,0.001411,0.565,2332.98
scan29_subset_uniform,scan29,subset_uniform,4,32,16,0.019338,49.4847,16.4832,0.991344,0.0178,0.5798,703.0153,0.067037,0.002699,0.565,2332.98
scan29_subset_uniform,scan29,subset_uniform,5,40,16,0.009033,11.838,7.449,0.999991,0.0246,1.0761,664.9984,0.068059,0.003582,0.565,2332.98
scan33_subset_middle,scan33,subset_middle,0,24,8,0.005419,7.2812,3.3554,0.999793,0.0,0.0,607.3339,0.098294,0.0,0.4165,2190.92
scan33_subset_middle,scan33,subset_middle,1,0,8,0.077099,152.1673,64.3656,0.841453,0.017,0.5838,614.5986,0.110619,0.0,0.4165,2190.92
scan33_subset_middle,scan33,subset_middle,2,1,8,0.041343,100.0491,33.6325,0.917903,0.0103,0.8374,602.2875,0.106182,0.0,0.4165,2190.92
scan33_subset_middle,scan33,subset_middle,3,2,8,0.028307,78.089,22.3389,0.948394,0.0066,0.9321,596.665,0.106015,0.0,0.4165,2190.92
scan33_subset_middle,scan33,subset_middle,4,3,8,0.055518,116.4191,44.6612,0.882919,0.0049,0.7692,612.5367,0.108596,0.0,0.4165,2190.92
scan33_subset_middle,scan33,subset_middle,5,4,8,0.076512,132.3851,60.0774,0.818106,0.0053,0.8458,618.6826,0.111363,0.0,0.4165,2190.92
scan33_subset_middle,scan33,subset_middle,0,24,10,0.005074,7.2395,3.1544,0.999793,0.0,0.0,607.3233,0.082383,0.010362,0.4433,2223.27
scan33_subset_middle,scan33,subset_middle,1,0,10,0.07598,151.4061,63.5923,0.841453,0.0148,0.2027,614.5883,0.08886,0.006122,0.4433,2223.27
scan33_subset_middle,scan33,subset_middle,2,1,10,0.040509,99.8712,33.096,0.917903,0.0103,0.3128,602.2775,0.086394,0.004166,0.4433,2223.27
scan33_subset_middle,scan33,subset_middle,3,2,10,0.028172,77.8921,22.2718,0.948369,0.0061,0.2185,596.6557,0.086139,0.003054,0.4433,2223.27
scan33_subset_middle,scan33,subset_middle,4,3,10,0.054996,116.1039,44.3208,0.882383,0.0013,0.302,612.5277,0.087883,0.00371,0.4433,2223.27
scan33_subset_middle,scan33,subset_middle,5,4,10,0.076558,132.5369,60.161,0.818329,0.0032,0.2784,618.674,0.089912,0.004743,0.4433,2223.27
scan33_subset_middle,scan33,subset_middle,0,24,12,0.004619,7.0817,2.8721,0.999793,0.0,0.0,607.3185,0.074883,0.005549,0.5151,2263.57
scan33_subset_middle,scan33,subset_middle,1,0,12,0.074761,151.1396,62.8048,0.841453,0.0118,0.0862,614.5823,0.078558,0.003702,0.5151,2263.57
scan33_subset_middle,scan33,subset_middle,2,1,12,0.039042,99.5755,32.1423,0.917903,0.0091,0.0442,602.2722,0.077866,0.003496,0.5151,2263.57
scan33_subset_middle,scan33,subset_middle,3,2,12,0.026616,77.535,21.2581,0.948344,0.0046,0.1327,596.6506,0.077677,0.003308,0.5151,2263.57
scan33_subset_middle,scan33,subset_middle,4,3,12,0.053067,115.4847,43.0165,0.882383,0.0016,0.0928,612.5233,0.078924,0.003451,0.5151,2263.57
scan33_subset_middle,scan33,subset_middle,5,4,12,0.075025,131.8698,59.1002,0.818879,0.0054,0.1454,618.6695,0.079839,0.004125,0.5151,2263.57
scan33_subset_middle,scan33,subset_middle,0,24,14,0.004584,7.035,2.8502,0.999793,0.0,0.0,607.3147,0.069838,0.004409,0.5336,2298.59
scan33_subset_middle,scan33,subset_middle,1,0,14,0.074029,150.6811,62.2922,0.841453,0.0091,0.1791,614.5775,0.072811,0.00312,0.5336,2298.59
scan33_subset_middle,scan33,subset_middle,2,1,14,0.038042,99.2494,31.4916,0.917903,0.0056,0.3045,602.2678,0.072558,0.003353,0.5336,2298.59
scan33_subset_middle,scan33,subset_middle,3,2,14,0.025759,77.3019,20.6991,0.948369,0.0032,0.1758,596.6462,0.072715,0.003266,0.5336,2298.59
scan33_subset_middle,scan33,subset_middle,4,3,14,0.052072,115.0043,42.3315,0.882514,0.0077,0.1297,612.5187,0.073207,0.003054,0.5336,2298.59
scan33_subset_middle,scan33,subset_middle,5,4,14,0.074064,131.385,58.4122,0.818894,0.0108,0.1545,618.6643,0.073415,0.003708,0.5336,2298.59
scan33_subset_middle,scan33,subset_middle,0,24,16,0.004718,7.0613,2.9322,0.999793,0.0,0.0,607.312,0.066244,0.003545,0.604,2332.16
scan33_subset_middle,scan33,subset_middle,1,0,16,0.074056,150.5008,62.2792,0.841453,0.0079,0.3986,614.5747,0.068462,0.003173,0.604,2332.16
scan33_subset_middle,scan33,subset_middle,2,1,16,0.037918,99.1328,31.4062,0.917903,0.0039,0.5536,602.2653,0.068575,0.003032,0.604,2332.16
scan33_subset_middle,scan33,subset_middle,3,2,16,0.025638,77.2338,20.6189,0.948344,0.004,0.3961,596.6438,0.068686,0.002141,0.604,2332.16
scan33_subset_middle,scan33,subset_middle,4,3,16,0.051794,114.7128,42.1347,0.882657,0.0092,0.2994,612.5164,0.068834,0.001741,0.604,2332.16
scan33_subset_middle,scan33,subset_middle,5,4,16,0.073696,131.0615,58.1474,0.818954,0.0119,0.3712,618.662,0.068763,0.002821,0.604,2332.16
scan33_subset_uniform,scan33,subset_uniform,0,0,8,0.072311,143.7759,60.5775,0.841453,0.0,0.0,614.7003,0.101914,0.0,0.4222,2186.68
scan33_subset_uniform,scan33,subset_uniform,1,8,8,0.014853,56.1438,11.8029,0.97803,0.0015,1.2733,602.6638,0.108954,0.0,0.4222,2186.68
scan33_subset_uniform,scan33,subset_uniform,2,16,8,0.005554,13.7691,3.574,0.999147,0.0111,1.4248,613.6565,0.114546,0.0,0.4222,2186.68
scan33_subset_uniform,scan33,subset_uniform,3,24,8,0.00442,6.6989,2.7324,0.999793,0.0143,0.9545,607.3522,0.109753,0.0,0.4222,2186.68
scan33_subset_uniform,scan33,subset_uniform,4,32,8,0.004339,4.1818,2.6492,1.0,0.0157,1.362,606.9307,0.113355,0.0,0.4222,2186.68
scan33_subset_uniform,scan33,subset_uniform,5,40,8,0.005084,4.9099,3.1003,1.0,0.0254,1.1757,622.3578,0.118617,0.0,0.4222,2186.68
scan33_subset_uniform,scan33,subset_uniform,0,0,10,0.071528,144.0413,60.129,0.841453,0.0,0.0,614.6957,0.084748,0.004653,0.4725,2219.75
scan33_subset_uniform,scan33,subset_uniform,1,8,10,0.013849,55.8677,11.1805,0.978041,0.0015,1.1472,602.6599,0.088387,0.004807,0.4725,2219.75
scan33_subset_uniform,scan33,subset_uniform,2,16,10,0.004877,13.5653,3.1599,0.999147,0.0027,1.1338,613.652,0.091404,0.009611,0.4725,2219.75
scan33_subset_uniform,scan33,subset_uniform,3,24,10,0.004018,6.5624,2.4944,0.999793,0.0068,0.7911,607.3482,0.09118,0.009668,0.4725,2219.75
scan33_subset_uniform,scan33,subset_uniform,4,32,10,0.004163,4.0185,2.5471,1.0,0.0051,1.0074,606.926,0.093726,0.009893,0.4725,2219.75
scan33_subset_uniform,scan33,subset_uniform,5,40,10,0.004336,4.4152,2.6376,1.0,0.0228,0.7972,622.3517,0.094644,0.011046,0.4725,2219.75
scan33_subset_uniform,scan33,subset_uniform,0,0,12,0.071435,143.8062,60.0452,0.841453,0.0,0.0,614.6985,0.074766,0.003055,0.5001,2258.59
scan33_subset_uniform,scan33,subset_uniform,1,8,12,0.013871,55.8931,11.2025,0.978041,0.0047,0.9066,602.6633,0.077245,0.00534,0.5001,2258.59
scan33_subset_uniform,scan33,subset_uniform,2,16,12,0.004852,13.5943,3.1528,0.999147,0.0056,1.1297,613.6544,0.079275,0.00513,0.5001,2258.59
scan33_subset_uniform,scan33,subset_uniform,3,24,12,0.003952,6.5291,2.45,0.999793,0.0076,0.716,607.3511,0.079652,0.009048,0.5001,2258.59
scan33_subset_uniform,scan33,subset_uniform,4,32,12,0.004004,3.8744,2.4457,1.0,0.0056,0.8276,606.9285,0.081161,0.009772,0.5001,2258.59
scan33_subset_uniform,scan33,subset_uniform,5,40,12,0.004051,4.2485,2.4617,1.0,0.0199,0.8318,622.3528,0.080824,0.006234,0.5001,2258.59
scan33_subset_uniform,scan33,subset_uniform,0,0,14,0.070981,143.2117,59.6943,0.841453,0.0,0.0,614.6971,0.06874,0.003311,0.5289,2296.29
scan33_subset_uniform,scan33,subset_uniform,1,8,14,0.013628,55.871,11.0535,0.978053,0.0058,0.8016,602.663,0.070865,0.002832,0.5289,2296.29
scan33_subset_uniform,scan33,subset_uniform,2,16,14,0.004839,13.6228,3.1487,0.999147,0.0071,1.0801,613.6539,0.072329,0.003872,0.5289,2296.29
scan33_subset_uniform,scan33,subset_uniform,3,24,14,0.004016,6.5332,2.4842,0.999793,0.0082,0.6187,607.3511,0.072699,0.007141,0.5289,2296.29
scan33_subset_uniform,scan33,subset_uniform,4,32,14,0.003973,3.8373,2.4251,1.0,0.0067,0.8596,606.9281,0.074062,0.005817,0.5289,2296.29
scan33_subset_uniform,scan33,subset_uniform,5,40,14,0.003958,4.2044,2.4057,1.0,0.0199,0.8374,622.3522,0.072952,0.005888,0.5289,2296.29
scan33_subset_uniform,scan33,subset_uniform,0,0,16,0.070805,142.9136,59.5463,0.841453,0.0,0.0,614.6985,0.064787,0.003489,0.5726,2331.89
scan33_subset_uniform,scan33,subset_uniform,1,8,16,0.013523,55.8291,10.992,0.978053,0.0058,0.8481,602.6651,0.066642,0.002514,0.5726,2331.89
scan33_subset_uniform,scan33,subset_uniform,2,16,16,0.004854,13.6337,3.1651,0.999147,0.0062,1.1588,613.6564,0.067602,0.004169,0.5726,2331.89
scan33_subset_uniform,scan33,subset_uniform,3,24,16,0.004108,6.5538,2.54,0.999793,0.0074,0.6004,607.3534,0.068023,0.005015,0.5726,2331.89
scan33_subset_uniform,scan33,subset_uniform,4,32,16,0.004039,3.7965,2.465,1.0,0.0069,0.9411,606.9301,0.06905,0.00471,0.5726,2331.89
scan33_subset_uniform,scan33,subset_uniform,5,40,16,0.004048,4.2259,2.4604,1.0,0.0232,0.8548,622.3524,0.068063,0.00595,0.5726,2331.89
scan48_subset_middle,scan48,subset_middle,0,24,8,0.004204,4.7551,2.8062,0.999931,0.0,0.0,679.8586,0.108878,0.0,0.415,2190.42
scan48_subset_middle,scan48,subset_middle,1,0,8,0.005779,8.2415,3.7814,0.999977,0.0216,0.514,647.9855,0.120214,0.0,0.415,2190.42
scan48_subset_middle,scan48,subset_middle,2,1,8,0.005647,6.1384,3.7498,1.0,0.0263,0.9976,657.3955,0.115997,0.0,0.415,2190.42
scan48_subset_middle,scan48,subset_middle,3,2,8,0.005482,4.4791,3.6103,1.0,0.0187,1.2466,665.6934,0.119485,0.0,0.415,2190.42
scan48_subset_middle,scan48,subset_middle,4,3,8,0.007783,10.7943,5.127,0.999023,0.0191,0.7391,662.1591,0.120865,0.0,0.415,2190.42
scan48_subset_middle,scan48,subset_middle,5,4,8,0.008915,10.6173,5.683,0.998953,0.0306,1.1489,653.8958,0.132455,0.0,0.415,2190.42
scan48_subset_middle,scan48,subset_middle,0,24,10,0.005627,5.5657,3.7586,0.999931,0.0,0.0,679.8387,0.09128,0.019751,0.4597,2221.15
scan48_subset_middle,scan48,subset_middle,1,0,10,0.0057,7.461,3.7292,0.999988,0.0308,0.2948,647.9661,0.097216,0.009713,0.4597,2221.15
scan48_subset_middle,scan48,subset_middle,2,1,10,0.005732,5.8082,3.8181,1.0,0.0299,1.1378,657.3762,0.095416,0.0086,0.4597,2221.15
scan48_subset_middle,scan48,subset_middle,3,2,10,0.005745,4.866,3.7821,1.0,0.0299,1.2834,665.6729,0.096917,0.009594,0.4597,2221.15
scan48_subset_middle,scan48,subset_middle,4,3,10,0.006674,9.6201,4.3965,0.999287,0.0323,0.1968,662.1415,0.09878,0.007246,0.4597,2221.15
scan48_subset_middle,scan48,subset_middle,5,4,10,0.00687,9.4339,4.3744,0.999155,0.0496,0.1413,653.8745,0.103319,0.00965,0.4597,2221.15
scan48_subset_middle,scan48,subset_middle,0,24,12,0.005215,5.3091,3.4845,0.999931,0.0,0.0,679.8306,0.080697,0.013193,0.5435,2262.38
scan48_subset_middle,scan48,subset_middle,1,0,12,0.005598,7.1099,3.6772,1.0,0.0243,0.5005,647.9575,0.084634,0.004048,0.5435,2262.38
scan48_subset_middle,scan48,subset_middle,2,1,12,0.005659,5.8203,3.7915,1.0,0.0247,0.9247,657.3683,0.083326,0.003222,0.5435,2262.38
scan48_subset_middle,scan48,subset_middle,3,2,12,0.005488,4.7375,3.6263,1.0,0.0282,1.1462,665.6646,0.083709,0.002441,0.5435,2262.38
scan48_subset_middle,scan48,subset_middle,4,3,12,0.00655,9.2331,4.3307,0.999331,0.0315,0.4173,662.1348,0.08538,0.002142,0.5435,2262.38
scan48_subset_middle,scan48,subset_middle,5,4,12,0.006451,9.2704,4.1337,0.999192,0.0453,0.3472,653.8663,0.085199,0.004147,0.5435,2262.38
scan48_subset_middle,scan48,subset_middle,0,24,14,0.004817,5.0738,3.223,0.999931,0.0,0.0,679.8249,0.072132,0.010408,0.53,2296.09
scan48_subset_middle,scan48,subset_middle,1,0,14,0.004968,6.8767,3.2641,0.999977,0.0228,0.5385,647.9507,0.074656,0.005635,0.53,2296.09
scan48_subset_middle,scan48,subset_middle,2,1,14,0.005277,5.6786,3.5314,1.0,0.0238,0.8504,657.3626,0.074144,0.004252,0.53,2296.09
scan48_subset_middle,scan48,subset_middle,3,2,14,0.004999,4.4444,3.303,1.0,0.0262,1.2743,665.6589,0.074314,0.004929,0.53,2296.09
scan48_subset_middle,scan48,subset_middle,4,3,14,0.006182,9.324,4.0961,0.999177,0.0276,0.3821,662.129,0.075033,0.004876,0.53,2296.09
scan48_subset_middle,scan48,subset_middle,5,4,14,0.006017,9.2313,3.8602,0.998915,0.0391,0.2487,653.8604,0.075112,0.00589,0.53,2296.09
scan48_subset_middle,scan48,subset_middle,0,24,16,0.004983,5.1864,3.3375,0.999931,0.0,0.0,679.8217,0.067705,0.005863,0.6095,2330.47
scan48_subset_middle,scan48,subset_middle,1,0,16,0.005054,6.8127,3.3199,0.999977,0.0243,0.6813,647.947,0.069337,0.001715,0.6095,2330.47
scan48_subset_middle,scan48,subset_middle,2,1,16,0.005413,5.7576,3.6217,1.0,0.0238,0.9016,657.3596,0.069325,0.001334,0.6095,2330.47
scan48_subset_middle,scan48,subset_middle,3,2,16,0.004947,4.4125,3.2706,1.0,0.0262,1.2169,665.6555,0.069097,0.001744,0.6095,2330.47
scan48_subset_middle,scan48,subset_middle,4,3,16,0.00616,9.2777,4.0915,0.999199,0.0279,0.4196,662.1262,0.069284,0.001845,0.6095,2330.47
scan48_subset_middle,scan48,subset_middle,5,4,16,0.006053,9.2789,3.8892,0.998928,0.0391,0.3472,653.8574,0.069601,0.002428,0.6095,2330.47
scan48_subset_uniform,scan48,subset_uniform,0,0,8,0.006271,10.4941,4.1222,0.999556,0.0,0.0,648.0127,0.106378,0.0,0.4318,2188.23
scan48_subset_uniform,scan48,subset_uniform,1,8,8,0.005155,5.3224,3.4894,0.999827,0.0064,1.347,673.5907,0.111461,0.0,0.4318,2188.23
scan48_subset_uniform,scan48,subset_uniform,2,16,8,0.004457,5.9168,3.033,0.999723,0.0137,1.491,679.1174,0.116783,0.0,0.4318,2188.23
scan48_subset_uniform,scan48,subset_uniform,3,24,8,0.00436,4.9308,2.9283,0.999931,0.0046,0.3426,679.817,0.115059,0.0,0.4318,2188.23
scan48_subset_uniform,scan48,subset_uniform,4,32,8,0.005046,4.4531,3.3333,1.0,0.016,0.2374,679.9896,0.115306,0.0,0.4318,2188.23
scan48_subset_uniform,scan48,subset_uniform,5,40,8,0.007016,22.1676,4.741,0.995523,0.0203,1.4639,682.9828,0.122393,0.0,0.4318,2188.23
scan48_subset_uniform,scan48,subset_uniform,0,0,10,0.004988,9.2132,3.2692,0.99945,0.0,0.0,648.003,0.087057,0.006139,0.4812,2224.01
scan48_subset_uniform,scan48,subset_uniform,1,8,10,0.00449,5.0466,3.0218,0.999817,0.0116,0.7955,673.5826,0.091069,0.004506,0.4812,2224.01
scan48_subset_uniform,scan48,subset_uniform,2,16,10,0.004052,5.6742,2.7333,0.999723,0.0162,1.0037,679.1099,0.093922,0.00982,0.4812,2224.01
scan48_subset_uniform,scan48,subset_uniform,3,24,10,0.0043,4.82,2.8963,0.999931,0.0131,0.251,679.8065,0.094066,0.013283,0.4812,2224.01
scan48_subset_uniform,scan48,subset_uniform,4,32,10,0.005264,4.5338,3.5011,1.0,0.0145,0.3733,679.9775,0.094296,0.015138,0.4812,2224.01
scan48_subset_uniform,scan48,subset_uniform,5,40,10,0.005933,21.9177,4.1434,0.995523,0.0193,0.958,682.974,0.097734,0.016845,0.4812,2224.01
scan48_subset_uniform,scan48,subset_uniform,0,0,12,0.004694,7.7498,3.0878,0.999848,0.0,0.0,648.0015,0.076557,0.002489,0.4825,2260.51
scan48_subset_uniform,scan48,subset_uniform,1,8,12,0.00406,4.7853,2.7347,0.999857,0.0128,0.6249,673.5805,0.079818,0.002112,0.4825,2260.51
scan48_subset_uniform,scan48,subset_uniform,2,16,12,0.003658,5.4675,2.4678,0.999723,0.0157,1.1163,679.1075,0.081325,0.0046,0.4825,2260.51
scan48_subset_uniform,scan48,subset_uniform,3,24,12,0.003814,4.5972,2.5685,0.999931,0.0177,0.4793,679.8034,0.082059,0.00969,0.4825,2260.51
scan48_subset_uniform,scan48,subset_uniform,4,32,12,0.004461,4.1192,2.9682,1.0,0.0161,0.1968,679.9741,0.082867,0.009677,0.4825,2260.51
scan48_subset_uniform,scan48,subset_uniform,5,40,12,0.006164,21.9269,4.2774,0.995523,0.022,0.7861,682.9706,0.084065,0.006988,0.4825,2260.51
scan48_subset_uniform,scan48,subset_uniform,0,0,14,0.004651,7.6843,3.0609,0.999871,0.0,0.0,647.9956,0.070266,0.004516,0.5401,2295.06
scan48_subset_uniform,scan48,subset_uniform,1,8,14,0.00385,4.9142,2.5993,0.999796,0.0099,0.8353,673.5754,0.072507,0.00389,0.5401,2295.06
scan48_subset_uniform,scan48,subset_uniform,2,16,14,0.003481,5.4174,2.3581,0.999723,0.013,1.2172,679.102,0.073217,0.006005,0.5401,2295.06
scan48_subset_uniform,scan48,subset_uniform,3,24,14,0.003573,4.5054,2.4092,0.999931,0.0164,0.5074,679.798,0.073864,0.008287,0.5401,2295.06
scan48_subset_uniform,scan48,subset_uniform,4,32,14,0.004226,4.0401,2.812,1.0,0.0145,0.0928,679.9694,0.074272,0.00892,0.5401,2295.06
scan48_subset_uniform,scan48,subset_uniform,5,40,14,0.006747,22.0214,4.6235,0.995523,0.0193,0.7155,682.9634,0.074395,0.011894,0.5401,2295.06
scan48_subset_uniform,scan48,subset_uniform,0,0,16,0.004692,8.1957,3.0886,0.999825,0.0,0.0,647.9914,0.066731,0.002707,0.573,2330.5
scan48_subset_uniform,scan48,subset_uniform,1,8,16,0.00391,5.2126,2.6469,0.999715,0.0087,0.9321,673.5717,0.068455,0.003814,0.573,2330.5
scan48_subset_uniform,scan48,subset_uniform,2,16,16,0.003499,5.444,2.3736,0.999723,0.0124,1.2059,679.0982,0.068818,0.004763,0.573,2330.5
scan48_subset_uniform,scan48,subset_uniform,3,24,16,0.003605,4.5528,2.4327,0.999931,0.0146,0.4862,679.7943,0.06947,0.007195,0.573,2330.5
scan48_subset_uniform,scan48,subset_uniform,4,32,16,0.004142,4.0343,2.7582,1.0,0.0124,0.0343,679.9657,0.069473,0.00906,0.573,2330.5
scan48_subset_uniform,scan48,subset_uniform,5,40,16,0.006795,22.0169,4.643,0.995523,0.0205,0.7478,682.96,0.069086,0.011017,0.573,2330.5
scan62_subset_middle,scan62,subset_middle,0,24,8,0.005729,6.9323,3.988,0.99999,0.0,0.0,660.9958,0.103195,0.0,0.4065,2188.05
scan62_subset_middle,scan62,subset_middle,1,0,8,0.005188,5.9503,3.4067,1.0,0.0223,0.5637,638.2302,0.11163,0.0,0.4065,2188.05
scan62_subset_middle,scan62,subset_middle,2,1,8,0.005548,6.8243,3.7279,1.0,0.0237,0.8968,644.2565,0.109106,0.0,0.4065,2188.05
scan62_subset_middle,scan62,subset_middle,3,2,8,0.005641,7.3119,3.7801,1.0,0.0102,1.0197,646.1171,0.112434,0.0,0.4065,2188.05
scan62_subset_middle,scan62,subset_middle,4,3,8,0.006839,10.249,4.4807,0.998325,0.0143,1.1547,643.3713,0.116769,0.0,0.4065,2188.05
scan62_subset_middle,scan62,subset_middle,5,4,8,0.010007,16.5177,6.3476,0.994207,0.0127,0.7325,641.9036,0.120066,0.0,0.4065,2188.05
scan62_subset_middle,scan62,subset_middle,0,24,10,0.00462,6.3379,3.2263,1.0,0.0,0.0,660.9882,0.084637,0.005599,0.4567,2227.01
scan62_subset_middle,scan62,subset_middle,1,0,10,0.004447,5.8465,2.9474,1.0,0.0253,1.1455,638.2207,0.09152,0.008492,0.4567,2227.01
scan62_subset_middle,scan62,subset_middle,2,1,10,0.004861,6.5753,3.2894,1.0,0.0221,1.1212,644.2484,0.090022,0.003283,0.4567,2227.01
scan62_subset_middle,scan62,subset_middle,3,2,10,0.00463,6.9564,3.1333,1.0,0.0145,0.8836,646.1104,0.091269,0.004035,0.4567,2227.01
scan62_subset_middle,scan62,subset_middle,4,3,10,0.005236,9.7968,3.4756,0.998325,0.0153,0.601,643.363,0.093456,0.005869,0.4567,2227.01
scan62_subset_middle,scan62,subset_middle,5,4,10,0.007577,15.6986,4.8379,0.99459,0.0181,0.8159,641.896,0.095501,0.004094,0.4567,2227.01
scan62_subset_middle,scan62,subset_middle,0,24,12,0.004604,6.3139,3.2188,1.0,0.0,0.0,660.9866,0.075309,0.00282,0.4941,2261.19
scan62_subset_middle,scan62,subset_middle,1,0,12,0.004389,5.7364,2.9055,1.0,0.0208,1.3404,638.2183,0.079758,0.005837,0.4941,2261.19
scan62_subset_middle,scan62,subset_middle,2,1,12,0.004926,6.5753,3.3367,1.0,0.0188,1.2839,644.2462,0.078906,0.003556,0.4941,2261.19
scan62_subset_middle,scan62,subset_middle,3,2,12,0.004874,7.3169,3.3054,1.0,0.0159,0.9923,646.1086,0.079826,0.002644,0.4941,2261.19
scan62_subset_middle,scan62,subset_middle,4,3,12,0.004868,9.7232,3.2446,0.998351,0.017,0.5581,643.3611,0.080711,0.002757,0.4941,2261.19
scan62_subset_middle,scan62,subset_middle,5,4,12,0.006869,15.513,4.4055,0.994718,0.0202,0.7346,641.8938,0.081955,0.002783,0.4941,2261.19
scan62_subset_middle,scan62,subset_middle,0,24,14,0.00461,6.3353,3.2241,1.0,0.0,0.0,660.9846,0.069667,0.002679,0.5516,2296.28
scan62_subset_middle,scan62,subset_middle,1,0,14,0.004309,5.6254,2.8504,1.0,0.0181,1.3702,638.2159,0.073005,0.001789,0.5516,2296.28
scan62_subset_middle,scan62,subset_middle,2,1,14,0.004859,6.5786,3.2956,1.0,0.0181,1.2182,644.2439,0.072325,0.001607,0.5516,2296.28
scan62_subset_middle,scan62,subset_middle,3,2,14,0.004906,7.3551,3.3313,1.0,0.0159,0.998,646.1067,0.072671,0.001305,0.5516,2296.28
scan62_subset_middle,scan62,subset_middle,4,3,14,0.004717,9.6947,3.1519,0.998351,0.0166,0.4164,643.3598,0.073339,0.002719,0.5516,2296.28
scan62_subset_middle,scan62,subset_middle,5,4,14,0.006711,15.511,4.3137,0.994885,0.0212,0.6259,641.892,0.073817,0.002357,0.5516,2296.28
scan62_subset_middle,scan62,subset_middle,0,24,16,0.004459,6.2521,3.1192,1.0,0.0,0.0,660.9855,0.06545,0.002104,0.572,2331.62
scan62_subset_middle,scan62,subset_middle,1,0,16,0.004255,5.5305,2.8139,1.0,0.016,1.2353,638.217,0.067938,0.000873,0.572,2331.62
scan62_subset_middle,scan62,subset_middle,2,1,16,0.004757,6.553,3.2297,1.0,0.0159,0.9911,644.245,0.067585,0.001388,0.572,2331.62
scan62_subset_middle,scan62,subset_middle,3,2,16,0.004686,7.1547,3.1872,1.0,0.0144,0.9164,646.1083,0.067651,0.001071,0.572,2331.62
scan62_subset_middle,scan62,subset_middle,4,3,16,0.004642,9.6586,3.1048,0.998351,0.0155,0.3664,643.3618,0.068032,0.000846,0.572,2331.62
scan62_subset_middle,scan62,subset_middle,5,4,16,0.006706,15.5582,4.3089,0.995243,0.0201,0.4858,641.8935,0.068033,0.001456,0.572,2331.62
scan62_subset_uniform,scan62,subset_uniform,0,0,8,0.005902,7.298,3.8949,1.0,0.0,0.0,638.279,0.117169,0.0,0.416,2189.92
scan62_subset_uniform,scan62,subset_uniform,1,8,8,0.005381,5.66,3.6702,1.0,0.0285,2.4409,650.6166,0.126845,0.0,0.416,2189.92
scan62_subset_uniform,scan62,subset_uniform,2,16,8,0.00514,6.3774,3.5152,1.0,0.0225,1.0708,655.3264,0.130511,0.0,0.416,2189.92
scan62_subset_uniform,scan62,subset_uniform,3,24,8,0.005975,6.394,4.161,1.0,0.0298,1.6798,660.9941,0.122742,0.0,0.416,2189.92
scan62_subset_uniform,scan62,subset_uniform,4,32,8,0.006391,6.8165,4.442,1.0,0.0346,1.7613,666.4313,0.124548,0.0,0.416,2189.92
scan62_subset_uniform,scan62,subset_uniform,5,40,8,0.005114,5.4262,3.3071,1.0,0.025,0.2954,673.0377,0.127677,0.0,0.416,2189.92
scan62_subset_uniform,scan62,subset_uniform,0,0,10,0.004767,6.9325,3.1638,1.0,0.0,0.0,638.2866,0.088151,0.006404,0.4644,2223.4
scan62_subset_uniform,scan62,subset_uniform,1,8,10,0.004375,5.1053,3.0086,1.0,0.0241,1.7004,650.6235,0.093706,0.007357,0.4644,2223.4
scan62_subset_uniform,scan62,subset_uniform,2,16,10,0.004479,6.2371,3.0763,1.0,0.0235,0.6775,655.3359,0.095911,0.008271,0.4644,2223.4
scan62_subset_uniform,scan62,subset_uniform,3,24,10,0.004971,5.8931,3.469,1.0,0.0248,1.228,661.0018,0.093975,0.007249,0.4644,2223.4
scan62_subset_uniform,scan62,subset_uniform,4,32,10,0.005139,6.235,3.585,1.0,0.0291,1.4556,666.4379,0.095679,0.00592,0.4644,2223.4
scan62_subset_uniform,scan62,subset_uniform,5,40,10,0.003927,4.8006,2.5345,1.0,0.0182,0.1507,673.041,0.098071,0.010347,0.4644,2223.4
scan62_subset_uniform,scan62,subset_uniform,0,0,12,0.004597,6.7185,3.0503,1.0,0.0,0.0,638.2942,0.075424,0.006148,0.5159,2260.35
scan62_subset_uniform,scan62,subset_uniform,1,8,12,0.004162,4.9286,2.8621,1.0,0.0194,1.1383,650.633,0.07845,0.007251,0.5159,2260.35
scan62_subset_uniform,scan62,subset_uniform,2,16,12,0.004114,5.8599,2.8241,1.0,0.0181,0.2455,655.3436,0.079384,0.006944,0.5159,2260.35
scan62_subset_uniform,scan62,subset_uniform,3,24,12,0.004561,5.8006,3.1896,1.0,0.0187,0.5733,661.0098,0.078961,0.004787,0.5159,2260.35
scan62_subset_uniform,scan62,subset_uniform,4,32,12,0.004667,6.0289,3.2662,1.0,0.0217,0.9177,666.4448,0.08029,0.003922,0.5159,2260.35
scan62_subset_uniform,scan62,subset_uniform,5,40,12,0.003645,4.6704,2.3632,1.0,0.0174,0.4375,673.0428,0.080641,0.006824,0.5159,2260.35
scan62_subset_uniform,scan62,subset_uniform,0,0,14,0.004506,6.6132,2.9916,1.0,0.0,0.0,638.2955,0.068633,0.001957,0.5526,2296.82
scan62_subset_uniform,scan62,subset_uniform,1,8,14,0.004193,4.9272,2.8829,1.0,0.0165,0.8204,650.6349,0.070148,0.001478,0.5526,2296.82
scan62_subset_uniform,scan62,subset_uniform,2,16,14,0.003978,5.8883,2.7336,1.0,0.015,0.0442,655.3447,0.070764,0.002938,0.5526,2296.82
scan62_subset_uniform,scan62,subset_uniform,3,24,14,0.004443,5.8804,3.1114,1.0,0.0153,0.368,661.0112,0.071161,0.003104,0.5526,2296.82
scan62_subset_uniform,scan62,subset_uniform,4,32,14,0.004454,5.8952,3.121,1.0,0.0161,0.5595,666.4459,0.072011,0.002773,0.5526,2296.82
scan62_subset_uniform,scan62,subset_uniform,5,40,14,0.003534,4.6462,2.2965,1.0,0.0133,0.4838,673.0468,0.071828,0.005154,0.5526,2296.82
scan62_subset_uniform,scan62,subset_uniform,0,0,16,0.004452,6.5378,2.9577,1.0,0.0,0.0,638.2983,0.064566,0.002072,0.5847,2332.14
scan62_subset_uniform,scan62,subset_uniform,1,8,16,0.004145,4.9189,2.8547,1.0,0.0154,0.703,650.6384,0.065568,0.00103,0.5847,2332.14
scan62_subset_uniform,scan62,subset_uniform,2,16,16,0.003902,5.9382,2.6865,1.0,0.0142,0.1835,655.3479,0.065879,0.002292,0.5847,2332.14
scan62_subset_uniform,scan62,subset_uniform,3,24,16,0.004372,5.8974,3.0656,1.0,0.0134,0.3286,661.0143,0.066334,0.002722,0.5847,2332.14
scan62_subset_uniform,scan62,subset_uniform,4,32,16,0.004356,5.8535,3.0561,1.0,0.0136,0.4481,666.4484,0.067006,0.003187,0.5847,2332.14
scan62_subset_uniform,scan62,subset_uniform,5,40,16,0.003501,4.6653,2.2781,1.0,0.0119,0.6107,673.0485,0.066911,0.004676,0.5847,2332.14
scan110_subset_middle,scan110,subset_middle,0,24,8,0.005397,5.6573,3.6092,1.0,0.0,0.0,656.2943,0.102022,0.0,0.415,2187.85
scan110_subset_middle,scan110,subset_middle,1,0,8,0.010738,17.4876,6.8729,0.995574,0.0191,4.2832,652.7358,0.112626,0.0,0.415,2187.85
scan110_subset_middle,scan110,subset_middle,2,1,8,0.009564,14.1927,6.1132,0.99995,0.0116,0.0949,655.7955,0.110118,0.0,0.415,2187.85
scan110_subset_middle,scan110,subset_middle,3,2,8,0.013523,34.5343,9.4129,0.985929,0.0058,1.3523,660.7637,0.114272,0.0,0.415,2187.85
scan110_subset_middle,scan110,subset_middle,4,3,8,0.031294,70.0339,23.1041,0.946109,0.0078,0.6498,665.7095,0.113275,0.0,0.415,2187.85
scan110_subset_middle,scan110,subset_middle,5,4,8,0.071496,112.1046,53.4387,0.827868,0.0108,0.3846,672.235,0.128536,0.0,0.415,2187.85
scan110_subset_middle,scan110,subset_middle,0,24,10,0.003989,4.6196,2.6898,1.0,0.0,0.0,656.2846,0.083933,0.011381,0.4593,2223.54
scan110_subset_middle,scan110,subset_middle,1,0,10,0.009431,16.831,6.0515,0.996783,0.0178,3.0801,652.727,0.09081,0.015099,0.4593,2223.54
scan110_subset_middle,scan110,subset_middle,2,1,10,0.007047,12.6419,4.5728,1.0,0.0101,0.5521,655.7861,0.089089,0.005746,0.4593,2223.54
scan110_subset_middle,scan110,subset_middle,3,2,10,0.010783,33.1932,7.7073,0.985929,0.0036,0.9264,660.7552,0.090752,0.006049,0.4593,2223.54
scan110_subset_middle,scan110,subset_middle,4,3,10,0.02742,67.3004,20.6142,0.946421,0.0047,0.2698,665.6996,0.091654,0.009882,0.4593,2223.54
scan110_subset_middle,scan110,subset_middle,5,4,10,0.067003,109.1398,50.4607,0.832538,0.0096,0.5872,672.2277,0.098709,0.0053,0.4593,2223.54
scan110_subset_middle,scan110,subset_middle,0,24,12,0.003655,4.3993,2.4735,1.0,0.0,0.0,656.2865,0.075074,0.008297,0.4861,2262.23
scan110_subset_middle,scan110,subset_middle,1,0,12,0.008808,16.1117,5.6512,0.99714,0.018,2.602,652.7286,0.079618,0.010408,0.4861,2262.23
scan110_subset_middle,scan110,subset_middle,2,1,12,0.006571,12.1903,4.29,1.0,0.0101,0.5553,655.7867,0.078584,0.00277,0.4861,2262.23
scan110_subset_middle,scan110,subset_middle,3,2,12,0.00983,32.7225,7.116,0.985929,0.0025,0.1747,660.7581,0.079698,0.004053,0.4861,2262.23
scan110_subset_middle,scan110,subset_middle,4,3,12,0.025965,66.0544,19.6625,0.94649,0.0063,0.6392,665.7017,0.080185,0.00292,0.4861,2262.23
scan110_subset_middle,scan110,subset_middle,5,4,12,0.065022,107.4628,49.1004,0.833158,0.0086,0.9444,672.2298,0.083294,0.002805,0.4861,2262.23
scan110_subset_middle,scan110,subset_middle,0,24,14,0.003633,4.3735,2.4632,1.0,0.0,0.0,656.2841,0.069824,0.005357,0.5233,2294.26
scan110_subset_middle,scan110,subset_middle,1,0,14,0.008717,15.8725,5.5892,0.997293,0.015,1.8056,652.727,0.073032,0.009086,0.5233,2294.26
scan110_subset_middle,scan110,subset_middle,2,1,14,0.006427,11.9813,4.1994,1.0,0.0073,0.5113,655.7843,0.07254,0.002128,0.5233,2294.26
scan110_subset_middle,scan110,subset_middle,3,2,14,0.009468,32.3765,6.8936,0.98598,0.0039,0.4025,660.7563,0.073176,0.002485,0.5233,2294.26
scan110_subset_middle,scan110,subset_middle,4,3,14,0.025269,65.3031,19.1966,0.946542,0.0092,0.7322,665.6993,0.073277,0.00164,0.5233,2294.26
scan110_subset_middle,scan110,subset_middle,5,4,14,0.063881,106.1384,48.2721,0.833572,0.0105,0.8944,672.2264,0.075069,0.00275,0.5233,2294.26
scan110_subset_middle,scan110,subset_middle,0,24,16,0.00361,4.3479,2.447,1.0,0.0,0.0,656.2847,0.065819,0.005284,0.5936,2331.35
scan110_subset_middle,scan110,subset_middle,1,0,16,0.008684,15.8035,5.5639,0.997447,0.0123,1.2399,652.7275,0.068128,0.007458,0.5936,2331.35
scan110_subset_middle,scan110,subset_middle,2,1,16,0.006373,11.8457,4.1627,1.0,0.0061,0.5567,655.7847,0.067885,0.001971,0.5936,2331.35
scan110_subset_middle,scan110,subset_middle,3,2,16,0.009354,32.2714,6.8211,0.98598,0.0053,0.4723,660.7568,0.068139,0.002159,0.5936,2331.35
scan110_subset_middle,scan110,subset_middle,4,3,16,0.025062,64.8796,19.0434,0.946628,0.0092,0.8157,665.7004,0.068207,0.001442,0.5936,2331.35
scan110_subset_middle,scan110,subset_middle,5,4,16,0.06323,105.2049,47.7767,0.834192,0.009,0.8527,672.2273,0.069055,0.001985,0.5936,2331.35
scan110_subset_uniform,scan110,subset_uniform,0,0,8,0.009976,17.0527,6.3736,0.996068,0.0,0.0,652.7841,0.099693,0.0,0.4048,2188.14
scan110_subset_uniform,scan110,subset_uniform,1,8,8,0.00676,11.8867,4.4897,0.996717,0.0086,1.5577,658.7383,0.106696,0.0,0.4048,2188.14
scan110_subset_uniform,scan110,subset_uniform,2,16,8,0.006473,8.3604,4.2784,1.0,0.0117,0.6492,659.5054,0.11371,0.0,0.4048,2188.14
scan110_subset_uniform,scan110,subset_uniform,3,24,8,0.004177,4.6665,2.8264,1.0,0.0068,1.0781,656.3281,0.109354,0.0,0.4048,2188.14
scan110_subset_uniform,scan110,subset_uniform,4,32,8,0.004855,5.8166,3.285,1.0,0.0145,1.2356,655.6917,0.110144,0.0,0.4048,2188.14
scan110_subset_uniform,scan110,subset_uniform,5,40,8,0.006565,8.2693,4.2711,0.99969,0.0221,1.0023,658.6911,0.120681,0.0,0.4048,2188.14
scan110_subset_uniform,scan110,subset_uniform,0,0,10,0.009001,16.4537,5.7538,0.99697,0.0,0.0,652.7802,0.082765,0.002739,0.4449,2220.92
scan110_subset_uniform,scan110,subset_uniform,1,8,10,0.005694,11.2472,3.8068,0.997253,0.0085,1.4961,658.7356,0.087475,0.00202,0.4449,2220.92
scan110_subset_uniform,scan110,subset_uniform,2,16,10,0.005383,7.543,3.5725,1.0,0.009,0.6752,659.5012,0.091433,0.004071,0.4449,2220.92
scan110_subset_uniform,scan110,subset_uniform,3,24,10,0.003679,4.3664,2.4896,1.0,0.009,0.9068,656.3254,0.088835,0.008194,0.4449,2220.92
scan110_subset_uniform,scan110,subset_uniform,4,32,10,0.003952,5.3799,2.6828,1.0,0.0134,0.9794,655.689,0.09007,0.012794,0.4449,2220.92
scan110_subset_uniform,scan110,subset_uniform,5,40,10,0.005713,7.9114,3.7437,0.99969,0.0109,0.8344,658.6864,0.092867,0.012675,0.4449,2220.92
scan110_subset_uniform,scan110,subset_uniform,0,0,12,0.008772,16.205,5.6083,0.997072,0.0,0.0,652.7853,0.074031,0.005233,0.5014,2257.24
scan110_subset_uniform,scan110,subset_uniform,1,8,12,0.005279,10.9885,3.5388,0.997664,0.0091,1.3956,658.7413,0.077316,0.003951,0.5014,2257.24
scan110_subset_uniform,scan110,subset_uniform,2,16,12,0.005008,7.2489,3.3263,1.0,0.0074,0.6091,659.5073,0.07936,0.002459,0.5014,2257.24
scan110_subset_uniform,scan110,subset_uniform,3,24,12,0.003562,4.2906,2.4132,1.0,0.0087,0.9081,656.3307,0.078653,0.007352,0.5014,2257.24
scan110_subset_uniform,scan110,subset_uniform,4,32,12,0.003782,5.3092,2.568,1.0,0.0135,1.0009,655.6947,0.079593,0.010562,0.5014,2257.24
scan110_subset_uniform,scan110,subset_uniform,5,40,12,0.005229,7.7426,3.438,0.99969,0.0142,0.7428,658.6923,0.080388,0.012094,0.5014,2257.24
scan110_subset_uniform,scan110,subset_uniform,0,0,14,0.008727,16.2302,5.5737,0.99714,0.0,0.0,652.7895,0.068385,0.003696,0.5413,2296.23
scan110_subset_uniform,scan110,subset_uniform,1,8,14,0.005188,10.9102,3.4801,0.997853,0.0121,1.0884,658.7457,0.070625,0.001342,0.5413,2296.23
scan110_subset_uniform,scan110,subset_uniform,2,16,14,0.004916,7.1163,3.2645,1.0,0.0097,0.6234,659.5117,0.07161,0.001021,0.5413,2296.23
scan110_subset_uniform,scan110,subset_uniform,3,24,14,0.00358,4.2854,2.4244,1.0,0.0089,0.7999,656.3352,0.071646,0.002753,0.5413,2296.23
scan110_subset_uniform,scan110,subset_uniform,4,32,14,0.0038,5.3239,2.5793,1.0,0.0111,0.9232,655.6998,0.072556,0.005709,0.5413,2296.23
scan110_subset_uniform,scan110,subset_uniform,5,40,14,0.005071,7.7037,3.3404,0.99969,0.0169,0.737,658.6968,0.072659,0.005361,0.5413,2296.23
scan110_subset_uniform,scan110,subset_uniform,0,0,16,0.008803,16.116,5.6225,0.997328,0.0,0.0,652.7924,0.064769,0.003237,0.5917,2333.34
scan110_subset_uniform,scan110,subset_uniform,1,8,16,0.005221,10.7543,3.5005,0.998295,0.0151,1.0025,658.7491,0.066374,0.002289,0.5917,2333.34
scan110_subset_uniform,scan110,subset_uniform,2,16,16,0.004865,6.928,3.2303,1.0,0.0119,0.603,659.515,0.066907,0.005048,0.5917,2333.34
scan110_subset_uniform,scan110,subset_uniform,3,24,16,0.003716,4.3492,2.5141,1.0,0.0105,0.899,656.3384,0.067105,0.005185,0.5917,2333.34
scan110_subset_uniform,scan110,subset_uniform,4,32,16,0.003852,5.3559,2.6128,1.0,0.0107,0.9858,655.7032,0.067891,0.008033,0.5917,2333.34
scan110_subset_uniform,scan110,subset_uniform,5,40,16,0.004864,7.6246,3.2135,0.99969,0.017,0.7538,658.6989,0.068144,0.007259,0.5917,2333.34
