scene,subset,view_idx,frame_id,step_i,abs_rel,rmse,mae,delta1,geom_l2,rot_err_deg,trans_err_deg,hidden_delta_1step,hidden_delta_2step,depth_delta,abs_rel_16,future_gain,oracle_k_star_1pct,oracle_k_star_2pct,oracle_k_star_5pct,oracle_k_star_10pct,safe_to_halt_1pct,safe_to_halt_2pct,safe_to_halt_5pct,safe_to_halt_10pct
scan1,subset_middle,0,24,8,0.0036557468120008707,6.670477867126465,2.3901548385620117,0.9996281266212463,645.3838500976562,0.0,0.0,0.06302516907453537,0.12978443503379822,0.0,0.004100610502064228,-0.00044486369006335735,8,8,8,8,1,1,1,1
scan1,subset_middle,1,0,8,0.009107130579650402,18.01166534423828,6.28811502456665,0.9972519874572754,644.590576171875,0.0,1.31536865234375,0.06907843798398972,0.14175723493099213,0.0,0.006002626847475767,0.003104503732174635,10,10,10,10,0,0,0,0
scan1,subset_middle,2,1,8,0.006666087545454502,10.225929260253906,4.285360336303711,0.9983422160148621,652.76416015625,0.0,4.11765718460083,0.06821053475141525,0.14141610264778137,0.0,0.005082026124000549,0.0015840614214539528,10,10,10,10,0,0,0,0
scan1,subset_middle,3,2,8,0.006249202415347099,5.3496222496032715,4.02169942855835,1.0,652.1631469726562,0.0,3.2190535068511963,0.06961449235677719,0.14437781274318695,0.0,0.003950988873839378,0.002298213541507721,10,10,10,10,0,0,0,0
scan1,subset_middle,4,3,8,0.007507906295359135,6.5747857093811035,4.939772129058838,1.0,655.3831176757812,0.0,0.0,0.06951521337032318,0.14405906200408936,0.0,0.003305153688415885,0.00420275260694325,12,12,12,12,0,0,0,0
scan1,subset_middle,5,4,8,0.008883877657353878,8.93320083618164,5.920082092285156,0.9997252225875854,647.48779296875,0.0,1.2979965209960938,0.07116509228944778,0.14715877175331116,0.0,0.0032369771506637335,0.0056469005066901445,12,12,12,12,0,0,0,0
scan1,subset_middle,0,24,10,0.0030388759914785624,6.063965797424316,1.9520424604415894,0.999595046043396,645.370849609375,0.0,0.0,0.05563714727759361,0.10960381478071213,0.010406401939690113,0.004100610502064228,-0.0010617345105856657,8,8,8,8,1,1,1,1
scan1,subset_middle,1,0,10,0.00441772909834981,16.738689422607422,3.073972463607788,0.9972424507141113,644.5792236328125,0.0,0.0,0.059741005301475525,0.11761569231748581,0.0075346678495407104,0.006002626847475767,-0.0015848977491259575,10,10,10,10,1,1,1,1
scan1,subset_middle,2,1,10,0.003743822453543544,9.047964096069336,2.3832600116729736,0.9983810782432556,652.7543334960938,0.0,0.0,0.05963844433426857,0.11732205003499985,0.005776654928922653,0.005082026124000549,-0.0013382036704570055,10,10,10,10,1,1,1,1
scan1,subset_middle,3,2,10,0.003229741705581546,3.2345540523529053,2.0868914127349854,1.0,652.1539916992188,0.0,0.0,0.060684435069561005,0.11932338774204254,0.005425064824521542,0.003950988873839378,-0.0007212471682578325,10,10,10,10,1,1,1,1
scan1,subset_middle,4,3,10,0.0037912551779299974,3.922304391860962,2.47668194770813,0.9999919533729553,655.3756713867188,0.0,0.0,0.06047732010483742,0.11891598999500275,0.005470798816531897,0.003305153688415885,0.00048610148951411247,12,12,12,12,0,0,0,0
scan1,subset_middle,5,4,10,0.004659946076571941,5.42791748046875,3.097900867462158,0.999826967716217,647.4807739257812,0.0,3.5286426544189453,0.061900027096271515,0.12186679244041443,0.005566150415688753,0.0032369771506637335,0.001422968925908208,12,12,12,12,0,0,0,0
scan1,subset_middle,0,24,12,0.0034969723783433437,6.099589824676514,2.2399275302886963,0.9996115565299988,645.3618774414062,0.0,0.0,0.056891243904829025,0.1089186742901802,0.009350208565592766,0.004100610502064228,-0.0006036381237208843,8,8,8,8,1,1,1,1
scan1,subset_middle,1,0,12,0.004210681188851595,16.578630447387695,2.9158334732055664,0.9972615838050842,644.5714111328125,0.0,0.0,0.06039927154779434,0.11535055190324783,0.0048156133852899075,0.006002626847475767,-0.0017919456586241722,10,10,10,10,1,1,1,1
scan1,subset_middle,2,1,12,0.0038376711308956146,8.893903732299805,2.446545362472534,0.9984356164932251,652.7467041015625,0.0,0.4068635404109955,0.06017051637172699,0.11503248661756516,0.004233687650412321,0.005082026124000549,-0.0012443549931049347,10,10,10,10,1,1,1,1
scan1,subset_middle,3,2,12,0.003119590925052762,3.0352680683135986,2.0199081897735596,1.0,652.1463012695312,0.0,1.7196496725082397,0.06074988842010498,0.11639156937599182,0.004383800085633993,0.003950988873839378,-0.0008313979487866163,10,10,10,10,1,1,1,1
scan1,subset_middle,4,3,12,0.002958528930321336,3.4745571613311768,1.932804822921753,0.9999839067459106,655.3695068359375,0.0,0.0,0.06046581640839577,0.11591391265392303,0.004284627735614777,0.003305153688415885,-0.0003466247580945492,12,12,12,12,1,1,1,1
scan1,subset_middle,5,4,12,0.003074467182159424,4.14940881729126,1.994062900543213,0.9998473525047302,647.4751586914062,0.0,0.0,0.06136605143547058,0.11762280017137527,0.00500849774107337,0.0032369771506637335,-0.00016250996850430965,12,12,12,12,1,1,1,1
scan1,subset_middle,0,24,14,0.0038232558872550726,6.271420001983643,2.4449856281280518,0.9996033310890198,645.3521118164062,0.0,0.0,0.05957098677754402,0.11329305171966553,0.00923432782292366,0.004100610502064228,-0.00027735461480915546,8,8,8,8,1,1,1,1
scan1,subset_middle,1,0,14,0.005147624295204878,16.614774703979492,3.5113205909729004,0.9972615838050842,644.5628662109375,0.0,0.0,0.06268005073070526,0.11935318261384964,0.005704372655600309,0.006002626847475767,-0.0008550025522708893,10,10,10,10,1,1,1,1
scan1,subset_middle,2,1,14,0.004542697686702013,8.971105575561523,2.8940134048461914,0.9984900951385498,652.7377319335938,0.0,0.0,0.062462981790304184,0.11889338493347168,0.006001644302159548,0.005082026124000549,-0.0005393284372985363,10,10,10,10,1,1,1,1
scan1,subset_middle,3,2,14,0.003614779096096754,3.263542652130127,2.3325164318084717,1.0,652.1371459960938,0.0,0.0,0.06273478269577026,0.1196942999958992,0.006349554751068354,0.003950988873839378,-0.0003362097777426243,10,10,10,10,1,1,1,1
scan1,subset_middle,4,3,14,0.003101024543866515,3.5409657955169678,2.0213587284088135,0.9999597668647766,655.3615112304688,0.0,0.0,0.0627497136592865,0.11936450749635696,0.006829710677266121,0.003305153688415885,-0.0002041291445493698,12,12,12,12,1,1,1,1
scan1,subset_middle,5,4,14,0.0030462301801890135,4.260067462921143,1.9522322416305542,0.999857485294342,647.4678344726562,0.0,2.965175151824951,0.06325611472129822,0.1205473318696022,0.0069203367456793785,0.0032369771506637335,-0.00019074697047472,12,12,12,12,1,1,1,1
scan1,subset_middle,0,24,16,0.004100610502064228,6.454098224639893,2.627500534057617,0.9996033310890198,645.341796875,0.0,0.0,0.06543932855129242,0.12434310466051102,0.009405149146914482,0.004100610502064228,0.0,8,8,8,8,1,1,1,1
scan1,subset_middle,1,0,16,0.006002626847475767,16.695423126220703,4.082154273986816,0.9972711801528931,644.553955078125,0.0,3.7358591556549072,0.06714875251054764,0.1284172385931015,0.006584666669368744,0.006002626847475767,0.0,10,10,10,10,1,1,1,1
scan1,subset_middle,2,1,16,0.005082026124000549,9.103490829467773,3.243248224258423,0.9985523223876953,652.7280883789062,0.0,0.0,0.06727483123540878,0.12852506339550018,0.006756965070962906,0.005082026124000549,0.0,10,10,10,10,1,1,1,1
scan1,subset_middle,3,2,16,0.003950988873839378,3.4602019786834717,2.5444936752319336,1.0,652.12744140625,0.0,2.8612232208251953,0.06725813448429108,0.12890322506427765,0.00581063237041235,0.003950988873839378,0.0,10,10,10,10,1,1,1,1
scan1,subset_middle,4,3,16,0.003305153688415885,3.6133203506469727,2.1462087631225586,0.9999597668647766,655.3528442382812,0.0,0.0,0.06726744025945663,0.12872536480426788,0.006313418969511986,0.003305153688415885,0.0,12,12,12,12,1,1,1,1
scan1,subset_middle,5,4,16,0.0032369771506637335,4.738245487213135,2.0633926391601562,0.999796450138092,647.46044921875,0.0,0.8917517066001892,0.06740348786115646,0.12915320694446564,0.0058754864148795605,0.0032369771506637335,0.0,12,12,12,12,1,1,1,1
scan1,subset_uniform,0,0,8,0.009752378799021244,18.254446029663086,6.746885299682617,0.9972328543663025,644.6051635742188,0.0,0.0,0.0609821081161499,0.1252468228340149,0.0,0.003913204185664654,0.00583917461335659,14,14,14,12,0,0,0,0
scan1,subset_uniform,1,8,8,0.00643025292083621,5.209193229675293,4.086225986480713,0.9999775886535645,651.0496826171875,0.0,0.0,0.06732139736413956,0.13911472260951996,0.0,0.002798883244395256,0.003631369676440954,14,14,12,12,0,0,0,0
scan1,subset_uniform,2,16,8,0.004358433187007904,4.377997875213623,2.9205965995788574,1.0,652.5935668945312,0.0,3.666288375854492,0.06914371252059937,0.14096815884113312,0.0,0.0026719924062490463,0.0016864407807588577,14,14,12,12,0,0,0,0
scan1,subset_uniform,3,24,8,0.003684020135551691,6.678746700286865,2.4179301261901855,0.9996611475944519,645.38134765625,0.0,0.0,0.06679563224315643,0.1371760219335556,0.0,0.0035596389789134264,0.00012438115663826466,10,10,8,8,0,0,1,1
scan1,subset_uniform,4,32,8,0.00350568606518209,4.725595951080322,2.247241735458374,1.0,642.3599853515625,0.0,0.0,0.06769122928380966,0.13923288881778717,0.0,0.0036821523681282997,-0.0001764663029462099,8,8,8,8,1,1,1,1
scan1,subset_uniform,5,40,8,0.005434703081846237,5.027673721313477,3.424584150314331,1.0,653.5223388671875,0.0,0.0,0.07449426501989365,0.15217225253582,0.0,0.0026711286045610905,0.0027635744772851467,16,16,14,14,0,0,0,0
scan1,subset_uniform,0,0,10,0.006036317441612482,17.11614990234375,4.207614898681641,0.9972137212753296,644.5992431640625,0.0,0.0,0.05546186864376068,0.1084858700633049,0.006073689088225365,0.003913204185664654,0.0021231132559478283,14,14,14,12,0,0,0,0
scan1,subset_uniform,1,8,10,0.003958648536354303,3.700409173965454,2.5320448875427246,0.9999775886535645,651.0447387695312,0.0,0.0,0.059858422726392746,0.11747491359710693,0.0075575788505375385,0.002798883244395256,0.0011597652919590473,14,14,12,12,0,0,0,0
scan1,subset_uniform,2,16,10,0.0031418371945619583,3.0863561630249023,2.059617519378662,1.0,652.58837890625,0.0,3.6974525451660156,0.06110309436917305,0.12013817578554153,0.008137551136314869,0.0026719924062490463,0.000469844788312912,14,14,12,12,0,0,0,0
scan1,subset_uniform,3,24,10,0.0030032587237656116,6.101064682006836,1.9387770891189575,0.9996446371078491,645.3750610351562,0.0,0.0,0.060143906623125076,0.1181061863899231,0.012854618020355701,0.0035596389789134264,-0.0005563802551478148,10,10,8,8,1,1,1,1
scan1,subset_uniform,4,32,10,0.0029067073483020067,4.118050575256348,1.8429008722305298,1.0,642.3529663085938,0.0,2.0492773056030273,0.06079953908920288,0.11969920247793198,0.014465662650763988,0.0036821523681282997,-0.000775445019826293,8,8,8,8,1,1,1,1
scan1,subset_uniform,5,40,10,0.0035722532775253057,3.3362066745758057,2.2311079502105713,1.0,653.5172729492188,0.0,3.0071959495544434,0.06428834050893784,0.12708014249801636,0.014204710721969604,0.0026711286045610905,0.0009011246729642153,16,16,14,14,0,0,0,0
scan1,subset_uniform,0,0,12,0.004125028848648071,16.687217712402344,2.9213716983795166,0.9972233176231384,644.5923461914062,0.0,0.0,0.05683335289359093,0.1088850274682045,0.005211968440562487,0.003913204185664654,0.0002118246629834175,14,14,14,12,0,0,0,1
scan1,subset_uniform,1,8,12,0.002861228073015809,3.0899791717529297,1.8485976457595825,0.9999626874923706,651.0377807617188,0.0,1.5448436737060547,0.05976449325680733,0.11490242183208466,0.006298483349382877,0.002798883244395256,6.234482862055302e-05,14,14,12,12,0,0,1,1
scan1,subset_uniform,2,16,12,0.0027481396682560444,2.7406728267669678,1.7962210178375244,1.0,652.581298828125,0.0,1.4093104600906372,0.06087068095803261,0.11704430729150772,0.00686254259198904,0.0026719924062490463,7.614726200699806e-05,14,14,12,12,0,0,1,1
scan1,subset_uniform,3,24,12,0.002964656101539731,5.998316764831543,1.8989545106887817,0.9996363520622253,645.36767578125,0.0,2.6523990631103516,0.060450758785009384,0.11608681082725525,0.009786182083189487,0.0035596389789134264,-0.0005949828773736954,10,10,8,8,1,1,1,1
scan1,subset_uniform,4,32,12,0.0029483316466212273,4.048820495605469,1.862963080406189,1.0,642.3453369140625,0.0,0.0,0.061069246381521225,0.11744081228971481,0.009559562429785728,0.0036821523681282997,-0.0007338207215070724,8,8,8,8,1,1,1,1
scan1,subset_uniform,5,40,12,0.002992873778566718,2.77679181098938,1.8557820320129395,1.0,653.5070190429688,0.0,1.9397711753845215,0.06271424889564514,0.1212998628616333,0.014193526469171047,0.0026711286045610905,0.00032174517400562763,16,16,14,14,0,0,0,0
scan1,subset_uniform,0,0,14,0.003800271777436137,16.556955337524414,2.6916000843048096,0.9972233176231384,644.5823974609375,0.0,0.0,0.05870366841554642,0.11202317476272583,0.0063795228488743305,0.003913204185664654,-0.00011293240822851658,14,14,14,12,1,1,1,1
scan1,subset_uniform,1,8,14,0.00271438411436975,3.053664207458496,1.7620818614959717,0.9999552369117737,651.0278930664062,0.0,0.0,0.06095562130212784,0.1165497675538063,0.00802686158567667,0.002798883244395256,-8.449913002550602e-05,14,14,12,12,1,1,1,1
scan1,subset_uniform,2,16,14,0.002674191491678357,2.619941473007202,1.7369166612625122,1.0,652.5719604492188,0.0,1.727484107017517,0.062167905271053314,0.11872237175703049,0.011679832823574543,0.0026719924062490463,2.1990854293107986e-06,14,14,12,12,1,1,1,1
scan1,subset_uniform,3,24,14,0.003305274061858654,6.1048994064331055,2.115719795227051,0.9996281266212463,645.3584594726562,0.0,3.310915946960449,0.0625486820936203,0.11931544542312622,0.010807795450091362,0.0035596389789134264,-0.0002543649170547724,10,10,8,8,1,1,1,1
scan1,subset_uniform,4,32,14,0.0033761102240532637,4.248631954193115,2.1369411945343018,1.0,642.33642578125,0.0,0.0,0.06356162577867508,0.12115168571472168,0.010187062434852123,0.0036821523681282997,-0.00030604214407503605,8,8,8,8,1,1,1,1
scan1,subset_uniform,5,40,14,0.002747807651758194,2.585226058959961,1.7041795253753662,1.0,653.4986572265625,0.0,0.0,0.06363944709300995,0.12182139605283737,0.011929137632250786,0.0026711286045610905,7.66790471971035e-05,16,16,14,14,0,0,1,1
scan1,subset_uniform,0,0,16,0.003913204185664654,16.524089813232422,2.7596516609191895,0.9972424507141113,644.5723266601562,0.0,0.0,0.06408696621656418,0.12194444239139557,0.006198379676789045,0.003913204185664654,0.0,14,14,14,12,1,1,1,1
scan1,subset_uniform,1,8,16,0.002798883244395256,3.2354423999786377,1.8210254907608032,0.9999253749847412,651.0176391601562,0.0,0.0,0.0655367448925972,0.12546499073505402,0.006900575011968613,0.002798883244395256,0.0,14,14,12,12,1,1,1,1
scan1,subset_uniform,2,16,16,0.0026719924062490463,2.6096160411834717,1.734039545059204,1.0,652.5617065429688,0.0,3.199532985687256,0.06629539281129837,0.12695124745368958,0.011898228898644447,0.0026719924062490463,0.0,14,14,12,12,1,1,1,1
scan1,subset_uniform,3,24,16,0.0035596389789134264,6.288510322570801,2.27780818939209,0.9996033310890198,645.3490600585938,0.0,3.7374308109283447,0.06698321551084518,0.12808501720428467,0.010250094346702099,0.0035596389789134264,0.0,10,10,8,8,1,1,1,1
scan1,subset_uniform,4,32,16,0.0036821523681282997,4.442047119140625,2.3303041458129883,1.0,642.3272094726562,0.0,0.9640834331512451,0.06759048253297806,0.1294865757226944,0.00906615611165762,0.0036821523681282997,0.0,8,8,8,8,1,1,1,1
scan1,subset_uniform,5,40,16,0.0026711286045610905,2.5461814403533936,1.6589343547821045,1.0,653.4879760742188,0.0,0.0,0.06680844724178314,0.12851999700069427,0.009005285799503326,0.0026711286045610905,0.0,16,16,14,14,1,1,1,1
scan4,subset_middle,0,24,8,0.016729071736335754,21.366863250732422,12.088531494140625,0.9979552626609802,689.1801147460938,0.0,0.0,0.06902959942817688,0.1415734440088272,0.0,0.006279202178120613,0.010449869558215141,12,12,12,12,0,0,0,0
scan4,subset_middle,1,0,8,0.026575421914458275,32.923011779785156,17.19680404663086,0.9863840341567993,699.83837890625,0.0,3.2359769344329834,0.0701032355427742,0.14329145848751068,0.0,0.010012357495725155,0.01656306441873312,14,14,14,12,0,0,0,0
scan4,subset_middle,2,1,8,0.02405153587460518,30.341041564941406,16.247722625732422,0.9883023500442505,700.707763671875,0.0,1.4717987775802612,0.0688553974032402,0.14142777025699615,0.0,0.008321625180542469,0.01572991069406271,14,14,14,12,0,0,0,0
scan4,subset_middle,3,2,8,0.020896678790450096,26.311548233032227,14.123971939086914,0.9909543991088867,696.35302734375,0.0,4.315611839294434,0.07033833861351013,0.1440851092338562,0.0,0.0073970830999314785,0.013499595690518618,14,14,14,12,0,0,0,0
scan4,subset_middle,4,3,8,0.02031058259308338,26.923099517822266,13.780656814575195,0.9911240339279175,698.3040771484375,0.0,0.0,0.07086962461471558,0.14532117545604706,0.0,0.0073531209491193295,0.012957461643964052,14,14,14,12,0,0,0,0
scan4,subset_middle,5,4,8,0.022542649880051613,26.904739379882812,15.30441665649414,0.9929062128067017,689.3626098632812,0.0,0.0,0.07456327229738235,0.15206347405910492,0.0,0.006704268045723438,0.015838381834328175,16,16,14,14,0,0,0,0
scan4,subset_middle,0,24,10,0.008768771775066853,13.610489845275879,6.186814785003662,0.999071478843689,689.17626953125,0.0,0.0,0.06025790423154831,0.1197008341550827,0.0196628849953413,0.006279202178120613,0.0024895695969462395,12,12,12,12,0,0,0,0
scan4,subset_middle,1,0,10,0.016458040103316307,28.124481201171875,10.658514022827148,0.9866346120834351,699.8422241210938,0.0,1.958946704864502,0.06263300031423569,0.12299235910177231,0.014726617373526096,0.010012357495725155,0.006445682607591152,14,14,14,12,0,0,0,0
scan4,subset_middle,2,1,10,0.014242094941437244,25.375673294067383,9.52152156829834,0.9886462092399597,700.7096557617188,0.0,5.074160575866699,0.0620727464556694,0.12171175330877304,0.010088320821523666,0.008321625180542469,0.005920469760894775,14,14,14,12,0,0,0,0
scan4,subset_middle,3,2,10,0.012403749860823154,21.461538314819336,8.343128204345703,0.9913198947906494,696.3548583984375,0.0,4.728327751159668,0.06242423877120018,0.12238448113203049,0.008317998610436916,0.0073970830999314785,0.005006666760891676,14,14,14,12,0,0,0,0
scan4,subset_middle,4,3,10,0.012402924709022045,22.463886260986328,8.450529098510742,0.9912418723106384,698.3084716796875,0.0,3.714834451675415,0.06286638230085373,0.12335310131311417,0.00827848818153143,0.0073531209491193295,0.005049803759902716,14,14,14,12,0,0,0,0
scan4,subset_middle,5,4,10,0.013262384571135044,21.553619384765625,9.049330711364746,0.9932918548583984,689.3670043945312,0.0,1.8866817951202393,0.06533722579479218,0.12850649654865265,0.009238747879862785,0.006704268045723438,0.006558116525411606,16,16,14,14,0,0,0,0
scan4,subset_middle,0,24,12,0.005660756025463343,11.334656715393066,3.820770263671875,0.9994171857833862,689.1796875,0.0,0.0,0.05956616625189781,0.11456801742315292,0.015146982856094837,0.006279202178120613,-0.0006184461526572704,12,12,12,12,1,1,1,1
scan4,subset_middle,1,0,12,0.010839753784239292,26.286441802978516,7.07160758972168,0.9867833852767944,699.8511962890625,0.0,0.0,0.06225941702723503,0.11919006705284119,0.00840731430798769,0.010012357495725155,0.0008273962885141373,14,14,14,12,0,0,0,1
scan4,subset_middle,2,1,12,0.009011084213852882,23.4509220123291,5.965149402618408,0.9889006614685059,700.7185668945312,0.0,4.53924036026001,0.06220444291830063,0.11894159018993378,0.006357075180858374,0.008321625180542469,0.0006894590333104134,14,14,14,12,0,0,0,1
scan4,subset_middle,3,2,12,0.007890617474913597,19.587894439697266,5.270664691925049,0.9915096163749695,696.3633422851562,0.0,3.9952752590179443,0.062193576246500015,0.11902259290218353,0.005191752687096596,0.0073970830999314785,0.0004935343749821186,14,14,14,12,0,0,0,1
scan4,subset_middle,4,3,12,0.007825121283531189,20.584373474121094,5.339136123657227,0.9913736581802368,698.3189697265625,0.0,0.0,0.06250675767660141,0.11979320645332336,0.005329432897269726,0.0073531209491193295,0.0004720003344118595,14,14,14,12,0,0,0,1
scan4,subset_middle,5,4,12,0.008164900355041027,19.340145111083984,5.590178966522217,0.9933801889419556,689.3773803710938,0.0,0.0,0.06367755681276321,0.12239741533994675,0.005607153754681349,0.006704268045723438,0.0014606323093175888,16,16,14,14,0,0,0,0
scan4,subset_middle,0,24,14,0.006028252653777599,11.12022590637207,4.044944763183594,0.9995949864387512,689.177001953125,0.0,0.0,0.05999317765235901,0.11509159952402115,0.009697995148599148,0.006279202178120613,-0.00025094952434301376,12,12,12,12,1,1,1,1
scan4,subset_middle,1,0,14,0.00996373314410448,25.735248565673828,6.488163471221924,0.9869086742401123,699.8518676757812,0.0,3.6562340259552,0.06336142122745514,0.12088065594434738,0.004902974236756563,0.010012357495725155,-4.862435162067413e-05,14,14,14,12,1,1,1,1
scan4,subset_middle,2,1,14,0.0082081975415349,22.950946807861328,5.409558296203613,0.9890794157981873,700.7192993164062,0.0,0.0,0.06305763870477676,0.12045489251613617,0.004644656553864479,0.008321625180542469,-0.00011342763900756836,14,14,14,12,1,1,1,1
scan4,subset_middle,3,2,14,0.007264502812176943,19.098995208740234,4.817516326904297,0.9916782975196838,696.3643798828125,0.0,0.0,0.06284276396036148,0.12029027193784714,0.00576715636998415,0.0073970830999314785,-0.00013258028775453568,14,14,14,12,1,1,1,1
scan4,subset_middle,4,3,14,0.007339136209338903,20.089780807495117,4.990409851074219,0.9914637804031372,698.3217163085938,0.0,2.874328851699829,0.06314228475093842,0.12078365683555603,0.0051801917143166065,0.0073531209491193295,-1.3984739780426025e-05,14,14,14,12,1,1,1,1
scan4,subset_middle,5,4,14,0.006857297383248806,18.643836975097656,4.657439231872559,0.9934203624725342,689.3800659179688,0.0,2.3650474548339844,0.06361065804958344,0.12190413475036621,0.005118038970977068,0.006704268045723438,0.00015302933752536774,16,16,14,14,0,0,1,1
scan4,subset_middle,0,24,16,0.006279202178120613,11.19367504119873,4.217851161956787,0.9996048808097839,689.17138671875,0.0,0.0,0.06456611305475235,0.12343096733093262,0.007674547377973795,0.006279202178120613,0.0,12,12,12,12,1,1,1,1
scan4,subset_middle,1,0,16,0.010012357495725155,25.612319946289062,6.4953131675720215,0.9867755174636841,699.8477172851562,0.0,2.912553548812866,0.06698604673147202,0.12861701846122742,0.00669928640127182,0.010012357495725155,0.0,14,14,14,12,1,1,1,1
scan4,subset_middle,2,1,16,0.008321625180542469,22.83893394470215,5.474350929260254,0.9891757369041443,700.71533203125,0.0,0.0,0.06688239425420761,0.1282917559146881,0.00487388763576746,0.008321625180542469,0.0,14,14,14,12,1,1,1,1
scan4,subset_middle,3,2,16,0.0073970830999314785,18.99765968322754,4.899187088012695,0.9917345643043518,696.3609008789062,0.0,2.651660919189453,0.06661411374807358,0.12807725369930267,0.006461291573941708,0.0073970830999314785,0.0,14,14,14,12,1,1,1,1
scan4,subset_middle,4,3,16,0.0073531209491193295,19.99932861328125,4.981811046600342,0.9914360642433167,698.3190307617188,0.0,0.0,0.06666445732116699,0.12804552912712097,0.0061900499276816845,0.0073531209491193295,0.0,14,14,14,12,1,1,1,1
scan4,subset_middle,5,4,16,0.006704268045723438,18.50800895690918,4.520960807800293,0.9932838082313538,689.3786010742188,0.0,0.0,0.06676175445318222,0.12860146164894104,0.006676102057099342,0.006704268045723438,0.0,16,16,14,14,1,1,1,1
scan4,subset_uniform,0,0,8,0.025238124653697014,31.998607635498047,16.390029907226562,0.9864701628684998,699.845947265625,0.0,0.0,0.06522958725690842,0.13219203054904938,0.0,0.010559925809502602,0.014678198844194412,16,16,14,14,0,0,0,0
scan4,subset_uniform,1,8,8,0.018957320600748062,26.676471710205078,13.343667984008789,0.9923927187919617,696.45166015625,0.0,2.6084952354431152,0.06886592507362366,0.14090347290039062,0.0,0.007013742811977863,0.011943577788770199,16,16,14,14,0,0,0,0
scan4,subset_uniform,2,16,8,0.01670258678495884,21.439237594604492,11.917881965637207,0.9966631531715393,694.0033569335938,0.0,1.9220337867736816,0.07184115797281265,0.14511758089065552,0.0,0.005663504358381033,0.011039082426577806,16,16,14,14,0,0,0,0
scan4,subset_uniform,3,24,8,0.01546423975378275,20.854801177978516,11.26209545135498,0.9978564381599426,689.1548461914062,0.0,0.0,0.07167760282754898,0.14610323309898376,0.0,0.00583442859351635,0.0096298111602664,16,16,14,14,0,0,0,0
scan4,subset_uniform,4,32,8,0.014883588068187237,19.70297622680664,10.443438529968262,0.999315619468689,683.13818359375,0.0,0.0,0.0730234831571579,0.14945709705352783,0.0,0.007096343208104372,0.007787244860082865,16,14,14,14,0,0,0,0
scan4,subset_uniform,5,40,8,0.01652052439749241,17.763662338256836,10.954859733581543,0.9994493126869202,674.1907958984375,0.0,3.8251540660858154,0.07897360622882843,0.16190212965011597,0.0,0.006051379255950451,0.010469145141541958,16,16,14,14,0,0,0,0
scan4,subset_uniform,0,0,10,0.01778697781264782,28.611976623535156,11.58467960357666,0.9864780306816101,699.8468627929688,0.0,0.0,0.0588090643286705,0.11524934321641922,0.00985859613865614,0.010559925809502602,0.007227052003145218,16,16,14,14,0,0,0,0
scan4,subset_uniform,1,8,10,0.01283733919262886,22.49266815185547,8.933302879333496,0.9923195242881775,696.4515991210938,0.0,1.9170382022857666,0.06158914417028427,0.1209520772099495,0.00939439982175827,0.007013742811977863,0.005823596380650997,16,16,14,14,0,0,0,0
scan4,subset_uniform,2,16,10,0.010837404057383537,17.28274917602539,7.686213970184326,0.9968340992927551,694.0023193359375,0.0,3.069882869720459,0.06321480125188828,0.12432505190372467,0.018319377675652504,0.005663504358381033,0.005173899699002504,16,16,14,14,0,0,0,0
scan4,subset_uniform,3,24,10,0.010186433792114258,15.18967056274414,7.28538179397583,0.9986466765403748,689.1514282226562,0.0,0.0,0.06468253582715988,0.12663733959197998,0.03887484222650528,0.00583442859351635,0.004352005198597908,16,16,14,14,0,0,0,0
scan4,subset_uniform,4,32,10,0.010454578325152397,14.929372787475586,7.24354887008667,0.9994117021560669,683.1336059570312,0.0,0.0,0.06519646942615509,0.12818439304828644,0.02464415691792965,0.007096343208104372,0.003358235117048025,16,14,14,14,0,0,0,0
scan4,subset_uniform,5,40,10,0.010089694522321224,12.376421928405762,6.754721641540527,0.9995594620704651,674.185546875,0.0,2.669391632080078,0.06825457513332367,0.13561412692070007,0.02687077596783638,0.006051379255950451,0.004038315266370773,16,16,14,14,0,0,0,0
scan4,subset_uniform,0,0,12,0.012996496632695198,27.00664710998535,8.481657028198242,0.9866111278533936,699.8477172851562,0.0,0.0,0.058986615389585495,0.11319947987794876,0.006063913460820913,0.010559925809502602,0.0024365708231925964,16,16,14,14,0,0,0,0
scan4,subset_uniform,1,8,12,0.008963968604803085,20.34336280822754,6.134122371673584,0.9923122525215149,696.4534912109375,0.0,0.0,0.06116444617509842,0.11745477467775345,0.00773020600900054,0.007013742811977863,0.001950225792825222,16,16,14,14,0,0,0,0
scan4,subset_uniform,2,16,12,0.007073958404362202,15.109472274780273,4.939508438110352,0.9968910813331604,694.0033569335938,0.0,3.275603771209717,0.0622389055788517,0.1196093037724495,0.018204323947429657,0.005663504358381033,0.0014104540459811687,16,16,14,14,0,0,0,0
scan4,subset_uniform,3,24,12,0.00712709641084075,12.424524307250977,4.952000617980957,0.9991998672485352,689.1513061523438,0.0,2.6243553161621094,0.06309081614017487,0.12165629863739014,0.030864443629980087,0.00583442859351635,0.0012926678173244,16,16,14,14,0,0,0,0
scan4,subset_uniform,4,32,12,0.007993398234248161,12.32352066040039,5.411256313323975,0.9994837045669556,683.1326293945312,0.0,4.398191452026367,0.06371362507343292,0.12278106808662415,0.01768769510090351,0.007096343208104372,0.0008970550261437893,16,14,14,14,0,0,0,0
scan4,subset_uniform,5,40,12,0.007192905060946941,9.868083953857422,4.762488842010498,0.9995732307434082,674.1807250976562,0.0,3.5788350105285645,0.0658051073551178,0.1273704469203949,0.018081648275256157,0.006051379255950451,0.0011415258049964905,16,16,14,14,0,0,0,0
scan4,subset_uniform,0,0,14,0.011057478375732899,26.46109962463379,7.227194309234619,0.9866737723350525,699.8419189453125,0.0,0.0,0.05969266965985298,0.11447332799434662,0.003427894087508321,0.010559925809502602,0.0004975525662302971,16,16,14,14,0,0,1,1
scan4,subset_uniform,1,8,14,0.00735998572781682,19.542612075805664,4.964761257171631,0.9923561215400696,696.4498291015625,0.0,2.433330535888672,0.0611480213701725,0.11756759881973267,0.0052382671274244785,0.007013742811977863,0.00034624291583895683,16,16,14,14,0,0,1,1
scan4,subset_uniform,2,16,14,0.005832077004015446,14.475549697875977,4.001744270324707,0.9968584775924683,693.9995727539062,0.0,0.0,0.06248992681503296,0.11982881277799606,0.01100072916597128,0.005663504358381033,0.00016857264563441277,16,16,14,14,0,0,1,1
scan4,subset_uniform,3,24,14,0.006058375351130962,11.598827362060547,4.128576755523682,0.9993677735328674,689.1475219726562,0.0,3.797100782394409,0.06310450285673141,0.12135237455368042,0.01684437319636345,0.00583442859351635,0.00022394675761461258,16,16,14,14,0,0,1,1
scan4,subset_uniform,4,32,14,0.007168442476540804,11.502762794494629,4.7851738929748535,0.9995797872543335,683.1282348632812,0.0,3.1702122688293457,0.06377372145652771,0.12245721369981766,0.014489051885902882,0.007096343208104372,7.209926843643188e-05,16,14,14,14,0,1,1,1
scan4,subset_uniform,5,40,14,0.00621146522462368,9.191072463989258,4.071689128875732,0.9996144771575928,674.17431640625,0.0,0.0,0.06496208906173706,0.12513750791549683,0.007860299199819565,0.006051379255950451,0.00016008596867322922,16,16,14,14,0,0,1,1
scan4,subset_uniform,0,0,16,0.010559925809502602,26.34758758544922,6.895245552062988,0.9867364168167114,699.8328247070312,0.0,0.0,0.06441507488489151,0.1228940337896347,0.0045589786022901535,0.010559925809502602,0.0,16,16,14,14,1,1,1,1
scan4,subset_uniform,1,8,16,0.007013742811977863,19.251401901245117,4.710257530212402,0.9924585223197937,696.4424438476562,0.0,3.880199432373047,0.06498001515865326,0.12478253990411758,0.005840879864990711,0.007013742811977863,0.0,16,16,14,14,1,1,1,1
scan4,subset_uniform,2,16,16,0.005663504358381033,14.442303657531738,3.8632264137268066,0.9968259334564209,693.9924926757812,0.0,3.2053403854370117,0.06600863486528397,0.12674710154533386,0.007628748193383217,0.005663504358381033,0.0,16,16,14,14,1,1,1,1
scan4,subset_uniform,3,24,16,0.00583442859351635,11.397997856140137,3.9514920711517334,0.9994171857833862,689.1409301757812,0.0,0.0,0.06627310067415237,0.12751449644565582,0.010228577069938183,0.00583442859351635,0.0,16,16,14,14,1,1,1,1
scan4,subset_uniform,4,32,16,0.007096343208104372,11.42091178894043,4.719593524932861,0.9995317459106445,683.1220092773438,0.0,2.6718835830688477,0.06683964282274246,0.12877187132835388,0.012475094757974148,0.007096343208104372,0.0,16,14,14,14,1,1,1,1
scan4,subset_uniform,5,40,16,0.006051379255950451,9.129871368408203,3.951341152191162,0.9996144771575928,674.1680297851562,0.0,0.0,0.0669630840420723,0.1292983442544937,0.004938280675560236,0.006051379255950451,0.0,16,16,14,14,1,1,1,1
scan9,subset_middle,0,24,8,0.01982167921960354,18.66546630859375,12.970319747924805,0.9999579191207886,653.9996337890625,0.0,0.0,0.07246038317680359,0.14590071141719818,0.0,0.0064375391229987144,0.013384140096604824,16,16,16,16,0,0,0,0
scan9,subset_middle,1,0,8,0.03483177721500397,32.87050247192383,22.72866439819336,0.9997103810310364,633.3488159179688,0.0,0.0,0.07861029356718063,0.15919190645217896,0.0,0.008517464622855186,0.02631431259214878,16,16,16,16,0,0,0,0
scan9,subset_middle,2,1,8,0.03172272443771362,30.909591674804688,21.151721954345703,0.9993634819984436,643.723388671875,0.0,0.0,0.07586143910884857,0.15265853703022003,0.0,0.008016612380743027,0.023706112056970596,16,16,16,16,0,0,0,0
scan9,subset_middle,3,2,8,0.028840454295277596,28.33612060546875,19.27631950378418,0.9998394250869751,639.8333129882812,0.0,0.0,0.07595361024141312,0.15313655138015747,0.0,0.007165900897234678,0.021674553398042917,16,16,16,16,0,0,0,0
scan9,subset_middle,4,3,8,0.02892518974840641,29.2656307220459,19.11104965209961,1.0,639.6627807617188,0.0,0.0,0.07759728282690048,0.1559499353170395,0.0,0.007297448348253965,0.021627741400152445,16,16,16,16,0,0,0,0
scan9,subset_middle,5,4,8,0.03172904625535011,34.246707916259766,20.3375301361084,0.9982318878173828,623.8626708984375,0.0,2.845925807952881,0.08641761541366577,0.1745794117450714,0.0,0.009042100980877876,0.022686945274472237,16,16,16,16,0,0,0,0
scan9,subset_middle,0,24,10,0.017365233972668648,16.215137481689453,11.32715892791748,0.9999298453330994,653.9717407226562,0.0,0.0,0.06567858904600143,0.12810097634792328,0.0351841002702713,0.0064375391229987144,0.010927694849669933,16,16,16,16,0,0,0,0
scan9,subset_middle,1,0,10,0.02460521273314953,23.383581161499023,15.993693351745605,0.9999400973320007,633.3261108398438,0.0,2.9520082473754883,0.06995420157909393,0.1359492838382721,0.015789298340678215,0.008517464622855186,0.016087748110294342,16,16,16,16,0,0,0,0
scan9,subset_middle,2,1,10,0.02358870767056942,23.39129638671875,15.664861679077148,0.9993464946746826,643.6991577148438,0.0,3.9602723121643066,0.06806383281946182,0.1324198991060257,0.01478618010878563,0.008016612380743027,0.015572095289826393,16,16,16,16,0,0,0,0
scan9,subset_middle,3,2,10,0.021941643208265305,21.993072509765625,14.676825523376465,0.9998573064804077,639.8092651367188,0.0,0.0,0.06812628358602524,0.13263699412345886,0.01384777668863535,0.007165900897234678,0.014775742311030626,16,16,16,16,0,0,0,0
scan9,subset_middle,4,3,10,0.021239105612039566,21.927762985229492,14.061938285827637,1.0,639.6417236328125,0.0,0.0,0.06913793832063675,0.13427428901195526,0.015024359337985516,0.007297448348253965,0.0139416572637856,16,16,16,16,0,0,0,0
scan9,subset_middle,5,4,10,0.02147083915770054,25.251554489135742,13.864632606506348,0.9984021782875061,623.83984375,0.0,0.0,0.07302860170602798,0.1421971619129181,0.018654726445674896,0.009042100980877876,0.012428738176822662,16,16,16,16,0,0,0,0
scan9,subset_middle,0,24,12,0.011583002284169197,12.337600708007812,7.564921855926514,0.9999018311500549,653.9542236328125,0.0,0.0,0.06339185684919357,0.12295857071876526,0.033940933644771576,0.0064375391229987144,0.005145463161170483,16,16,16,16,0,0,0,0
scan9,subset_middle,1,0,12,0.014619422145187855,14.935660362243652,9.398531913757324,0.9999700784683228,633.3101806640625,0.0,3.054091453552246,0.06652093678712845,0.1287064105272293,0.01751452498137951,0.008517464622855186,0.006101957522332668,16,16,16,16,0,0,0,0
scan9,subset_middle,2,1,12,0.014222392812371254,15.625730514526367,9.35280990600586,0.9995671510696411,643.6831665039062,0.0,4.802690029144287,0.06579600274562836,0.12693743407726288,0.014819885604083538,0.008016612380743027,0.006205780431628227,16,16,16,16,0,0,0,0
scan9,subset_middle,3,2,12,0.01319933868944645,14.346068382263184,8.728081703186035,0.9998840689659119,639.7919311523438,0.0,0.0,0.06552118808031082,0.1263883113861084,0.01378172729164362,0.007165900897234678,0.006033437792211771,16,16,16,16,0,0,0,0
scan9,subset_middle,4,3,12,0.012589464895427227,13.522187232971191,8.217999458312988,1.0,639.6264038085938,0.0,3.6063032150268555,0.06666313856840134,0.12853126227855682,0.015742644667625427,0.007297448348253965,0.005292016547173262,16,16,16,16,0,0,0,0
scan9,subset_middle,5,4,12,0.013605526648461819,17.354021072387695,8.68479061126709,0.9984414577484131,623.82373046875,0.0,0.0,0.06865998357534409,0.13267643749713898,0.018066035583615303,0.009042100980877876,0.004563425667583942,16,16,16,16,0,0,0,0
scan9,subset_middle,0,24,14,0.007866485975682735,10.163084030151367,5.142566680908203,0.99985271692276,653.943115234375,0.0,0.0,0.06211550906300545,0.1196950152516365,0.023146193474531174,0.0064375391229987144,0.001428946852684021,16,16,16,16,0,0,0,0
scan9,subset_middle,1,0,14,0.009940508753061295,11.512141227722168,6.323970794677734,1.0,633.300048828125,0.0,0.0,0.06566058099269867,0.12613162398338318,0.01030818559229374,0.008517464622855186,0.001423044130206108,16,16,16,16,0,0,0,0
scan9,subset_middle,2,1,14,0.00943614263087511,12.059322357177734,6.119568347930908,0.9997283816337585,643.6737060546875,0.0,2.8940117359161377,0.065486840903759,0.12561169266700745,0.00908634252846241,0.008016612380743027,0.001419530250132084,16,16,16,16,0,0,0,0
scan9,subset_middle,3,2,14,0.00856319721788168,10.875774383544922,5.567173480987549,0.9998929500579834,639.7821044921875,0.0,1.996942162513733,0.0652255117893219,0.12502546608448029,0.008690864779055119,0.007165900897234678,0.0013972963206470013,16,16,16,16,0,0,0,0
scan9,subset_middle,4,3,14,0.008529240265488625,10.092548370361328,5.459391117095947,1.0,639.61767578125,0.0,0.0,0.06585446000099182,0.126340851187706,0.008740756660699844,0.007297448348253965,0.0012317919172346592,16,16,16,16,0,0,0,0
scan9,subset_middle,5,4,14,0.010099195875227451,13.930938720703125,6.315677642822266,0.9985331296920776,623.8146362304688,0.0,1.8367493152618408,0.06706693023443222,0.12874138355255127,0.008684319444000721,0.009042100980877876,0.001057094894349575,16,16,16,16,0,0,0,0
scan9,subset_middle,0,24,16,0.0064375391229987144,9.535917282104492,4.200503826141357,0.9998176097869873,653.93212890625,0.0,0.0,0.065444216132164,0.12543238699436188,0.016497153788805008,0.0064375391229987144,0.0,16,16,16,16,1,1,1,1
scan9,subset_middle,1,0,16,0.008517464622855186,10.505579948425293,5.381802082061768,1.0,633.2905883789062,0.0,2.1660921573638916,0.06804914772510529,0.1310921013355255,0.006465687416493893,0.008517464622855186,0.0,16,16,16,16,1,1,1,1
scan9,subset_middle,2,1,16,0.008016612380743027,11.038130760192871,5.155209064483643,0.999949038028717,643.6646118164062,0.0,3.4522998332977295,0.06817640364170074,0.13116760551929474,0.004721494857221842,0.008016612380743027,0.0,16,16,16,16,1,1,1,1
scan9,subset_middle,3,2,16,0.007165900897234678,9.90674114227295,4.60990571975708,0.9999018907546997,639.7727661132812,0.0,2.5842199325561523,0.06808620691299438,0.13083498179912567,0.005318090785294771,0.007165900897234678,0.0,16,16,16,16,1,1,1,1
scan9,subset_middle,4,3,16,0.007297448348253965,9.050064086914062,4.607132911682129,1.0,639.609375,0.0,0.0,0.06817730516195297,0.13123811781406403,0.005147965159267187,0.007297448348253965,0.0,16,16,16,16,1,1,1,1
scan9,subset_middle,5,4,16,0.009042100980877876,12.825010299682617,5.5892534255981445,0.9985855221748352,623.806884765625,0.0,0.0,0.06847555190324783,0.13231517374515533,0.003940071444958448,0.009042100980877876,0.0,16,16,16,16,1,1,1,1
scan9,subset_uniform,0,0,8,0.03305483236908913,29.4492130279541,21.18607521057129,1.0,633.410400390625,0.12508152425289154,0.0,0.07753361761569977,0.15099023282527924,0.0,0.00868688989430666,0.024367942474782467,16,16,16,14,0,0,0,0
scan9,subset_uniform,1,8,8,0.024066079407930374,22.616680145263672,15.861319541931152,0.9991921782493591,646.8911743164062,0.0,0.0,0.08105821907520294,0.1590394824743271,0.0,0.006972805131226778,0.017093274276703596,16,16,16,14,0,0,0,0
scan9,subset_uniform,2,16,8,0.021022407338023186,19.402265548706055,13.645674705505371,0.9996659755706787,649.1741943359375,0.12508152425289154,0.0,0.08534285426139832,0.1670534610748291,0.0,0.0064910766668617725,0.014531330671161413,16,16,16,14,0,0,0,0
scan9,subset_uniform,3,24,8,0.017015770077705383,17.0031681060791,11.131470680236816,0.9999439120292664,654.0118408203125,0.0,5.120898723602295,0.08322224020957947,0.16526411473751068,0.0,0.006245010532438755,0.010770759545266628,16,16,16,16,0,0,0,0
scan9,subset_uniform,4,32,8,0.01163091417402029,13.845849990844727,7.497625350952148,0.9997795820236206,649.113525390625,0.0,6.341957092285156,0.08522699773311615,0.16890829801559448,0.0,0.0059392573311924934,0.005691656842827797,16,16,16,14,0,0,0,0
scan9,subset_uniform,5,40,8,0.02323697879910469,17.513755798339844,13.911334991455078,0.9998770952224731,657.2833862304688,0.0,3.9707412719726562,0.09175897389650345,0.18333327770233154,0.0,0.005553250201046467,0.017683728598058224,16,16,14,14,0,0,0,0
scan9,subset_uniform,0,0,10,0.020684195682406425,19.87661361694336,13.24669075012207,1.0,633.3849487304688,0.0,0.0,0.06841084361076355,0.13375224173069,0.017188409343361855,0.00868688989430666,0.011997305788099766,16,16,16,14,0,0,0,0
scan9,subset_uniform,1,8,10,0.016965506598353386,17.31326675415039,11.204315185546875,0.999349057674408,646.8685913085938,0.0,1.7376500368118286,0.07024285942316055,0.13720764219760895,0.016047460958361626,0.006972805131226778,0.009992701467126608,16,16,16,14,0,0,0,0
scan9,subset_uniform,2,16,10,0.01472354494035244,15.849189758300781,9.635876655578613,0.9995844960212708,649.1506958007812,0.0,3.669278383255005,0.07185739278793335,0.1412038952112198,0.020505882799625397,0.0064910766668617725,0.008232468273490667,16,16,16,14,0,0,0,0
scan9,subset_uniform,3,24,10,0.01326053123921156,14.463786125183105,8.674205780029297,0.9999368786811829,653.9868774414062,0.0,3.3235459327697754,0.07145905494689941,0.141179159283638,0.027700264006853104,0.006245010532438755,0.007015520706772804,16,16,16,16,0,0,0,0
scan9,subset_uniform,4,32,10,0.010510011576116085,11.874800682067871,6.7443413734436035,1.0,649.0900268554688,0.0,0.0,0.07219507545232773,0.14232538640499115,0.050605408847332,0.0059392573311924934,0.004570754244923592,16,16,16,14,0,0,0,0
scan9,subset_uniform,5,40,10,0.01295632217079401,11.825942039489746,7.804667949676514,1.0,657.2611083984375,0.0,4.2953691482543945,0.07758786529302597,0.15285681188106537,0.043207235634326935,0.005553250201046467,0.007403071969747543,16,16,14,14,0,0,0,0
scan9,subset_uniform,0,0,12,0.012205168604850769,13.125344276428223,7.7042236328125,1.0,633.3720092773438,0.0,0.0,0.06387980282306671,0.12416353821754456,0.01610552705824375,0.00868688989430666,0.0035182787105441093,16,16,16,14,0,0,0,0
scan9,subset_uniform,1,8,12,0.010424135252833366,12.427291870117188,6.838152885437012,0.9995294213294983,646.8582153320312,0.0,0.0,0.06577765196561813,0.12759879231452942,0.012863454408943653,0.006972805131226778,0.0034513301216065884,16,16,16,14,0,0,0,0
scan9,subset_uniform,2,16,12,0.009169104509055614,12.014469146728516,5.988834381103516,0.9995437860488892,649.140869140625,0.0,0.0,0.06722352653741837,0.1299930065870285,0.016896434128284454,0.0064910766668617725,0.002678027842193842,16,16,16,14,0,0,0,0
scan9,subset_uniform,3,24,12,0.009163806214928627,11.830262184143066,5.992415904998779,0.9998737573623657,653.9772338867188,0.0,0.0,0.06688077747821808,0.1297948807477951,0.026560187339782715,0.006245010532438755,0.002918795682489872,16,16,16,16,0,0,0,0
scan9,subset_uniform,4,32,12,0.008140670135617256,9.94487476348877,5.221286296844482,1.0,649.0787963867188,0.0,0.0,0.06787872314453125,0.13144512474536896,0.029273273423314095,0.0059392573311924934,0.0022014128044247627,16,16,16,14,0,0,0,0
scan9,subset_uniform,5,40,12,0.00711870240047574,9.009685516357422,4.362570285797119,1.0,657.2495727539062,0.0,4.078903675079346,0.07108873128890991,0.13844773173332214,0.026618558913469315,0.005553250201046467,0.0015654521994292736,16,16,14,14,0,0,0,0
scan9,subset_uniform,0,0,14,0.009412539191544056,11.195011138916016,5.903721809387207,1.0,633.3617553710938,0.0,0.0,0.06083197146654129,0.11796874552965164,0.008143721148371696,0.00868688989430666,0.0007256492972373962,16,16,16,14,0,0,0,1
scan9,subset_uniform,1,8,14,0.007622078992426395,10.736590385437012,4.9517822265625,0.9995764493942261,646.8500366210938,0.0,2.2483792304992676,0.06318990886211395,0.12216232717037201,0.007830670103430748,0.006972805131226778,0.0006492738611996174,16,16,16,14,0,0,0,1
scan9,subset_uniform,2,16,14,0.006943905260413885,10.586760520935059,4.496160984039307,0.9995356202125549,649.1337890625,0.0,1.8716850280761719,0.0646931454539299,0.125026673078537,0.011043218895792961,0.0064910766668617725,0.0004528285935521126,16,16,16,14,0,0,0,1
scan9,subset_uniform,3,24,14,0.006902341730892658,10.487665176391602,4.512749195098877,0.99985271692276,653.970947265625,0.0,0.0,0.06473691761493683,0.12518097460269928,0.017638009041547775,0.006245010532438755,0.0006573311984539032,16,16,16,16,0,0,0,0
scan9,subset_uniform,4,32,14,0.006472372449934483,8.86841869354248,4.1563568115234375,1.0,649.0717163085938,0.0,3.0627963542938232,0.06603848189115524,0.12758928537368774,0.014116847887635231,0.0059392573311924934,0.0005331151187419891,16,16,16,14,0,0,0,1
scan9,subset_uniform,5,40,14,0.005808051209896803,8.244752883911133,3.5716137886047363,1.0,657.2416381835938,0.0,0.0,0.06837460398674011,0.13249213993549347,0.023252040147781372,0.005553250201046467,0.0002548010088503361,16,16,14,14,0,0,1,1
scan9,subset_uniform,0,0,16,0.00868688989430666,10.74161148071289,5.426607608795166,1.0,633.349365234375,0.0,0.0,0.06401818245649338,0.1226428970694542,0.006495893932878971,0.00868688989430666,0.0,16,16,16,14,1,1,1,1
scan9,subset_uniform,1,8,16,0.006972805131226778,10.359121322631836,4.49806547164917,0.999631404876709,646.8385009765625,0.0,0.0,0.06580281257629395,0.12630149722099304,0.0055855452083051205,0.006972805131226778,0.0,16,16,16,14,1,1,1,1
scan9,subset_uniform,2,16,16,0.0064910766668617725,10.047806739807129,4.1680474281311035,0.9995437860488892,649.1236572265625,0.0,0.0,0.06668167561292648,0.1283513754606247,0.006414561066776514,0.0064910766668617725,0.0,16,16,16,14,1,1,1,1
scan9,subset_uniform,3,24,16,0.006245010532438755,10.179381370544434,4.074742794036865,0.9998456835746765,653.9602661132812,0.0,0.0,0.0667387992143631,0.12869152426719666,0.013593369163572788,0.006245010532438755,0.0,16,16,16,16,1,1,1,1
scan9,subset_uniform,4,32,16,0.0059392573311924934,8.383407592773438,3.8146634101867676,1.0,649.0614624023438,0.0,0.0,0.06779097765684128,0.13081641495227814,0.013891516253352165,0.0059392573311924934,0.0,16,16,16,14,1,1,1,1
scan9,subset_uniform,5,40,16,0.005553250201046467,7.889715671539307,3.4185798168182373,1.0,657.2301025390625,0.0,0.0,0.06858019530773163,0.1329483538866043,0.019228620454669,0.005553250201046467,0.0,16,16,14,14,1,1,1,1
scan10,subset_middle,0,24,8,0.009656990878283978,9.143174171447754,6.878093242645264,1.0,655.6434326171875,0.0,0.0,0.11225302517414093,0.21954457461833954,0.0,0.0038403773214668036,0.005816613556817174,16,16,14,14,0,0,0,0
scan10,subset_middle,1,0,8,0.010675689205527306,13.11195182800293,7.079922676086426,0.9989439845085144,627.3059692382812,0.0,3.1693472862243652,0.13425250351428986,0.253813236951828,0.0,0.004204561002552509,0.006471128202974796,16,14,14,14,0,0,0,0
scan10,subset_middle,2,1,8,0.009813785552978516,11.361065864562988,6.7443342208862305,1.0,630.7412719726562,0.0,2.2004261016845703,0.13069599866867065,0.24927963316440582,0.0,0.004530621226876974,0.0052831643261015415,14,14,14,12,0,0,0,0
scan10,subset_middle,3,2,8,0.008142960257828236,9.416303634643555,5.57851505279541,1.0,635.3385009765625,0.0,0.0,0.12933996319770813,0.2441824972629547,0.0,0.004848916083574295,0.0032940441742539406,14,14,12,12,0,0,0,0
scan10,subset_middle,4,3,8,0.010496831499040127,11.749107360839844,6.846645355224609,0.9995182156562805,644.523681640625,0.0,4.340590953826904,0.14894278347492218,0.26990067958831787,0.0,0.00398319261148572,0.006513638887554407,16,16,16,14,0,0,0,0
scan10,subset_middle,5,4,8,0.00864000990986824,9.331076622009277,5.525804042816162,1.0,640.108154296875,0.0,0.0,0.1480579674243927,0.27694088220596313,0.0,0.0032756798900663853,0.005364330019801855,16,16,16,14,0,0,0,0
scan10,subset_middle,0,24,10,0.0068087587133049965,6.773216247558594,4.881473064422607,1.0,655.5919799804688,0.0,0.0,0.0845222994685173,0.16719704866409302,0.03688032180070877,0.0038403773214668036,0.002968381391838193,16,16,14,14,0,0,0,0
scan10,subset_middle,1,0,10,0.0069509707391262054,9.816762924194336,4.56309175491333,0.9987662434577942,627.2552490234375,0.0,0.0,0.09873213618993759,0.19284379482269287,0.026708178222179413,0.004204561002552509,0.002746409736573696,16,14,14,14,0,0,0,0
scan10,subset_middle,2,1,10,0.006566996220499277,7.39958381652832,4.49455451965332,1.0,630.6942138671875,0.0,2.7911291122436523,0.09537949413061142,0.18800973892211914,0.031895190477371216,0.004530621226876974,0.002036374993622303,14,14,14,12,0,0,0,0
scan10,subset_middle,3,2,10,0.006633729673922062,7.385547637939453,4.529628276824951,1.0,635.298583984375,0.0,3.172804594039917,0.0945303738117218,0.1840265840291977,0.020901234820485115,0.004848916083574295,0.0017848135903477669,14,14,12,12,0,0,0,0
scan10,subset_middle,4,3,10,0.006951420567929745,7.944110870361328,4.51016092300415,0.9995182156562805,644.4794311523438,0.0,0.0,0.1054571270942688,0.20407088100910187,0.03195417672395706,0.00398319261148572,0.002968227956444025,16,16,16,14,0,0,0,0
scan10,subset_middle,5,4,10,0.005762024782598019,5.797977924346924,3.6713051795959473,1.0,640.0684814453125,0.0,3.6154675483703613,0.10324344038963318,0.2015308439731598,0.01831197552382946,0.0032756798900663853,0.0024863448925316334,16,16,16,14,0,0,0,0
scan10,subset_middle,0,24,12,0.004640284460037947,4.996083736419678,3.3401381969451904,1.0,655.5614624023438,0.0,0.0,0.07171979546546936,0.13983775675296783,0.020944733172655106,0.0038403773214668036,0.0007999071385711432,16,16,14,14,0,0,0,0
scan10,subset_middle,1,0,12,0.005035583861172199,7.622801780700684,3.253527879714966,0.9995504021644592,627.2243041992188,0.0,0.9059023857116699,0.08121781796216965,0.15546995401382446,0.01533837802708149,0.004204561002552509,0.0008310228586196899,16,14,14,14,0,0,0,0
scan10,subset_middle,2,1,12,0.004872371908277273,4.853363513946533,3.2805676460266113,1.0,630.6630249023438,0.0,3.6206629276275635,0.07731806486845016,0.149873286485672,0.017908863723278046,0.004530621226876974,0.00034175068140029907,14,14,14,12,0,0,0,1
scan10,subset_middle,3,2,12,0.005029561463743448,5.489563465118408,3.3959827423095703,1.0,635.2680053710938,0.0,0.0,0.07779326289892197,0.15080487728118896,0.015877002850174904,0.004848916083574295,0.0001806453801691532,14,14,12,12,0,0,1,1
scan10,subset_middle,4,3,12,0.005396815948188305,6.592647552490234,3.470923662185669,0.9994440674781799,644.4498901367188,0.0,0.0,0.08281534165143967,0.1601339876651764,0.013131526298820972,0.00398319261148572,0.0014136233367025852,16,16,16,14,0,0,0,0
scan10,subset_middle,5,4,12,0.0039665233343839645,3.8293509483337402,2.507798194885254,1.0,640.0428466796875,0.0,1.795150637626648,0.08276010304689407,0.15962763130664825,0.01406383328139782,0.0032756798900663853,0.0006908434443175793,16,16,16,14,0,0,0,0
scan10,subset_middle,0,24,14,0.003998677246272564,4.191491603851318,2.873728036880493,1.0,655.5402221679688,0.0,0.0,0.06719554960727692,0.129294753074646,0.016768667846918106,0.0038403773214668036,0.00015829992480576038,16,16,14,14,0,0,1,1
scan10,subset_middle,1,0,14,0.0042581879533827305,6.545738220214844,2.7394468784332275,0.9998117685317993,627.2053833007812,0.0,0.0,0.07280289381742477,0.14047150313854218,0.013503114692866802,0.004204561002552509,5.3626950830221176e-05,16,14,14,14,0,1,1,1
scan10,subset_middle,2,1,14,0.004515571519732475,4.450013160705566,3.0316691398620605,1.0,630.6415405273438,0.0,3.5492238998413086,0.07125391066074371,0.1372469663619995,0.01262056827545166,0.004530621226876974,-1.5049707144498825e-05,14,14,14,12,1,1,1,1
scan10,subset_middle,3,2,14,0.004773250315338373,5.016199111938477,3.2109291553497314,1.0,635.2462768554688,0.0,0.826615571975708,0.07132040709257126,0.1372823268175125,0.01323765143752098,0.004848916083574295,-7.566576823592186e-05,14,14,12,12,1,1,1,1
scan10,subset_middle,4,3,14,0.004300897940993309,6.009726047515869,2.7474472522735596,0.9994440674781799,644.4298095703125,0.0,3.130565881729126,0.07333954423666,0.1413164734840393,0.012066205032169819,0.00398319261148572,0.00031770532950758934,16,16,16,14,0,0,0,1
scan10,subset_middle,5,4,14,0.003537312150001526,3.285983085632324,2.2209858894348145,1.0,640.0236206054688,0.0,0.0,0.07345448434352875,0.14147961139678955,0.014547832310199738,0.0032756798900663853,0.0002616322599351406,16,16,16,14,0,0,0,1
scan10,subset_middle,0,24,16,0.0038403773214668036,3.915243148803711,2.7570462226867676,1.0,655.5244140625,0.0,0.0,0.06977637112140656,0.1335524171590805,0.014825602993369102,0.0038403773214668036,0.0,16,16,14,14,1,1,1,1
scan10,subset_middle,1,0,16,0.004204561002552509,5.853386402130127,2.697728395462036,0.9999372363090515,627.1931762695312,0.0,3.714465618133545,0.07193657755851746,0.13927215337753296,0.007088118232786655,0.004204561002552509,0.0,16,14,14,14,1,1,1,1
scan10,subset_middle,2,1,16,0.004530621226876974,4.475986003875732,3.039942979812622,1.0,630.6275634765625,0.0,0.0,0.07196247577667236,0.13862726092338562,0.009290878660976887,0.004530621226876974,0.0,14,14,14,12,1,1,1,1
scan10,subset_middle,3,2,16,0.004848916083574295,5.021844863891602,3.2584240436553955,1.0,635.2317504882812,0.0,4.2652153968811035,0.07216206192970276,0.13880982995033264,0.007500838954001665,0.004848916083574295,0.0,14,14,12,12,1,1,1,1
scan10,subset_middle,4,3,16,0.00398319261148572,5.831297874450684,2.5457351207733154,0.999530553817749,644.417236328125,0.0,1.6353025436401367,0.07230746746063232,0.14019669592380524,0.005752844735980034,0.00398319261148572,0.0,16,16,16,14,1,1,1,1
scan10,subset_middle,5,4,16,0.0032756798900663853,3.0626626014709473,2.0548970699310303,1.0,640.0116577148438,0.0,0.0,0.07209251821041107,0.13938474655151367,0.009108577854931355,0.0032756798900663853,0.0,16,16,16,14,1,1,1,1
scan10,subset_uniform,0,0,8,0.006523072253912687,6.576313018798828,4.2354207038879395,0.999926745891571,627.3598022460938,0.12508152425289154,0.0,0.1135714128613472,0.22022829949855804,0.0,0.0030962012242525816,0.0034268710296601057,16,16,12,12,0,0,0,0
scan10,subset_uniform,1,8,8,0.007101754192262888,7.0008864402771,4.888512134552002,1.0,642.1846923828125,0.0,3.1740381717681885,0.12044040858745575,0.2337154895067215,0.0,0.0031796821858733892,0.003922072006389499,12,12,12,12,0,0,0,0
scan10,subset_uniform,2,16,8,0.007545100059360266,7.466075420379639,5.149036407470703,1.0,655.1910400390625,0.0,0.0,0.13394416868686676,0.2583408057689667,0.0,0.003264554077759385,0.004280545981600881,12,12,12,12,0,0,0,0
scan10,subset_uniform,3,24,8,0.00845471490174532,7.841858386993408,5.905592441558838,1.0,655.636962890625,0.0,4.2136125564575195,0.1190970167517662,0.23438791930675507,0.0,0.0032205490861088037,0.005234165815636516,16,16,14,14,0,0,0,0
scan10,subset_uniform,4,32,8,0.00906921923160553,8.341673851013184,6.259415626525879,1.0,659.7393188476562,0.12508152425289154,4.976616382598877,0.12373912334442139,0.24196849763393402,0.0,0.0036407606676220894,0.00542845856398344,14,14,14,12,0,0,0,0
scan10,subset_uniform,5,40,8,0.01231849379837513,13.015345573425293,8.189207077026367,1.0,681.3145141601562,0.12508152425289154,0.0,0.14549919962882996,0.28719380497932434,0.0,0.0058563100174069405,0.006462183780968189,14,14,14,14,0,0,0,0
scan10,subset_uniform,0,0,10,0.003633353626355529,3.514350414276123,2.3333704471588135,0.9999999403953552,627.3146362304688,0.0,0.0,0.08685578405857086,0.170118048787117,0.023173542693257332,0.0030962012242525816,0.0005371524021029472,16,16,12,12,0,0,0,0
scan10,subset_uniform,1,8,10,0.003753150813281536,3.494845390319824,2.5658299922943115,1.0,642.1450805664062,0.0,0.0,0.0881287232041359,0.17427176237106323,0.026059124618768692,0.0031796821858733892,0.0005734686274081469,12,12,12,12,0,0,0,0
scan10,subset_uniform,2,16,10,0.004468933679163456,4.2357001304626465,3.058868885040283,1.0,655.1551513671875,0.0,0.0,0.09450787305831909,0.18477065861225128,0.02605912834405899,0.003264554077759385,0.0012043796014040709,12,12,12,12,0,0,0,0
scan10,subset_uniform,3,24,10,0.005623303819447756,5.892125606536865,4.004926681518555,1.0,655.59765625,0.0,3.6599278450012207,0.08785154670476913,0.17339475452899933,0.01980040781199932,0.0032205490861088037,0.002402754733338952,16,16,14,14,0,0,0,0
scan10,subset_uniform,4,32,10,0.005896522663533688,6.013025760650635,4.115701675415039,1.0,659.6993408203125,0.0,0.0,0.09058304131031036,0.17885097861289978,0.01911088079214096,0.0036407606676220894,0.002255761995911598,14,14,14,12,0,0,0,0
scan10,subset_uniform,5,40,10,0.00874262023717165,12.245190620422363,6.034504413604736,1.0,681.2755737304688,0.0,0.0,0.10215111821889877,0.19968533515930176,0.023738408461213112,0.0058563100174069405,0.0028863102197647095,14,14,14,14,0,0,0,0
scan10,subset_uniform,0,0,12,0.003163480432704091,3.077989101409912,2.029195547103882,0.9999999403953552,627.2867431640625,0.0,0.0,0.07210435718297958,0.1406533122062683,0.01246434822678566,0.0030962012242525816,6.727920845150948e-05,16,16,12,12,0,0,1,1
scan10,subset_uniform,1,8,12,0.003115786239504814,2.8342020511627197,2.1197662353515625,1.0,642.1204223632812,0.0,0.0,0.07407234609127045,0.14444749057292938,0.012388928793370724,0.0031796821858733892,-6.38959463685751e-05,12,12,12,12,1,1,1,1
scan10,subset_uniform,2,16,12,0.0032419811468571424,3.098179817199707,2.227841854095459,1.0,655.1325073242188,0.0,3.0076515674591064,0.077705979347229,0.15065328776836395,0.012532351538538933,0.003264554077759385,-2.257293090224266e-05,12,12,12,12,1,1,1,1
scan10,subset_uniform,3,24,12,0.00371933332644403,3.888336658477783,2.65055251121521,1.0,655.5735473632812,0.0,0.0,0.07474658638238907,0.1457872986793518,0.007508696988224983,0.0032205490861088037,0.0004987842403352261,16,16,14,14,0,0,0,0
scan10,subset_uniform,4,32,12,0.003982162103056908,4.120522975921631,2.7852487564086914,1.0,659.6744384765625,0.0,0.0,0.07574168592691422,0.14769650995731354,0.011226395145058632,0.0036407606676220894,0.00034140143543481827,14,14,14,12,0,0,0,1
scan10,subset_uniform,5,40,12,0.006726985331624746,9.709870338439941,4.576245307922363,1.0,681.2498168945312,0.0,3.1720023155212402,0.08209100365638733,0.15914897620677948,0.02043057419359684,0.0058563100174069405,0.0008706753142178059,14,14,14,14,0,0,0,0
scan10,subset_uniform,0,0,14,0.0033136915881186724,3.2066538333892822,2.134117841720581,0.9999999403953552,627.2684326171875,0.0,0.0,0.06691930443048477,0.1289598047733307,0.011794405989348888,0.0030962012242525816,0.00021749036386609077,16,16,12,12,0,0,0,1
scan10,subset_uniform,1,8,14,0.0032634451054036617,2.8576157093048096,2.2014505863189697,1.0,642.101318359375,0.0,4.167861461639404,0.0687735453248024,0.13282419741153717,0.012069025076925755,0.0031796821858733892,8.376291953027248e-05,12,12,12,12,0,0,1,1
scan10,subset_uniform,2,16,14,0.0033158166334033012,3.1602985858917236,2.286550521850586,1.0,655.115234375,0.0,0.0,0.07126551121473312,0.13731306791305542,0.012094268575310707,0.003264554077759385,5.126255564391613e-05,12,12,12,12,0,1,1,1
scan10,subset_uniform,3,24,14,0.003325359895825386,3.344841718673706,2.360039710998535,1.0,655.5557250976562,0.0,2.873511552810669,0.07037154585123062,0.135562926530838,0.010284666903316975,0.0032205490861088037,0.0001048108097165823,16,16,14,14,0,0,1,1
scan10,subset_uniform,4,32,14,0.003633648855611682,3.688920497894287,2.5443196296691895,1.0,659.6563720703125,0.0,0.0,0.07112795859575272,0.1372200846672058,0.011793112382292747,0.0036407606676220894,-7.111812010407448e-06,14,14,14,12,1,1,1,1
scan10,subset_uniform,5,40,14,0.005879520904272795,8.456038475036621,3.929337501525879,1.0,681.23193359375,0.0,2.7457351684570312,0.07333099097013474,0.14247165620326996,0.0234858226031065,0.0058563100174069405,2.3210886865854263e-05,14,14,14,14,1,1,1,1
scan10,subset_uniform,0,0,16,0.0030962012242525816,3.2246968746185303,1.9931261539459229,0.9999999403953552,627.2552490234375,0.0,0.0,0.06622346490621567,0.12933363020420074,0.008894520811736584,0.0030962012242525816,0.0,16,16,12,12,1,1,1,1
scan10,subset_uniform,1,8,16,0.0031796821858733892,2.8066110610961914,2.1496224403381348,1.0,642.0868530273438,0.0,0.0,0.06983266025781631,0.1352538913488388,0.010163463652133942,0.0031796821858733892,0.0,12,12,12,12,1,1,1,1
scan10,subset_uniform,2,16,16,0.003264554077759385,3.1437833309173584,2.256734609603882,1.0,655.1019287109375,0.0,0.0,0.07108723372220993,0.13792088627815247,0.010693661868572235,0.003264554077759385,0.0,12,12,12,12,1,1,1,1
scan10,subset_uniform,3,24,16,0.0032205490861088037,3.1541330814361572,2.280499219894409,1.0,655.5411376953125,0.0,2.7502942085266113,0.07115333527326584,0.13769803941249847,0.009000918827950954,0.0032205490861088037,0.0,16,16,14,14,1,1,1,1
scan10,subset_uniform,4,32,16,0.0036407606676220894,3.711122989654541,2.5595359802246094,1.0,659.6419677734375,0.0,0.0,0.07152244448661804,0.13872438669204712,0.00946045946329832,0.0036407606676220894,0.0,14,14,14,12,1,1,1,1
scan10,subset_uniform,5,40,16,0.0058563100174069405,8.389904022216797,3.903125524520874,1.0,681.2198486328125,0.0,0.0,0.07193717360496521,0.14022009074687958,0.029154567047953606,0.0058563100174069405,0.0,14,14,14,14,1,1,1,1
scan11,subset_middle,0,24,8,0.014257591217756271,15.046344757080078,9.26467227935791,0.9999589323997498,650.0245971679688,0.0,0.0,0.0809808298945427,0.16342267394065857,0.0,0.005807994399219751,0.00844959681853652,16,16,16,14,0,0,0,0
scan11,subset_middle,1,0,8,0.015160816721618176,15.430450439453125,9.655077934265137,1.0,624.3394165039062,0.0,0.0,0.08836685866117477,0.1736508011817932,0.0,0.007516474928706884,0.007644341792911291,16,16,14,14,0,0,0,0
scan11,subset_middle,2,1,8,0.015362436883151531,15.302648544311523,9.913317680358887,0.9999918937683105,630.033203125,0.0,1.8431313037872314,0.08478216081857681,0.16987119615077972,0.0,0.0067700669169425964,0.008592369966208935,16,16,14,14,0,0,0,0
scan11,subset_middle,3,2,8,0.013380974531173706,14.912339210510254,8.610048294067383,1.0,633.14697265625,0.0,0.0,0.08865416049957275,0.17621631920337677,0.0,0.00720139080658555,0.006179583724588156,14,14,12,12,0,0,0,0
scan11,subset_middle,4,3,8,0.012837463989853859,14.545051574707031,8.028360366821289,1.0,631.5987548828125,0.0,0.0,0.0957270935177803,0.18884429335594177,0.0,0.007466583978384733,0.005370880011469126,14,14,12,12,0,0,0,0
scan11,subset_middle,5,4,8,0.014280284754931927,16.083955764770508,8.535388946533203,0.9988062977790833,620.8020629882812,0.0,0.0,0.11414728313684464,0.21766498684883118,0.0,0.007515653967857361,0.006764630787074566,14,14,14,12,0,0,0,0
scan11,subset_middle,0,24,10,0.009882313199341297,12.963473320007324,6.470406532287598,0.9999753832817078,650.0108032226562,0.0,0.0,0.06562387198209763,0.12950395047664642,0.01681949943304062,0.005807994399219751,0.004074318800121546,16,16,16,14,0,0,0,0
scan11,subset_middle,1,0,10,0.010934830643236637,12.677617073059082,6.948093891143799,1.0,624.3274536132812,0.0,0.0,0.07335067540407181,0.14174197614192963,0.017785947769880295,0.007516474928706884,0.0034183557145297527,16,16,14,14,0,0,0,0
scan11,subset_middle,2,1,10,0.010641294531524181,12.057342529296875,6.839711666107178,1.0,630.0198364257812,0.0,2.46791410446167,0.07062716782093048,0.13748785853385925,0.01700691320002079,0.0067700669169425964,0.003871227614581585,16,16,14,14,0,0,0,0
scan11,subset_middle,3,2,10,0.009492083452641964,11.842698097229004,6.052992343902588,1.0,633.1326904296875,0.0,4.424077987670898,0.07322750240564346,0.1418919861316681,0.017500953748822212,0.00720139080658555,0.0022906926460564137,14,14,12,12,0,0,0,0
scan11,subset_middle,4,3,10,0.009644731879234314,12.146634101867676,6.0057806968688965,1.0,631.5872802734375,0.0,1.4509086608886719,0.07744258642196655,0.14901597797870636,0.018228644505143166,0.007466583978384733,0.0021781479008495808,14,14,12,12,0,0,0,0
scan11,subset_middle,5,4,10,0.010249889455735683,14.200286865234375,6.173995494842529,0.9988347291946411,620.7913208007812,0.0,0.0,0.09050903469324112,0.1688617616891861,0.02051660604774952,0.007515653967857361,0.0027342354878783226,14,14,14,12,0,0,0,0
scan11,subset_middle,0,24,12,0.007342908065766096,11.99621868133545,4.838383197784424,0.999991774559021,650.0036010742188,0.0,0.0,0.0612821951508522,0.11851977556943893,0.011348947882652283,0.005807994399219751,0.0015349136665463448,16,16,16,14,0,0,0,0
scan11,subset_middle,1,0,12,0.008551075123250484,11.333885192871094,5.423191547393799,1.0,624.3215942382812,0.0,0.0,0.06658808887004852,0.12844513356685638,0.009485548362135887,0.007516474928706884,0.0010346001945436,16,16,14,14,0,0,0,0
scan11,subset_middle,2,1,12,0.007842092774808407,10.685321807861328,5.0224456787109375,1.0,630.0133666992188,0.0,3.7611939907073975,0.06552661210298538,0.1263444721698761,0.009419278241693974,0.0067700669169425964,0.0010720258578658104,16,16,14,14,0,0,0,0
scan11,subset_middle,3,2,12,0.007476266473531723,10.83493423461914,4.734244346618652,1.0,633.1251831054688,0.0,2.1253199577331543,0.06688083708286285,0.12835891544818878,0.010066783055663109,0.00720139080658555,0.0002748756669461727,14,14,12,12,0,0,1,1
scan11,subset_middle,4,3,12,0.007626435719430447,11.0929536819458,4.7238240242004395,1.0,631.58203125,0.0,0.0,0.06923141330480576,0.1323879063129425,0.010384351946413517,0.007466583978384733,0.00015985174104571342,14,14,12,12,0,0,1,1
scan11,subset_middle,5,4,12,0.007952120155096054,13.597938537597656,4.81659460067749,0.9987305402755737,620.7857055664062,0.0,3.7088208198547363,0.07467535138130188,0.14348576962947845,0.011877816170454025,0.007515653967857361,0.00043646618723869324,14,14,14,12,0,0,0,1
scan11,subset_middle,0,24,14,0.006174576934427023,11.661705017089844,4.07988166809082,0.999991774559021,649.9922485351562,0.0,0.0,0.061011429876089096,0.11720789968967438,0.008204033598303795,0.005807994399219751,0.0003665825352072716,16,16,16,14,0,0,0,1
scan11,subset_middle,1,0,14,0.00771703477948904,10.942319869995117,4.896963119506836,1.0,624.3112182617188,0.0,0.0,0.06576801091432571,0.12592977285385132,0.006319402251392603,0.007516474928706884,0.000200559850782156,16,16,14,14,0,0,1,1
scan11,subset_middle,2,1,14,0.006936514284461737,10.345588684082031,4.443210601806641,1.0,630.0029907226562,0.0,4.508368492126465,0.06545283645391464,0.12509086728096008,0.007989510893821716,0.0067700669169425964,0.00016644736751914024,16,16,14,14,0,0,1,1
scan11,subset_middle,3,2,14,0.007128460798412561,10.55886459350586,4.510351657867432,1.0,633.1150512695312,0.0,2.4782028198242188,0.06564927846193314,0.12557190656661987,0.007268626242876053,0.00720139080658555,-7.293000817298889e-05,14,14,12,12,1,1,1,1
scan11,subset_middle,4,3,14,0.0073486086912453175,10.837512016296387,4.541409492492676,1.0,631.572998046875,0.0,0.0,0.06729459017515182,0.1286695897579193,0.006080686114728451,0.007466583978384733,-0.00011797528713941574,14,14,12,12,1,1,1,1
scan11,subset_middle,5,4,14,0.007492156699299812,13.31884479522705,4.551253318786621,0.9987210631370544,620.778076171875,0.0,1.401512861251831,0.07004518806934357,0.13412941992282867,0.007105652242898941,0.007515653967857361,-2.3497268557548523e-05,14,14,14,12,1,1,1,1
scan11,subset_middle,0,24,16,0.005807994399219751,11.482669830322266,3.832146406173706,0.999991774559021,649.9812622070312,0.0,0.0,0.06537165492773056,0.12498865276575089,0.008143867366015911,0.005807994399219751,0.0,16,16,16,14,1,1,1,1
scan11,subset_middle,1,0,16,0.007516474928706884,10.888819694519043,4.777069568634033,1.0,624.3010864257812,0.0,0.0,0.06853511929512024,0.1316293627023697,0.006259758956730366,0.007516474928706884,0.0,16,16,14,14,1,1,1,1
scan11,subset_middle,2,1,16,0.0067700669169425964,10.28679370880127,4.345003128051758,1.0,629.9922485351562,0.0,2.4164607524871826,0.06861093640327454,0.13163809478282928,0.008164841681718826,0.0067700669169425964,0.0,16,16,14,14,1,1,1,1
scan11,subset_middle,3,2,16,0.00720139080658555,10.474849700927734,4.562338829040527,1.0,633.1041870117188,0.0,0.0,0.0683860331773758,0.1312747746706009,0.006948262453079224,0.00720139080658555,0.0,14,14,12,12,1,1,1,1
scan11,subset_middle,4,3,16,0.007466583978384733,10.809172630310059,4.6166462898254395,1.0,631.56396484375,0.0,2.0590906143188477,0.06938225030899048,0.13335643708705902,0.005843304097652435,0.007466583978384733,0.0,14,14,12,12,1,1,1,1
scan11,subset_middle,5,4,16,0.007515653967857361,13.33768081665039,4.576088905334473,0.9988062977790833,620.7703247070312,0.0,2.7097835540771484,0.07023520767688751,0.13575850427150726,0.00649873586371541,0.007515653967857361,0.0,14,14,14,12,1,1,1,1
scan11,subset_uniform,0,0,8,0.010797807015478611,13.227663040161133,6.867953777313232,1.0,624.4033203125,0.0,0.0,0.07239969819784164,0.14361539483070374,0.0,0.006597071420401335,0.004200735595077276,16,14,14,12,0,0,0,0
scan11,subset_uniform,1,8,8,0.009465587325394154,11.692145347595215,6.071630001068115,0.9999999403953552,639.9962768554688,0.0,2.9620046615600586,0.07777192443609238,0.1542140692472458,0.0,0.005872352048754692,0.0035932352766394615,12,12,12,12,0,0,0,0
scan11,subset_uniform,2,16,8,0.009953481145203114,12.418156623840332,6.372479438781738,0.9999999403953552,643.0980224609375,0.0,0.0,0.0795372948050499,0.15716344118118286,0.0,0.005879092961549759,0.004074388183653355,12,12,12,12,0,0,0,0
scan11,subset_uniform,3,24,8,0.00926822330802679,12.684218406677246,6.084586143493652,0.999983549118042,649.9957275390625,0.0,2.7431674003601074,0.07961025834083557,0.15916316211223602,0.0,0.004998770076781511,0.004269453231245279,14,14,14,12,0,0,0,0
scan11,subset_uniform,4,32,8,0.008203623816370964,9.30309009552002,5.2851667404174805,0.9999269843101501,654.1468505859375,0.0,0.0,0.0811866819858551,0.16245213150978088,0.0,0.004356368910521269,0.003847254905849695,14,14,14,12,0,0,0,0
scan11,subset_uniform,5,40,8,0.015156077221035957,15.087153434753418,9.02701473236084,0.9989660382270813,661.8683471679688,0.0,0.0,0.08570275455713272,0.17435604333877563,0.0,0.005797107238322496,0.009358969982713461,16,16,14,14,0,0,0,0
scan11,subset_uniform,0,0,10,0.00796408299356699,11.772624969482422,5.044342517852783,1.0,624.3814697265625,0.0,0.0,0.0628601461648941,0.12185055762529373,0.012026861310005188,0.006597071420401335,0.0013670115731656551,16,14,14,12,0,0,0,0
scan11,subset_uniform,1,8,10,0.006850056815892458,10.62721061706543,4.406275749206543,0.9999999403953552,639.9778442382812,0.0,2.5229759216308594,0.06705859303474426,0.12876400351524353,0.00777086615562439,0.005872352048754692,0.0009777047671377659,12,12,12,12,0,0,0,0
scan11,subset_uniform,2,16,10,0.00712888827547431,11.382309913635254,4.597459316253662,0.9999999403953552,643.0814208984375,0.0,3.5345747470855713,0.06860817223787308,0.13104408979415894,0.008665223605930805,0.005879092961549759,0.001249795313924551,12,12,12,12,0,0,0,0
scan11,subset_uniform,3,24,10,0.006482608150690794,11.939751625061035,4.289141654968262,0.999991774559021,649.9767456054688,0.0,0.0,0.06775502115488052,0.13236165046691895,0.014050588943064213,0.004998770076781511,0.0014838380739092827,14,14,14,12,0,0,0,0
scan11,subset_uniform,4,32,10,0.0059592523612082005,7.338967800140381,3.764397382736206,0.9999908804893494,654.1272583007812,0.0,4.258091449737549,0.06895378232002258,0.1350959688425064,0.023120436817407608,0.004356368910521269,0.0016028834506869316,14,14,14,12,0,0,0,0
scan11,subset_uniform,5,40,10,0.009631110355257988,12.83027458190918,5.848813533782959,0.9989014267921448,661.8525390625,0.0,3.6017940044403076,0.07002245634794235,0.13850164413452148,0.019986005499958992,0.005797107238322496,0.0038340031169354916,16,16,14,14,0,0,0,0
scan11,subset_uniform,0,0,12,0.007039023097604513,11.252389907836914,4.461299419403076,1.0,624.3707885742188,0.0,0.0,0.060510024428367615,0.11634401977062225,0.006559244357049465,0.006597071420401335,0.0004419516772031784,16,14,14,12,0,0,0,1
scan11,subset_uniform,1,8,12,0.005801585037261248,10.20958137512207,3.7377355098724365,0.9999999403953552,639.9697265625,0.0,3.8459835052490234,0.06369265913963318,0.12194308638572693,0.006775975227355957,0.005872352048754692,-7.076701149344444e-05,12,12,12,12,1,1,1,1
scan11,subset_uniform,2,16,12,0.00593117531388998,10.962985038757324,3.8317267894744873,0.9999999403953552,643.0734252929688,0.0,0.0,0.06457426398992538,0.12411084771156311,0.010161596350371838,0.005879092961549759,5.2082352340221405e-05,12,12,12,12,1,1,1,1
scan11,subset_uniform,3,24,12,0.005274979863315821,11.661981582641602,3.5165364742279053,1.0,649.9683837890625,0.0,2.6084201335906982,0.06437034904956818,0.12423540651798248,0.012049886398017406,0.004998770076781511,0.0002762097865343094,14,14,14,12,0,0,0,1
scan11,subset_uniform,4,32,12,0.004778715781867504,6.667069911956787,3.015571355819702,1.0,654.1179809570312,0.0,2.5010807514190674,0.06564147770404816,0.12667185068130493,0.020352037623524666,0.004356368910521269,0.0004223468713462353,14,14,14,12,0,0,0,1
scan11,subset_uniform,5,40,12,0.0068635051138699055,12.05060863494873,4.2187819480896,0.9991340637207031,661.8452758789062,0.12508152425289154,4.347354412078857,0.06579865515232086,0.12768907845020294,0.034236349165439606,0.005797107238322496,0.001066397875547409,16,16,14,14,0,0,0,0
scan11,subset_uniform,0,0,14,0.006699206307530403,11.069870948791504,4.252997398376465,1.0,624.3585815429688,0.0,0.0,0.06014092266559601,0.11531480401754379,0.006905215792357922,0.006597071420401335,0.00010213488712906837,16,14,14,12,0,1,1,1
scan11,subset_uniform,1,8,14,0.0056701707653701305,10.035962104797363,3.652742862701416,0.9999999403953552,639.9593505859375,0.0,2.018097162246704,0.06267236918210983,0.12001822888851166,0.006345666013658047,0.005872352048754692,-0.00020218128338456154,12,12,12,12,1,1,1,1
scan11,subset_uniform,2,16,14,0.005722141824662685,10.803474426269531,3.6970126628875732,0.9999999403953552,643.0634765625,0.0,2.2116048336029053,0.06366562843322754,0.12203799933195114,0.007754940539598465,0.005879092961549759,-0.00015695113688707352,12,12,12,12,1,1,1,1
scan11,subset_uniform,3,24,14,0.004946691915392876,11.574893951416016,3.3128409385681152,1.0,649.9590454101562,0.0,0.0,0.06354039162397385,0.12196315824985504,0.007582470774650574,0.004998770076781511,-5.2078161388635635e-05,14,14,14,12,1,1,1,1
scan11,subset_uniform,4,32,14,0.0043301330879330635,6.488173007965088,2.7424941062927246,1.0,654.1085815429688,0.0,3.883629322052002,0.06528352200984955,0.12510311603546143,0.012191464193165302,0.004356368910521269,-2.6235822588205338e-05,14,14,14,12,1,1,1,1
scan11,subset_uniform,5,40,14,0.006009487900882959,11.887974739074707,3.7090952396392822,0.9991211295127869,661.832275390625,0.0,0.0,0.06533656269311905,0.12541252374649048,0.02437005378305912,0.005797107238322496,0.00021238066256046295,16,16,14,14,0,0,1,1
scan11,subset_uniform,0,0,16,0.006597071420401335,10.937751770019531,4.188990116119385,1.0,624.3466186523438,0.0,0.0,0.06464288383722305,0.12335088849067688,0.006904526613652706,0.006597071420401335,0.0,16,14,14,12,1,1,1,1
scan11,subset_uniform,1,8,16,0.005872352048754692,9.957401275634766,3.7811975479125977,0.9999999403953552,639.9483032226562,0.0,0.0,0.06623223423957825,0.12681138515472412,0.006545032374560833,0.005872352048754692,0.0,12,12,12,12,1,1,1,1
scan11,subset_uniform,2,16,16,0.005879092961549759,10.692482948303223,3.7931082248687744,0.9999999403953552,643.0535888671875,0.0,0.0,0.06680916994810104,0.128160297870636,0.007116232067346573,0.005879092961549759,0.0,12,12,12,12,1,1,1,1
scan11,subset_uniform,3,24,16,0.004998770076781511,11.495235443115234,3.3448610305786133,1.0,649.9495849609375,0.0,0.0,0.06683806329965591,0.12841401994228363,0.007013240363448858,0.004998770076781511,0.0,14,14,14,12,1,1,1,1
scan11,subset_uniform,4,32,16,0.004356368910521269,6.462902069091797,2.7602925300598145,1.0,654.0992431640625,0.0,4.151335716247559,0.06815242767333984,0.13113167881965637,0.008769332431256771,0.004356368910521269,0.0,14,14,14,12,1,1,1,1
scan11,subset_uniform,5,40,16,0.005797107238322496,11.820780754089355,3.586638927459717,0.9991469979286194,661.8216552734375,0.0,0.0,0.067722387611866,0.1305077224969864,0.01783205382525921,0.005797107238322496,0.0,16,16,14,14,1,1,1,1
scan12,subset_middle,0,24,8,0.02012121118605137,47.55312728881836,15.511656761169434,0.9709965586662292,664.892578125,0.0,0.0,0.10570579022169113,0.2095600664615631,0.0,0.012426581233739853,0.007694629952311516,16,16,14,14,0,0,0,0
scan12,subset_middle,1,0,8,0.01329247746616602,14.346245765686035,8.625288963317871,1.0,645.27734375,0.12508152425289154,2.4714012145996094,0.10541104525327682,0.20641525089740753,0.0,0.004975432530045509,0.00831704493612051,16,16,16,14,0,0,0,0
scan12,subset_middle,2,1,8,0.012758486904203892,13.630980491638184,8.355257034301758,1.0,645.7239990234375,0.0,2.598721981048584,0.09917351603507996,0.19710294902324677,0.0,0.005113944411277771,0.007644542492926121,16,16,16,16,0,0,0,0
scan12,subset_middle,3,2,8,0.013918791897594929,14.224893569946289,9.159549713134766,0.9999999403953552,648.3316040039062,0.0,0.0,0.10049009323120117,0.20041608810424805,0.0,0.005981894209980965,0.007936897687613964,16,16,16,14,0,0,0,0
scan12,subset_middle,4,3,8,0.014935505576431751,12.889914512634277,9.565446853637695,1.0,648.0897216796875,0.0,0.0,0.10665851831436157,0.20714719593524933,0.0,0.006030912045389414,0.008904593531042337,16,16,14,14,0,0,0,0
scan12,subset_middle,5,4,8,0.015377636067569256,14.781388282775879,9.608997344970703,0.9980319142341614,639.7760009765625,0.0,3.580967903137207,0.11529040336608887,0.22492589056491852,0.0,0.005781597923487425,0.009596038144081831,16,16,16,14,0,0,0,0
scan12,subset_middle,0,24,10,0.016733545809984207,47.4669189453125,13.384602546691895,0.9709965586662292,664.8984985351562,0.0,0.0,0.07690894603729248,0.1530044674873352,0.02478417381644249,0.012426581233739853,0.004306964576244354,16,16,14,14,0,0,0,0
scan12,subset_middle,1,0,10,0.008868111297488213,9.485696792602539,5.749487400054932,1.0,645.2889404296875,0.0,2.0055480003356934,0.07955410331487656,0.1561717838048935,0.01924418844282627,0.004975432530045509,0.0038926787674427032,16,16,16,14,0,0,0,0
scan12,subset_middle,2,1,10,0.009638351388275623,9.438023567199707,6.275204181671143,1.0,645.7330932617188,0.0,5.438443183898926,0.07789849489927292,0.15208405256271362,0.012627734802663326,0.005113944411277771,0.004524406976997852,16,16,16,16,0,0,0,0
scan12,subset_middle,3,2,10,0.010399910621345043,10.281859397888184,6.836381912231445,0.9999999403953552,648.3414306640625,0.0,0.0,0.07712623476982117,0.15274861454963684,0.0123533234000206,0.005981894209980965,0.0044180164113640785,16,16,16,14,0,0,0,0
scan12,subset_middle,4,3,10,0.010357694700360298,9.201151847839355,6.666743755340576,1.0,648.1000366210938,0.0,0.9024397134780884,0.08027807623147964,0.15836787223815918,0.01752602867782116,0.006030912045389414,0.004326782654970884,16,16,14,14,0,0,0,0
scan12,subset_middle,5,4,10,0.01146742794662714,11.868099212646484,7.199834823608398,0.9984185099601746,639.7888793945312,0.0,4.046511173248291,0.08460946381092072,0.16513778269290924,0.022331396117806435,0.005781597923487425,0.005685830023139715,16,16,16,14,0,0,0,0
scan12,subset_middle,0,24,12,0.014192098751664162,48.10172653198242,11.775723457336426,0.9709965586662292,664.8901977539062,0.0,0.0,0.0692024901509285,0.13476605713367462,0.0370931401848793,0.012426581233739853,0.0017655175179243088,16,16,14,14,0,0,0,0
scan12,subset_middle,1,0,12,0.006679142825305462,7.513906002044678,4.3413262367248535,1.0,645.285400390625,0.0,0.0,0.07197043299674988,0.13986366987228394,0.009107550606131554,0.004975432530045509,0.0017037102952599525,16,16,16,14,0,0,0,0
scan12,subset_middle,2,1,12,0.0072825513780117035,7.1440558433532715,4.7372918128967285,1.0,645.727783203125,0.0,3.67231822013855,0.07085590064525604,0.13723242282867432,0.006117143202573061,0.005113944411277771,0.0021686069667339325,16,16,16,16,0,0,0,0
scan12,subset_middle,3,2,12,0.007709367200732231,8.00093936920166,5.073675155639648,0.9999999403953552,648.3359375,0.0,3.5069360733032227,0.07054687291383743,0.13646405935287476,0.005718054715543985,0.005981894209980965,0.0017274729907512665,16,16,16,14,0,0,0,0
scan12,subset_middle,4,3,12,0.007273716852068901,7.054432392120361,4.701079368591309,1.0,648.0950927734375,0.0,2.811742067337036,0.07220856845378876,0.1403316706418991,0.007454479578882456,0.006030912045389414,0.0012428048066794872,16,16,14,14,0,0,0,0
scan12,subset_middle,5,4,12,0.007741671986877918,10.216951370239258,4.912437438964844,0.9985239505767822,639.7876586914062,0.0,3.497152090072632,0.0745767131447792,0.14476804435253143,0.011063416488468647,0.005781597923487425,0.0019600740633904934,16,16,16,14,0,0,0,0
scan12,subset_middle,0,24,14,0.012869104743003845,48.47141647338867,10.959465026855469,0.9709965586662292,664.8865966796875,0.0,0.0,0.06542106717824936,0.1272374838590622,0.01471378467977047,0.012426581233739853,0.0004425235092639923,16,16,14,14,0,0,1,1
scan12,subset_middle,1,0,14,0.005378857720643282,6.164297580718994,3.4975106716156006,1.0,645.2814331054688,0.0,0.0,0.0691126361489296,0.13291220366954803,0.007359407376497984,0.004975432530045509,0.0004034251905977726,16,16,16,14,0,0,0,1
scan12,subset_middle,2,1,14,0.005830687470734119,5.660068511962891,3.785287857055664,1.0,645.7247314453125,0.0,0.0,0.06824876368045807,0.13162711262702942,0.006065566558390856,0.005113944411277771,0.0007167430594563484,16,16,16,16,0,0,0,0
scan12,subset_middle,3,2,14,0.006431491579860449,6.546594142913818,4.219599723815918,0.9999999403953552,648.3323364257812,0.0,2.566892385482788,0.06836122274398804,0.13185904920101166,0.005768547300249338,0.005981894209980965,0.0004495973698794842,16,16,16,14,0,0,0,1
scan12,subset_middle,4,3,14,0.006205770652741194,6.055849552154541,4.004313945770264,1.0,648.093017578125,0.0,0.489389568567276,0.06936828047037125,0.133736714720726,0.005751880817115307,0.006030912045389414,0.00017485860735177994,16,16,14,14,0,0,1,1
scan12,subset_middle,5,4,14,0.006334319245070219,9.365920066833496,4.0373215675354,0.9987699389457703,639.78564453125,0.0,0.9741790890693665,0.07043419033288956,0.13582992553710938,0.0064674182794988155,0.005781597923487425,0.0005527213215827942,16,16,16,14,0,0,0,1
scan12,subset_middle,0,24,16,0.012426581233739853,48.6202278137207,10.684797286987305,0.9709965586662292,664.8828125,0.0,0.0,0.06778088957071304,0.12981253862380981,0.009387530386447906,0.012426581233739853,0.0,16,16,14,14,1,1,1,1
scan12,subset_middle,1,0,16,0.004975432530045509,5.512521743774414,3.228224039077759,1.0,645.2774047851562,0.0,1.2963371276855469,0.07119118422269821,0.13686197996139526,0.005823064595460892,0.004975432530045509,0.0,16,16,16,14,1,1,1,1
scan12,subset_middle,2,1,16,0.005113944411277771,4.896920204162598,3.313588857650757,1.0,645.7211303710938,0.0,1.4926588535308838,0.07060226798057556,0.1356469839811325,0.004282694309949875,0.005113944411277771,0.0,16,16,16,16,1,1,1,1
scan12,subset_middle,3,2,16,0.005981894209980965,5.882970333099365,3.913382053375244,0.9999999403953552,648.3294067382812,0.0,1.7513362169265747,0.07073239237070084,0.1357448548078537,0.004258502274751663,0.005981894209980965,0.0,16,16,16,14,1,1,1,1
scan12,subset_middle,4,3,16,0.006030912045389414,5.686173439025879,3.8855702877044678,1.0,648.0905151367188,0.0,0.0,0.07111351191997528,0.13670319318771362,0.004073333460837603,0.006030912045389414,0.0,16,16,14,14,1,1,1,1
scan12,subset_middle,5,4,16,0.005781597923487425,8.652953147888184,3.6912662982940674,0.9991214275360107,639.7832641601562,0.0,0.0,0.0713222399353981,0.1373845636844635,0.004708257969468832,0.005781597923487425,0.0,16,16,16,14,1,1,1,1
scan12,subset_uniform,0,0,8,0.015784988179802895,13.711841583251953,10.158941268920898,1.0,645.3887939453125,0.0,0.0,0.09401809424161911,0.1690717190504074,0.0,0.004606348928064108,0.011178639251738787,16,16,16,14,0,0,0,0
scan12,subset_uniform,1,8,8,0.012278961949050426,16.729990005493164,8.225774765014648,0.9941207766532898,653.1149291992188,0.0,5.069718360900879,0.10309944301843643,0.18407665193080902,0.0,0.0054995291866362095,0.006779432762414217,16,16,14,14,0,0,0,0
scan12,subset_uniform,2,16,8,0.013165951706469059,15.458783149719238,8.561563491821289,0.996555745601654,658.12939453125,0.0,0.0,0.10423432290554047,0.1874997615814209,0.0,0.004734836984425783,0.008431114722043276,16,16,16,14,0,0,0,0
scan12,subset_uniform,3,24,8,0.01964316889643669,46.68075942993164,15.16274642944336,0.9709965586662292,664.925048828125,0.0,4.894009113311768,0.11047116667032242,0.20596325397491455,0.0,0.012192447669804096,0.007450721226632595,16,16,14,14,0,0,0,0
scan12,subset_uniform,4,32,8,0.021111546084284782,54.08299255371094,16.397186279296875,0.9807651042938232,666.9789428710938,0.0,4.270079612731934,0.11953571438789368,0.21264415979385376,0.0,0.011099510826170444,0.010012035258114338,16,16,14,14,0,0,0,0
scan12,subset_uniform,5,40,8,0.06422232836484909,128.5550537109375,50.05046081542969,0.9090945720672607,686.3434448242188,0.0,1.5691016912460327,0.12947629392147064,0.22989988327026367,0.0,0.046667613089084625,0.017554715275764465,16,16,14,12,0,0,0,0
scan12,subset_uniform,0,0,10,0.008664565160870552,8.310233116149902,5.592911243438721,1.0,645.3668212890625,0.0,0.0,0.07192624360322952,0.1368933767080307,0.020946573466062546,0.004606348928064108,0.004058216232806444,16,16,16,14,0,0,0,0
scan12,subset_uniform,1,8,10,0.009187377989292145,15.60594367980957,6.233366012573242,0.9941207766532898,653.0913696289062,0.0,0.0,0.0752733126282692,0.1439991593360901,0.0143424142152071,0.0054995291866362095,0.0036878488026559353,16,16,14,14,0,0,0,0
scan12,subset_uniform,2,16,10,0.00966793391853571,13.93610668182373,6.337264537811279,0.996555745601654,658.1098022460938,0.0,0.0,0.07980355620384216,0.15092378854751587,0.02620287984609604,0.004734836984425783,0.004933096934109926,16,16,16,14,0,0,0,0
scan12,subset_uniform,3,24,10,0.015755902975797653,47.59330749511719,12.764411926269531,0.9709965586662292,664.9038696289062,0.0,4.574873924255371,0.08584737032651901,0.16440124809741974,0.05611569434404373,0.012192447669804096,0.003563455305993557,16,16,14,14,0,0,0,0
scan12,subset_uniform,4,32,10,0.015817783772945404,55.78172302246094,13.206576347351074,0.9807651042938232,666.9568481445312,0.0,4.0932817459106445,0.08718525618314743,0.16680851578712463,0.060921501368284225,0.011099510826170444,0.0047182729467749596,16,16,14,14,0,0,0,0
scan12,subset_uniform,5,40,10,0.058392614126205444,125.21959686279297,46.38916778564453,0.9090945720672607,686.3197631835938,0.0,3.8700923919677734,0.0928061306476593,0.17813128232955933,0.036846816539764404,0.046667613089084625,0.011725001037120819,16,16,14,12,0,0,0,0
scan12,subset_uniform,0,0,12,0.006131625268608332,5.762369155883789,3.945533275604248,1.0,645.3466796875,0.0,0.0,0.06723742932081223,0.12884511053562164,0.015914442017674446,0.004606348928064108,0.0015252763405442238,16,16,16,14,0,0,0,0
scan12,subset_uniform,1,8,12,0.006944619584828615,15.068892478942871,4.7629194259643555,0.9941207766532898,653.07275390625,0.0,3.3585877418518066,0.0697169080376625,0.13386692106723785,0.013096798211336136,0.0054995291866362095,0.0014450903981924057,16,16,14,14,0,0,0,0
scan12,subset_uniform,2,16,12,0.006625051144510508,12.731697082519531,4.369930744171143,0.996555745601654,658.0911865234375,0.0,2.218320369720459,0.07274957001209259,0.13900507986545563,0.026297904551029205,0.004734836984425783,0.0018902141600847244,16,16,16,14,0,0,0,0
scan12,subset_uniform,3,24,12,0.013432425446808338,48.160430908203125,11.30289077758789,0.9709965586662292,664.8862915039062,0.0,3.510953426361084,0.07789715379476547,0.1497620940208435,0.029563207179307938,0.012192447669804096,0.001239977777004242,16,16,14,14,0,0,0,0
scan12,subset_uniform,4,32,12,0.012608152814209461,56.77382278442383,11.246285438537598,0.9807651042938232,666.939453125,0.0,2.308086395263672,0.07694553583860397,0.14896246790885925,0.03058543987572193,0.011099510826170444,0.0015086419880390167,16,16,14,14,0,0,0,0
scan12,subset_uniform,5,40,12,0.05079948157072067,121.93907165527344,41.611976623535156,0.9090945720672607,686.302734375,0.0,0.39167115092277527,0.07964539527893066,0.15424829721450806,0.03226979076862335,0.046667613089084625,0.004131868481636047,16,16,14,12,0,0,0,1
scan12,subset_uniform,0,0,14,0.00495112594217062,4.8636932373046875,3.1834640502929688,1.0,645.334228515625,0.0,0.0,0.0650448352098465,0.12585920095443726,0.008907840587198734,0.004606348928064108,0.00034477701410651207,16,16,16,14,0,0,0,1
scan12,subset_uniform,1,8,14,0.0056954422034323215,15.017168045043945,3.9538421630859375,0.9941207766532898,653.062255859375,0.0,2.9297759532928467,0.06707178801298141,0.12999758124351501,0.010841088369488716,0.0054995291866362095,0.00019591301679611206,16,16,14,14,0,0,1,1
scan12,subset_uniform,2,16,14,0.004973195493221283,12.302820205688477,3.3052408695220947,0.996555745601654,658.080078125,0.0,0.0,0.06916950643062592,0.13362672924995422,0.02288801781833172,0.004734836984425783,0.0002383585087954998,16,16,16,14,0,0,0,1
scan12,subset_uniform,3,24,14,0.01247319020330906,48.49400329589844,10.706029891967773,0.9709965586662292,664.876953125,0.0,3.6259584426879883,0.07218138873577118,0.14078083634376526,0.051017358899116516,0.012192447669804096,0.0002807425335049629,16,16,14,14,0,0,1,1
scan12,subset_uniform,4,32,14,0.011468532495200634,57.249061584472656,10.539134979248047,0.9807651042938232,666.9302368164062,0.0,0.0,0.07214567810297012,0.14076335728168488,0.04836902394890785,0.011099510826170444,0.0003690216690301895,16,16,14,14,0,0,1,1
scan12,subset_uniform,5,40,14,0.047637682408094406,120.58235931396484,39.58003616333008,0.9090945720672607,686.2894897460938,0.0,0.0,0.0732887014746666,0.14285753667354584,0.03894004970788956,0.046667613089084625,0.0009700693190097809,16,16,14,12,0,0,1,1
scan12,subset_uniform,0,0,16,0.004606348928064108,4.646332263946533,2.966737985610962,1.0,645.3258056640625,0.0,0.0,0.06745865195989609,0.12957803905010223,0.004628797527402639,0.004606348928064108,0.0,16,16,16,14,1,1,1,1
scan12,subset_uniform,1,8,16,0.0054995291866362095,15.100403785705566,3.8322622776031494,0.9941207766532898,653.0554809570312,0.0,2.322288990020752,0.06858854740858078,0.13239483535289764,0.006473039276897907,0.0054995291866362095,0.0,16,16,14,14,1,1,1,1
scan12,subset_uniform,2,16,16,0.004734836984425783,12.222994804382324,3.154261350631714,0.996555745601654,658.0731811523438,0.0,1.705938696861267,0.07037807255983353,0.13570359349250793,0.012180059216916561,0.004734836984425783,0.0,16,16,16,14,1,1,1,1
scan12,subset_uniform,3,24,16,0.012192447669804096,48.5724983215332,10.531976699829102,0.9709965586662292,664.87109375,0.0,3.4310808181762695,0.07099210470914841,0.13796526193618774,0.029239337891340256,0.012192447669804096,0.0,16,16,14,14,1,1,1,1
scan12,subset_uniform,4,32,16,0.011099510826170444,57.3758659362793,10.315450668334961,0.9807651042938232,666.9249877929688,0.0,0.0,0.07063852250576019,0.13812759518623352,0.032970208674669266,0.011099510826170444,0.0,16,16,14,14,1,1,1,1
scan12,subset_uniform,5,40,16,0.046667613089084625,120.03367614746094,38.939964294433594,0.9090945720672607,686.2809448242188,0.0,2.5711591243743896,0.07123339921236038,0.13912397623062134,0.02653386816382408,0.046667613089084625,0.0,16,16,14,12,1,1,1,1
scan15,subset_middle,0,24,8,0.021852388978004456,19.60854721069336,14.752908706665039,0.9999999403953552,662.8558959960938,0.0,0.0,0.0744936466217041,0.1515025943517685,0.0,0.010590092279016972,0.011262296698987484,16,16,16,14,0,0,0,0
scan15,subset_middle,1,0,8,0.029430590569972992,30.07391357421875,20.372865676879883,0.9995442628860474,644.5712890625,0.0,3.1287519931793213,0.07990489900112152,0.1645565778017044,0.0,0.007616203743964434,0.02181438682600856,16,16,16,16,0,0,0,0
scan15,subset_middle,2,1,8,0.028586694970726967,27.088499069213867,19.72447395324707,0.9998868703842163,652.090087890625,0.0,0.0,0.0784592479467392,0.16095773875713348,0.0,0.008999649435281754,0.019587045535445213,16,16,16,16,0,0,0,0
scan15,subset_middle,3,2,8,0.029288679361343384,29.22959327697754,20.247644424438477,0.9999470114707947,645.9739379882812,0.0,3.8406338691711426,0.07580201327800751,0.15370900928974152,0.0,0.009506492875516415,0.01978218648582697,16,16,16,14,0,0,0,0
scan15,subset_middle,4,3,8,0.03546849638223648,34.46755599975586,24.004426956176758,0.9968280792236328,650.053466796875,0.0,1.671520709991455,0.07903024554252625,0.16030307114124298,0.0,0.011225986294448376,0.024242510087788105,16,16,16,14,0,0,0,0
scan15,subset_middle,5,4,8,0.04044758901000023,39.3848762512207,26.721214294433594,0.9991106390953064,635.3388061523438,0.0,0.0,0.08716242760419846,0.17554862797260284,0.0,0.01268815528601408,0.02775943372398615,16,16,16,16,0,0,0,0
scan15,subset_middle,0,24,10,0.019105074927210808,17.548126220703125,12.913435935974121,0.9999999403953552,662.8199462890625,0.0,0.0,0.0663825049996376,0.13093021512031555,0.04665275663137436,0.010590092279016972,0.008514982648193836,16,16,16,14,0,0,0,0
scan15,subset_middle,1,0,10,0.01772640272974968,18.50567054748535,12.202448844909668,0.9998604655265808,644.5399169921875,0.0,0.0,0.07101882249116898,0.1385778784751892,0.02231610380113125,0.007616203743964434,0.010110198985785246,16,16,16,16,0,0,0,0
scan15,subset_middle,2,1,10,0.01945868507027626,18.206140518188477,13.300061225891113,0.9999434351921082,652.0567016601562,0.0,0.0,0.06953728944063187,0.1367393583059311,0.02790559083223343,0.008999649435281754,0.010459035634994507,16,16,16,16,0,0,0,0
scan15,subset_middle,3,2,10,0.020173141732811928,20.31594467163086,13.875306129455566,0.9999999403953552,645.9415283203125,0.0,0.7287365198135376,0.06837736070156097,0.13383853435516357,0.02107328362762928,0.009506492875516415,0.010666648857295513,16,16,16,14,0,0,0,0
scan15,subset_middle,4,3,10,0.02368771843612194,23.967815399169922,16.032127380371094,0.9988131523132324,650.0228271484375,0.0,1.3731610774993896,0.07019992172718048,0.13735584914684296,0.01637156866490841,0.011225986294448376,0.012461732141673565,16,16,16,14,0,0,0,0
scan15,subset_middle,5,4,10,0.02766420505940914,27.22641372680664,18.25660514831543,0.9995778799057007,635.3056030273438,0.0,1.5169771909713745,0.07485184818506241,0.14768631756305695,0.019890621304512024,0.01268815528601408,0.014976049773395061,16,16,16,16,0,0,0,0
scan15,subset_middle,0,24,12,0.014175084419548512,13.964607238769531,9.57347297668457,0.9999999403953552,662.8087158203125,0.0,0.0,0.06293034553527832,0.12176487594842911,0.027645161375403404,0.010590092279016972,0.00358499214053154,16,16,16,14,0,0,0,0
scan15,subset_middle,1,0,12,0.010869653895497322,11.533473014831543,7.3309102058410645,0.9998604655265808,644.5287475585938,0.0,3.735020160675049,0.06675512343645096,0.1292516589164734,0.011650401167571545,0.007616203743964434,0.0032534501515328884,16,16,16,16,0,0,0,0
scan15,subset_middle,2,1,12,0.01261528767645359,11.993678092956543,8.517037391662598,0.9999514818191528,652.0473022460938,0.0,4.811167240142822,0.06579955667257309,0.12706343829631805,0.009999562986195087,0.008999649435281754,0.003615638241171837,16,16,16,16,0,0,0,0
scan15,subset_middle,3,2,12,0.012915815226733685,13.344315528869629,8.779890060424805,0.9999999403953552,645.931396484375,0.0,3.672264814376831,0.06518197804689407,0.12565849721431732,0.009984219446778297,0.009506492875516415,0.00340932235121727,16,16,16,14,0,0,0,0
scan15,subset_middle,4,3,12,0.01528299693018198,16.334482192993164,10.210572242736816,0.9992122650146484,650.0120849609375,0.0,0.0,0.06624842435121536,0.12798956036567688,0.012313849292695522,0.011225986294448376,0.004057010635733604,16,16,16,14,0,0,0,0
scan15,subset_middle,5,4,12,0.01803559623658657,18.229053497314453,11.771507263183594,0.9999396800994873,635.2941284179688,0.0,0.0,0.06864521652460098,0.13297325372695923,0.01630408689379692,0.01268815528601408,0.005347440950572491,16,16,16,16,0,0,0,0
scan15,subset_middle,0,24,14,0.011549137532711029,12.420011520385742,7.799680709838867,0.9999999403953552,662.8011474609375,0.0,0.0,0.06040346994996071,0.1168530136346817,0.013279128819704056,0.010590092279016972,0.0009590452536940575,16,16,16,14,0,0,0,1
scan15,subset_middle,1,0,14,0.008528837002813816,9.407613754272461,5.653655052185059,0.9998418688774109,644.5205688476562,0.0,0.0,0.06461681425571442,0.12436944991350174,0.00882328674197197,0.007616203743964434,0.0009126332588493824,16,16,16,16,0,0,0,0
scan15,subset_middle,2,1,14,0.009972098283469677,9.979211807250977,6.6810503005981445,0.9999514818191528,652.0408935546875,0.0,3.80173921585083,0.06375308334827423,0.12303850799798965,0.005533543415367603,0.008999649435281754,0.0009724488481879234,16,16,16,16,0,0,0,0
scan15,subset_middle,3,2,14,0.010443883948028088,11.054104804992676,7.006056308746338,0.9999999403953552,645.9255981445312,0.0,3.832825183868408,0.06360077112913132,0.12236880511045456,0.004632597789168358,0.009506492875516415,0.000937391072511673,16,16,16,14,0,0,0,1
scan15,subset_middle,4,3,14,0.012343193404376507,13.975189208984375,8.126886367797852,0.9992333054542542,650.0061645507812,0.0,0.0,0.06412091106176376,0.12348812073469162,0.00526272552087903,0.011225986294448376,0.001117207109928131,16,16,16,14,0,0,0,1
scan15,subset_middle,5,4,14,0.014274817891418934,14.918601989746094,9.19589900970459,0.9998944401741028,635.28759765625,0.0,1.6914225816726685,0.06589633226394653,0.12682095170021057,0.006675196811556816,0.01268815528601408,0.0015866626054048538,16,16,16,16,0,0,0,0
scan15,subset_middle,0,24,16,0.010590092279016972,11.963955879211426,7.149331092834473,0.9999999403953552,662.7894287109375,0.0,0.0,0.06409354507923126,0.12249869108200073,0.013466551899909973,0.010590092279016972,0.0,16,16,16,14,1,1,1,1
scan15,subset_middle,1,0,16,0.007616203743964434,8.649591445922852,4.982945919036865,0.9998418688774109,644.5103149414062,0.0,4.7833991050720215,0.06708455830812454,0.12922444939613342,0.013212000019848347,0.007616203743964434,0.0,16,16,16,16,1,1,1,1
scan15,subset_middle,2,1,16,0.008999649435281754,9.32254409790039,5.995231628417969,0.999927282333374,652.0314331054688,0.0,3.1451027393341064,0.06640256196260452,0.12773972749710083,0.007032941095530987,0.008999649435281754,0.0,16,16,16,16,1,1,1,1
scan15,subset_middle,3,2,16,0.009506492875516415,10.254992485046387,6.321958065032959,0.9999999403953552,645.9161376953125,0.0,0.6382712721824646,0.06665097922086716,0.12797851860523224,0.006484328303486109,0.009506492875516415,0.0,16,16,16,14,1,1,1,1
scan15,subset_middle,4,3,16,0.011225986294448376,13.187981605529785,7.339008808135986,0.9992542862892151,649.9973754882812,0.0,1.9933125972747803,0.06689076125621796,0.12868709862232208,0.008175997994840145,0.011225986294448376,0.0,16,16,16,14,1,1,1,1
scan15,subset_middle,5,4,16,0.01268815528601408,13.466111183166504,8.071154594421387,0.9998643398284912,635.279296875,0.0,4.513449192047119,0.06789812445640564,0.13087409734725952,0.01035128440707922,0.01268815528601408,0.0,16,16,16,16,1,1,1,1
scan15,subset_uniform,0,0,8,0.025290459394454956,24.6208553314209,17.2789363861084,0.9995163679122925,644.6343994140625,0.0,0.0,0.07282455265522003,0.14684799313545227,0.0,0.00725763151422143,0.018032827880233526,16,16,16,16,0,0,0,0
scan15,subset_uniform,1,8,8,0.02309873141348362,21.542945861816406,15.71438980102539,0.9998143911361694,651.5502319335938,0.0,4.873027801513672,0.07600084692239761,0.15236544609069824,0.0,0.0089966906234622,0.01410204079002142,16,16,16,16,0,0,0,0
scan15,subset_uniform,2,16,8,0.025029577314853668,22.50208282470703,16.67321014404297,0.998534619808197,654.5083618164062,0.0,2.300952196121216,0.07904628664255142,0.1590069830417633,0.0,0.009982212446630001,0.015047364868223667,16,16,16,16,0,0,0,0
scan15,subset_uniform,3,24,8,0.019747091457247734,18.54930877685547,13.319478034973145,0.9999933838844299,662.883056640625,0.0,2.436063766479492,0.07851909101009369,0.15838538110256195,0.0,0.009118740446865559,0.010628351010382175,16,16,16,16,0,0,0,0
scan15,subset_uniform,4,32,8,0.016687186434864998,18.290691375732422,11.172172546386719,0.9989013075828552,660.9403076171875,0.0,0.0,0.08173051476478577,0.16599494218826294,0.0,0.00846855528652668,0.008218631148338318,16,16,16,16,0,0,0,0
scan15,subset_uniform,5,40,8,0.03528338298201561,30.225688934326172,22.490297317504883,0.9951168894767761,664.7613525390625,0.0,1.6846987009048462,0.08905767649412155,0.1794586330652237,0.0,0.010578017681837082,0.024705365300178528,16,16,16,16,0,0,0,0
scan15,subset_uniform,0,0,10,0.01661045476794243,16.574935913085938,11.283556938171387,0.9996837973594666,644.6096801757812,0.0,0.0,0.06439100950956345,0.12645882368087769,0.017616519704461098,0.00725763151422143,0.009352823253720999,16,16,16,16,0,0,0,0
scan15,subset_uniform,1,8,10,0.019102793186903,17.7838191986084,12.947922706604004,1.0,651.527099609375,0.0,0.0,0.06607475876808167,0.1290627270936966,0.01039750687777996,0.0089966906234622,0.0101061025634408,16,16,16,16,0,0,0,0
scan15,subset_uniform,2,16,10,0.019959211349487305,18.46628189086914,13.366186141967773,0.999952495098114,654.4862670898438,0.0,3.8714585304260254,0.06823369115591049,0.1340780258178711,0.009904472157359123,0.009982212446630001,0.009976998902857304,16,16,16,16,0,0,0,0
scan15,subset_uniform,3,24,10,0.01762882061302662,16.583757400512695,11.86193561553955,0.9999933838844299,662.8599243164062,0.0,0.0,0.06712030619382858,0.13168805837631226,0.019518986344337463,0.009118740446865559,0.00851008016616106,16,16,16,16,0,0,0,0
scan15,subset_uniform,4,32,10,0.01540953665971756,15.91608715057373,10.271358489990234,0.9998740553855896,660.9172973632812,0.0,4.07357120513916,0.0690121203660965,0.13592910766601562,0.03309633582830429,0.00846855528652668,0.00694098137319088,16,16,16,16,0,0,0,0
scan15,subset_uniform,5,40,10,0.025552598759531975,23.659969329833984,16.318971633911133,0.9955405592918396,664.733642578125,0.0,3.646743059158325,0.07520536333322525,0.14854462444782257,0.030786573886871338,0.010578017681837082,0.014974581077694893,16,16,16,16,0,0,0,0
scan15,subset_uniform,0,0,12,0.010806011967360973,11.247443199157715,7.225898265838623,0.9999162554740906,644.594482421875,0.0,0.0,0.061656344681978226,0.11927825957536697,0.010229361243546009,0.00725763151422143,0.0035483804531395435,16,16,16,16,0,0,0,0
scan15,subset_uniform,1,8,12,0.013780444860458374,13.387312889099121,9.274017333984375,1.0,651.51416015625,0.0,1.73978853225708,0.06323320418596268,0.12212783098220825,0.008345993235707283,0.0089966906234622,0.004783754236996174,16,16,16,16,0,0,0,0
scan15,subset_uniform,2,16,12,0.014610271900892258,14.597400665283203,9.768138885498047,0.9999604225158691,654.474609375,0.0,0.0,0.06462403386831284,0.1250954568386078,0.012109530158340931,0.009982212446630001,0.004628059454262257,16,16,16,16,0,0,0,0
scan15,subset_uniform,3,24,12,0.013642828911542892,13.978045463562012,9.165454864501953,0.9999999403953552,662.8482666015625,0.0,1.0330613851547241,0.06430459022521973,0.12406570464372635,0.018753662705421448,0.009118740446865559,0.004524088464677334,16,16,16,16,0,0,0,0
scan15,subset_uniform,4,32,12,0.012359602376818657,13.883408546447754,8.238597869873047,0.9999720454216003,660.9053344726562,0.0,0.0,0.0658406987786293,0.12702472507953644,0.04618847742676735,0.00846855528652668,0.003891047090291977,16,16,16,16,0,0,0,0
scan15,subset_uniform,5,40,12,0.016497792676091194,18.387649536132812,10.640499114990234,0.9963032007217407,664.7235107421875,0.0,3.742666721343994,0.06930091977119446,0.13509982824325562,0.02780322916805744,0.010578017681837082,0.005919774994254112,16,16,16,16,0,0,0,0
scan15,subset_uniform,0,0,14,0.00827613566070795,9.212325096130371,5.434839725494385,0.9999162554740906,644.5811157226562,0.0,0.0,0.06012405827641487,0.11611204594373703,0.007758983876556158,0.00725763151422143,0.0010185041464865208,16,16,16,16,0,0,0,0
scan15,subset_uniform,1,8,14,0.010564930737018585,11.008854866027832,7.047821998596191,1.0,651.5026245117188,0.0,2.3177330493927,0.06206300109624863,0.11949145048856735,0.008617491461336613,0.0089966906234622,0.001568240113556385,16,16,16,16,0,0,0,0
scan15,subset_uniform,2,16,14,0.011532807722687721,12.997368812561035,7.678949356079102,0.9999287128448486,654.4644775390625,0.0,0.0,0.06349469721317291,0.1221018061041832,0.007330453954637051,0.009982212446630001,0.0015505952760577202,16,16,16,16,0,0,0,0
scan15,subset_uniform,3,24,14,0.010707973502576351,12.280735969543457,7.19076681137085,0.9999999403953552,662.8385009765625,0.0,0.0,0.06380104273557663,0.1226019561290741,0.017186645418405533,0.009118740446865559,0.0015892330557107925,16,16,16,16,0,0,0,0
scan15,subset_uniform,4,32,14,0.00989505648612976,12.569052696228027,6.604028224945068,0.9999859929084778,660.8963012695312,0.0,3.380319356918335,0.06568960100412369,0.12580208480358124,0.04421849548816681,0.00846855528652668,0.0014265011996030807,16,16,16,16,0,0,0,0
scan15,subset_uniform,5,40,14,0.012235580943524837,16.095436096191406,7.914182662963867,0.9977331757545471,664.7128295898438,0.0,3.8621914386749268,0.06751605123281479,0.13021278381347656,0.02272804081439972,0.010578017681837082,0.0016575632616877556,16,16,16,16,0,0,0,0
scan15,subset_uniform,0,0,16,0.00725763151422143,8.534934997558594,4.706145763397217,0.9999162554740906,644.5672607421875,0.0,0.0,0.06338108330965042,0.12158012390136719,0.007795056793838739,0.00725763151422143,0.0,16,16,16,16,1,1,1,1
scan15,subset_uniform,1,8,16,0.0089966906234622,9.995071411132812,5.9609222412109375,1.0,651.4903564453125,0.0,0.0,0.0652906596660614,0.1252288669347763,0.008410465903580189,0.0089966906234622,0.0,16,16,16,16,1,1,1,1
scan15,subset_uniform,2,16,16,0.009982212446630001,12.293042182922363,6.623233795166016,0.9999287128448486,654.45361328125,0.0,2.1996254920959473,0.06638555973768234,0.12753291428089142,0.006106464192271233,0.009982212446630001,0.0,16,16,16,16,1,1,1,1
scan15,subset_uniform,3,24,16,0.009118740446865559,11.478842735290527,6.119638442993164,0.9999999403953552,662.827392578125,0.0,2.5255348682403564,0.0664093941450119,0.1278012990951538,0.014721451327204704,0.009118740446865559,0.0,16,16,16,16,1,1,1,1
scan15,subset_uniform,4,32,16,0.00846855528652668,11.868313789367676,5.657534122467041,0.9999790191650391,660.8863525390625,0.0,0.0,0.0678117573261261,0.1305968314409256,0.03243212401866913,0.00846855528652668,0.0,16,16,16,16,1,1,1,1
scan15,subset_uniform,5,40,16,0.010578017681837082,15.254783630371094,6.843565464019775,0.9979768395423889,664.7022094726562,0.0,0.0,0.06861889362335205,0.13266269862651825,0.016091149300336838,0.010578017681837082,0.0,16,16,16,16,1,1,1,1
scan23,subset_middle,0,24,8,0.02052566036581993,18.594871520996094,14.513201713562012,1.0,677.75,0.0,0.0,0.06340742856264114,0.12725724279880524,0.0,0.006856135092675686,0.013669525273144245,16,16,16,16,0,0,0,0
scan23,subset_middle,1,0,8,0.03395819291472435,28.94086456298828,22.022157669067383,0.9999011754989624,689.1060791015625,0.0,3.1393086910247803,0.06999187916517258,0.14111903309822083,0.0,0.008910669945180416,0.025047522969543934,16,16,16,16,0,0,0,0
scan23,subset_middle,2,1,8,0.02885095775127411,24.222980499267578,19.37065887451172,1.0,684.6055908203125,0.0,0.0,0.0685700848698616,0.13801519572734833,0.0,0.007579379249364138,0.02127157850190997,16,16,16,16,0,0,0,0
scan23,subset_middle,3,2,8,0.023807745426893234,20.002626419067383,16.46868896484375,1.0,677.904541015625,0.0,2.6697585582733154,0.06566515564918518,0.13394564390182495,0.0,0.007196406368166208,0.016611339058727026,16,16,16,16,0,0,0,0
scan23,subset_middle,4,3,8,0.021218745037913322,18.70509910583496,14.796255111694336,1.0,669.665771484375,0.0,3.1470937728881836,0.07308430969715118,0.14793165028095245,0.0,0.006839199457317591,0.014379545580595732,16,16,16,16,0,0,0,0
scan23,subset_middle,5,4,8,0.019163552671670914,18.60142707824707,13.450560569763184,0.999433696269989,670.6703491210938,0.0,0.0,0.07406637817621231,0.14962033927440643,0.0,0.007461511995643377,0.011702040676027536,16,16,16,16,0,0,0,0
scan23,subset_middle,0,24,10,0.013697700574994087,12.965986251831055,9.713799476623535,1.0,677.7349853515625,0.0,0.0,0.058545954525470734,0.11417965590953827,0.012043389491736889,0.006856135092675686,0.006841565482318401,16,16,16,16,0,0,0,0
scan23,subset_middle,1,0,10,0.022562049329280853,20.048696517944336,14.699026107788086,1.0,689.0921020507812,0.0,0.0,0.063003309071064,0.12320002168416977,0.013559534214437008,0.008910669945180416,0.013651379384100437,16,16,16,16,0,0,0,0
scan23,subset_middle,2,1,10,0.01932276226580143,16.929166793823242,13.093377113342285,1.0,684.5910034179688,0.0,0.0,0.06188812106847763,0.12095405906438828,0.01126520149409771,0.007579379249364138,0.011743383016437292,16,16,16,16,0,0,0,0
scan23,subset_middle,3,2,10,0.016620082780718803,14.67314624786377,11.528424263000488,1.0,677.889404296875,0.0,0.0,0.060471244156360626,0.11769010871648788,0.008385510183870792,0.007196406368166208,0.009423676412552595,16,16,16,16,0,0,0,0
scan23,subset_middle,4,3,10,0.014622429385781288,13.621724128723145,10.230793952941895,1.0,669.6507568359375,0.0,3.0672671794891357,0.06372734904289246,0.1252792775630951,0.008402932435274124,0.006839199457317591,0.007783229928463697,16,16,16,16,0,0,0,0
scan23,subset_middle,5,4,10,0.014822911471128464,14.934894561767578,10.434874534606934,0.9995903372764587,670.6578369140625,0.0,0.0,0.06478665769100189,0.1267089694738388,0.008227789774537086,0.007461511995643377,0.0073613994754850864,16,16,16,16,0,0,0,0
scan23,subset_middle,0,24,12,0.009480712935328484,9.890738487243652,6.740675926208496,1.0,677.724365234375,0.0,0.0,0.05826534330844879,0.11211156845092773,0.007606896571815014,0.006856135092675686,0.0026245778426527977,16,16,16,16,0,0,0,0
scan23,subset_middle,1,0,12,0.014838259667158127,14.28730583190918,9.704774856567383,1.0,689.0826416015625,0.0,1.5506597757339478,0.06141327694058418,0.11793521046638489,0.007762792520225048,0.008910669945180416,0.005927589721977711,16,16,16,16,0,0,0,0
scan23,subset_middle,2,1,12,0.012480057775974274,12.022785186767578,8.544145584106445,1.0,684.5803833007812,0.0,3.4646975994110107,0.06074491888284683,0.11675012111663818,0.008235122077167034,0.007579379249364138,0.004900678526610136,16,16,16,16,0,0,0,0
scan23,subset_middle,3,2,12,0.010985203087329865,10.618420600891113,7.678876876831055,1.0,677.8797607421875,0.0,3.25203013420105,0.06038493663072586,0.11590283364057541,0.006240994203835726,0.007196406368166208,0.0037887967191636562,16,16,16,16,0,0,0,0
scan23,subset_middle,4,3,12,0.00975294690579176,9.944051742553711,6.851910591125488,1.0,669.6417846679688,0.0,1.6731590032577515,0.06158367916941643,0.1186143159866333,0.005617862101644278,0.006839199457317591,0.0029137474484741688,16,16,16,16,0,0,0,0
scan23,subset_middle,5,4,12,0.010648098774254322,11.88395881652832,7.556314945220947,0.9996867179870605,670.6490478515625,0.0,4.263469696044922,0.06215118616819382,0.11992333829402924,0.004280439577996731,0.007461511995643377,0.0031865867786109447,16,16,16,16,0,0,0,0
scan23,subset_middle,0,24,14,0.007659803610295057,8.758798599243164,5.449857711791992,1.0,677.7090454101562,0.0,0.0,0.058549486100673676,0.11205776035785675,0.010221847333014011,0.006856135092675686,0.0008036685176193714,16,16,16,16,0,0,0,0
scan23,subset_middle,1,0,14,0.010851776227355003,11.633880615234375,7.182052135467529,1.0,689.0699462890625,0.0,4.159300327301025,0.062188006937503815,0.11866327375173569,0.010851171799004078,0.008910669945180416,0.0019411062821745872,16,16,16,16,0,0,0,0
scan23,subset_middle,2,1,14,0.00912183616310358,9.812068939208984,6.294053077697754,1.0,684.5667724609375,0.0,0.0,0.06156309321522713,0.11750295758247375,0.011574939824640751,0.007579379249364138,0.0015424569137394428,16,16,16,16,0,0,0,0
scan23,subset_middle,3,2,14,0.008300061337649822,8.783024787902832,5.834033012390137,1.0,677.8667602539062,0.0,0.0,0.06195123866200447,0.1179778054356575,0.011090034618973732,0.007196406368166208,0.001103654969483614,16,16,16,16,0,0,0,0
scan23,subset_middle,4,3,14,0.007638528477400541,8.363018989562988,5.387458801269531,1.0,669.630615234375,0.0,0.0,0.06268611550331116,0.11926280707120895,0.009801894426345825,0.006839199457317591,0.0007993290200829506,16,16,16,16,0,0,0,0
scan23,subset_middle,5,4,14,0.008315985091030598,10.193914413452148,5.925509929656982,0.9998674392700195,670.639404296875,0.0,0.0,0.06309414654970169,0.12010649591684341,0.0074127670377492905,0.007461511995643377,0.0008544730953872204,16,16,16,16,0,0,0,0
scan23,subset_middle,0,24,16,0.006856135092675686,8.292993545532227,4.878609657287598,1.0,677.6936645507812,0.0,0.0,0.06361924856901169,0.12112712115049362,0.009628417901694775,0.006856135092675686,0.0,16,16,16,16,1,1,1,1
scan23,subset_middle,1,0,16,0.008910669945180416,10.509223937988281,5.978943347930908,1.0,689.0574951171875,0.0,2.879840135574341,0.06610975414514542,0.12676627933979034,0.010407629422843456,0.008910669945180416,0.0,16,16,16,16,1,1,1,1
scan23,subset_middle,2,1,16,0.007579379249364138,8.850183486938477,5.256807804107666,1.0,684.5535278320312,0.0,4.562483310699463,0.0657351091504097,0.12591347098350525,0.010737800039350986,0.007579379249364138,0.0,16,16,16,16,1,1,1,1
scan23,subset_middle,3,2,16,0.007196406368166208,8.011093139648438,5.066381454467773,1.0,677.85400390625,0.0,0.0,0.06643333286046982,0.12709033489227295,0.010694468393921852,0.007196406368166208,0.0,16,16,16,16,1,1,1,1
scan23,subset_middle,4,3,16,0.006839199457317591,7.744962692260742,4.82790994644165,1.0,669.6201171875,0.0,0.0,0.0667388066649437,0.12799927592277527,0.009138543158769608,0.006839199457317591,0.0,16,16,16,16,1,1,1,1
scan23,subset_middle,5,4,16,0.007461511995643377,9.561625480651855,5.318628311157227,0.9999156594276428,670.6295776367188,0.0,0.0,0.06714236736297607,0.12861469388008118,0.008291507139801979,0.007461511995643377,0.0,16,16,16,16,1,1,1,1
scan23,subset_uniform,0,0,8,0.03630658984184265,30.71242332458496,23.759754180908203,0.9998418688774109,689.236328125,0.12508152425289154,0.0,0.06924116611480713,0.13853122293949127,0.0,0.009008300490677357,0.027298289351165295,16,16,16,16,0,0,0,0
scan23,subset_uniform,1,8,8,0.021002154797315598,18.634990692138672,14.802879333496094,0.9998668432235718,677.021728515625,0.0,3.076953172683716,0.07059946656227112,0.14338575303554535,0.0,0.005757079925388098,0.0152450748719275,16,16,16,14,0,0,0,0
scan23,subset_uniform,2,16,8,0.01659015566110611,17.114402770996094,11.91126537322998,0.999359667301178,664.7557373046875,0.0,2.4388742446899414,0.07656826823949814,0.15424993634223938,0.0,0.005787381436675787,0.010802774224430323,16,16,14,14,0,0,0,0
scan23,subset_uniform,3,24,8,0.016594775021076202,16.074954986572266,11.945262908935547,1.0,677.8856811523438,0.0,4.506152629852295,0.07427170127630234,0.151171013712883,0.0,0.005543164908885956,0.011051610112190247,14,14,14,14,0,0,0,0
scan23,subset_uniform,4,32,8,0.013670101761817932,15.221147537231445,9.869013786315918,0.9996142387390137,679.6986083984375,0.0,7.058969974517822,0.07686803489923477,0.15661996603012085,0.0,0.005437466315925121,0.00823263544589281,14,14,14,14,0,0,0,0
scan23,subset_uniform,5,40,8,0.00814376212656498,9.530109405517578,5.854916572570801,1.0,647.6490478515625,0.12508152425289154,5.835394382476807,0.08496864140033722,0.17231722176074982,0.0,0.00569620355963707,0.00244755856692791,16,16,16,14,0,0,0,0
scan23,subset_uniform,0,0,10,0.02345305122435093,20.98011016845703,15.515546798706055,1.0,689.2064819335938,0.0,0.0,0.06426666676998138,0.12336136400699615,0.0219680555164814,0.009008300490677357,0.014444750733673573,16,16,16,16,0,0,0,0
scan23,subset_uniform,1,8,10,0.01428173203021288,13.499032974243164,10.10802936553955,0.9998668432235718,676.9900512695312,0.0,3.653662919998169,0.06443378329277039,0.1245085597038269,0.015723135322332382,0.005757079925388098,0.008524652104824781,16,16,16,14,0,0,0,0
scan23,subset_uniform,2,16,10,0.012144352309405804,13.8845853805542,8.722711563110352,0.9993252754211426,664.721923828125,0.0,2.6685850620269775,0.0672096461057663,0.13058173656463623,0.014244675636291504,0.005787381436675787,0.006356970872730017,16,16,14,14,0,0,0,0
scan23,subset_uniform,3,24,10,0.010942301712930202,11.701096534729004,7.893454551696777,0.9998794794082642,677.85400390625,0.0,5.264177322387695,0.06644526869058609,0.1285674124956131,0.015041196718811989,0.005543164908885956,0.005399136804044247,14,14,14,14,0,0,0,0
scan23,subset_uniform,4,32,10,0.009575347416102886,12.127578735351562,6.891904354095459,0.9996272921562195,679.667236328125,0.0,3.0559496879577637,0.06815531849861145,0.13219022750854492,0.013378024101257324,0.005437466315925121,0.004137881100177765,14,14,14,14,0,0,0,0
scan23,subset_uniform,5,40,10,0.007057338021695614,8.737892150878906,5.052569389343262,1.0,647.61376953125,0.0,7.311127662658691,0.07215876132249832,0.14141516387462616,0.009698488749563694,0.00569620355963707,0.0013611344620585442,16,16,16,14,0,0,0,0
scan23,subset_uniform,0,0,12,0.01384479645639658,14.220203399658203,9.218632698059082,1.0,689.1822509765625,0.0,0.0,0.06256934255361557,0.12087421119213104,0.014886226505041122,0.009008300490677357,0.004836495965719223,16,16,16,16,0,0,0,0
scan23,subset_uniform,1,8,12,0.008314769715070724,9.37491512298584,5.918827056884766,0.9998668432235718,676.9656372070312,0.0,0.0,0.0634639784693718,0.12222184240818024,0.011916996911168098,0.005757079925388098,0.0025576897896826267,16,16,16,14,0,0,0,0
scan23,subset_uniform,2,16,12,0.007784625049680471,11.025175094604492,5.586391925811768,0.9993321299552917,664.6972045898438,0.0,0.0,0.0650869682431221,0.12532338500022888,0.010688365437090397,0.005787381436675787,0.0019972436130046844,16,16,14,14,0,0,0,0
scan23,subset_uniform,3,24,12,0.0069292886182665825,8.54135513305664,4.987232208251953,0.999866783618927,677.8298950195312,0.0,4.912707328796387,0.06428653746843338,0.1239614337682724,0.008550098165869713,0.005543164908885956,0.0013861237093806267,14,14,14,14,0,0,0,0
scan23,subset_uniform,4,32,12,0.006466522812843323,9.938860893249512,4.639496326446533,0.999620795249939,679.6453247070312,0.0,4.595677852630615,0.06563402712345123,0.1266700178384781,0.018809981644153595,0.005437466315925121,0.0010290564969182014,14,14,14,14,0,0,0,0
scan23,subset_uniform,5,40,12,0.006788930855691433,8.512572288513184,4.83573579788208,1.0,647.5896606445312,0.0,6.644463062286377,0.06820888072252274,0.13173165917396545,0.027214836329221725,0.00569620355963707,0.0010927272960543633,16,16,16,14,0,0,0,0
scan23,subset_uniform,0,0,14,0.01013538334518671,11.954947471618652,6.8323588371276855,1.0,689.1686401367188,0.0,0.0,0.06011347100138664,0.11621212959289551,0.008776766248047352,0.009008300490677357,0.0011270828545093536,16,16,16,16,0,0,0,0
scan23,subset_uniform,1,8,14,0.006090307142585516,7.991894245147705,4.33778190612793,0.9998668432235718,676.9528198242188,0.0,3.7776095867156982,0.062056075781583786,0.11951486766338348,0.009039481170475483,0.005757079925388098,0.0003332272171974182,16,16,16,14,0,0,0,1
scan23,subset_uniform,2,16,14,0.005964639130979776,10.014846801757812,4.281735897064209,0.9993183612823486,664.68505859375,0.0,3.245944023132324,0.06330209225416183,0.12215492874383926,0.010228734463453293,0.005787381436675787,0.0001772576943039894,16,16,14,14,0,0,1,1
scan23,subset_uniform,3,24,14,0.005537598393857479,7.543817520141602,3.9720897674560547,0.9998540878295898,677.8182373046875,0.0,0.0,0.06286584585905075,0.12110999971628189,0.0059407479129731655,0.005543164908885956,-5.566515028476715e-06,14,14,14,14,1,1,1,1
scan23,subset_uniform,4,32,14,0.005461976397782564,9.264731407165527,3.902198553085327,0.9996076822280884,679.6357421875,0.0,2.2046024799346924,0.06469812989234924,0.12437861412763596,0.010175307281315327,0.005437466315925121,2.4510081857442856e-05,14,14,14,14,1,1,1,1
scan23,subset_uniform,5,40,14,0.00616583414375782,8.114145278930664,4.391674041748047,1.0,647.58154296875,0.0,4.718664646148682,0.0670974850654602,0.12910817563533783,0.01631300337612629,0.00569620355963707,0.00046963058412075043,16,16,16,14,0,0,0,1
scan23,subset_uniform,0,0,16,0.009008300490677357,11.269953727722168,6.102160930633545,1.0,689.1557006835938,0.0,0.0,0.06374001502990723,0.12187770754098892,0.007825245149433613,0.009008300490677357,0.0,16,16,16,16,1,1,1,1
scan23,subset_uniform,1,8,16,0.005757079925388098,7.793869972229004,4.104059219360352,0.9998668432235718,676.94091796875,0.0,2.4597315788269043,0.06572508811950684,0.12575334310531616,0.008127926848828793,0.005757079925388098,0.0,16,16,16,14,1,1,1,1
scan23,subset_uniform,2,16,16,0.005787381436675787,9.864569664001465,4.1574625968933105,0.9992977380752563,664.674072265625,0.0,0.0,0.06607844680547714,0.12700772285461426,0.00905064307153225,0.005787381436675787,0.0,16,16,14,14,1,1,1,1
scan23,subset_uniform,3,24,16,0.005543164908885956,7.466434001922607,3.9716694355010986,0.999860405921936,677.8073120117188,0.0,0.0,0.06602329760789871,0.12674714624881744,0.005684327334165573,0.005543164908885956,0.0,14,14,14,14,1,1,1,1
scan23,subset_uniform,4,32,16,0.005437466315925121,9.133505821228027,3.883568286895752,0.9996011853218079,679.6266479492188,0.0,4.000565052032471,0.06722889095544815,0.12929129600524902,0.010242244228720665,0.005437466315925121,0.0,14,14,14,14,1,1,1,1
scan23,subset_uniform,5,40,16,0.00569620355963707,7.84727668762207,4.0580830574035645,1.0,647.5730590820312,0.0,4.043799877166748,0.0688738003373146,0.13285432755947113,0.0075736017897725105,0.00569620355963707,0.0,16,16,16,14,1,1,1,1
scan24,subset_middle,0,24,8,0.004551628138870001,5.2440361976623535,3.099374771118164,0.9999999403953552,649.1019287109375,0.0,0.0,0.06456676870584488,0.1323513239622116,0.0,0.004045342560857534,0.0005062855780124664,10,10,10,10,0,0,0,0
scan24,subset_middle,1,0,8,0.007797845173627138,8.781930923461914,4.96495246887207,0.9994467496871948,631.1389770507812,0.0,0.0,0.07496096938848495,0.15213145315647125,0.0,0.006050230469554663,0.0017476147040724754,10,10,10,10,0,0,0,0
scan24,subset_middle,2,1,8,0.0075402213260531425,9.381298065185547,5.000635147094727,0.9995977282524109,639.6682739257812,0.0,0.0,0.07178964465856552,0.1468203216791153,0.0,0.005256598349660635,0.0022836229763925076,12,10,10,10,0,0,0,0
scan24,subset_middle,3,2,8,0.006661437451839447,7.898440361022949,4.391633987426758,1.0,641.5365600585938,0.0,4.478116035461426,0.0722329318523407,0.1487616002559662,0.0,0.005348315928131342,0.001313121523708105,10,10,10,10,0,0,0,0
scan24,subset_middle,4,3,8,0.008493566885590553,8.477089881896973,5.4460954666137695,0.9999441504478455,646.3457641601562,0.0,2.8508052825927734,0.07940077036619186,0.1618736982345581,0.0,0.005589742213487625,0.002903824672102928,12,12,12,12,0,0,0,0
scan24,subset_middle,5,4,8,0.009255721233785152,11.355267524719238,5.589907646179199,0.9989175796508789,629.4202270507812,0.0,3.0348007678985596,0.0860513225197792,0.17425595223903656,0.0,0.00631324015557766,0.002942481078207493,14,14,14,12,0,0,0,0
scan24,subset_middle,0,24,10,0.0038365451619029045,4.852262020111084,2.602548599243164,0.9999999403953552,649.0833740234375,0.0,0.0,0.057481199502944946,0.11263003945350647,0.012851392850279808,0.004045342560857534,-0.0002087973989546299,10,10,10,10,1,1,1,1
scan24,subset_middle,1,0,10,0.005512766074389219,7.795232772827148,3.5296614170074463,0.9994372129440308,631.1207885742188,0.0,0.0,0.06349856406450272,0.1251567155122757,0.009041272103786469,0.006050230469554663,-0.0005374643951654434,10,10,10,10,1,1,1,1
scan24,subset_middle,2,1,10,0.005317322444170713,7.983623027801514,3.500638723373413,0.9996708631515503,639.6514282226562,0.0,0.0,0.06220126524567604,0.12212172895669937,0.006972059141844511,0.005256598349660635,6.072409451007843e-05,12,10,10,10,0,1,1,1
scan24,subset_middle,3,2,10,0.005197690334171057,7.0875630378723145,3.3851780891418457,1.0,641.5214233398438,0.0,2.128540515899658,0.062104642391204834,0.12255191802978516,0.006677432917058468,0.005348315928131342,-0.0001506255939602852,10,10,10,10,1,1,1,1
scan24,subset_middle,4,3,10,0.006303800269961357,7.5652055740356445,3.988464832305908,0.9998882412910461,646.3319702148438,0.0,0.0,0.06641694158315659,0.1303175538778305,0.005951681639999151,0.005589742213487625,0.000714058056473732,12,12,12,12,0,0,0,0
scan24,subset_middle,5,4,10,0.007758875843137503,10.952075958251953,4.628695011138916,0.9988660216331482,629.4049682617188,0.0,3.9412386417388916,0.06857699900865555,0.13627058267593384,0.0053311726078391075,0.00631324015557766,0.001445635687559843,14,14,14,12,0,0,0,0
scan24,subset_middle,0,24,12,0.0037113220896571875,4.7789788246154785,2.5154244899749756,0.9999999403953552,649.0687866210938,0.0,0.0,0.05811381712555885,0.11118737608194351,0.01014463696628809,0.004045342560857534,-0.00033402047120034695,10,10,10,10,1,1,1,1
scan24,subset_middle,1,0,12,0.005203139502555132,7.768673419952393,3.35298228263855,0.9994086027145386,631.1060180664062,0.0,1.9785304069519043,0.062463756650686264,0.1197308897972107,0.008028196170926094,0.006050230469554663,-0.0008470909669995308,10,10,10,10,1,1,1,1
scan24,subset_middle,2,1,12,0.004755950532853603,7.610807418823242,3.1324622631073,0.9996799826622009,639.6372680664062,0.0,2.064595937728882,0.06170564144849777,0.1182161197066307,0.00701287854462862,0.005256598349660635,-0.0005006478168070316,12,10,10,10,1,1,1,1
scan24,subset_middle,3,2,12,0.004858174826949835,6.995181560516357,3.1593992710113525,1.0,641.5081176757812,0.0,0.0,0.06195645406842232,0.11862470209598541,0.0076586417853832245,0.005348315928131342,-0.0004901411011815071,10,10,10,10,1,1,1,1
scan24,subset_middle,4,3,12,0.005491300486028194,7.3117289543151855,3.4798107147216797,0.9998994469642639,646.3196411132812,0.0,0.0,0.06438014656305313,0.12356054782867432,0.007271772716194391,0.005589742213487625,-9.84417274594307e-05,12,12,12,12,1,1,1,1
scan24,subset_middle,5,4,12,0.006710429210215807,10.82028865814209,3.994978427886963,0.9986598491668701,629.3921508789062,0.0,0.7730374336242676,0.06527068465948105,0.12576256692409515,0.007435997948050499,0.00631324015557766,0.00039718905463814735,14,14,14,12,0,0,0,1
scan24,subset_middle,0,24,14,0.0038147044833749533,4.758974552154541,2.584428548812866,0.9999999403953552,649.0545654296875,0.0,0.0,0.06094792112708092,0.11565788090229034,0.010472751222550869,0.004045342560857534,-0.00023063807748258114,10,10,10,10,1,1,1,1
scan24,subset_middle,1,0,14,0.005472976714372635,7.845990180969238,3.558022975921631,0.9994181394577026,631.0918579101562,0.0,0.0,0.06457384675741196,0.12267711013555527,0.008151460438966751,0.006050230469554663,-0.0005772537551820278,10,10,10,10,1,1,1,1
scan24,subset_middle,2,1,14,0.004749394487589598,7.605538845062256,3.1336216926574707,0.9996708631515503,639.6235961914062,0.0,0.0,0.06402600556612015,0.12166766077280045,0.0078130466863513,0.005256598349660635,-0.0005072038620710373,12,10,10,10,1,1,1,1
scan24,subset_middle,3,2,14,0.00495791295543313,7.0664567947387695,3.2428457736968994,1.0,641.4947509765625,0.0,3.08076810836792,0.06455730646848679,0.12256767600774765,0.008744997903704643,0.005348315928131342,-0.00039040297269821167,10,10,10,10,1,1,1,1
scan24,subset_middle,4,3,14,0.005312768742442131,7.028253555297852,3.382540225982666,0.9999105930328369,646.3079223632812,0.0,0.44980478286743164,0.065735824406147,0.12516869604587555,0.00785596389323473,0.005589742213487625,-0.0002769734710454941,12,12,12,12,1,1,1,1
scan24,subset_middle,5,4,14,0.0063219256699085236,10.683207511901855,3.773627996444702,0.9986985325813293,629.3803100585938,0.0,3.832467794418335,0.06609147042036057,0.12615779042243958,0.00819008331745863,0.00631324015557766,8.685514330863953e-06,14,14,14,12,1,1,1,1
scan24,subset_middle,0,24,16,0.004045342560857534,4.806511878967285,2.7429311275482178,0.9999999403953552,649.0414428710938,0.0,0.0,0.06669506430625916,0.12674766778945923,0.009528439491987228,0.004045342560857534,0.0,10,10,10,10,1,1,1,1
scan24,subset_middle,1,0,16,0.006050230469554663,7.861161231994629,3.961421012878418,0.9995230436325073,631.0797119140625,0.0,0.0,0.06897512078285217,0.13193881511688232,0.007134295534342527,0.006050230469554663,0.0,10,10,10,10,1,1,1,1
scan24,subset_middle,2,1,16,0.005256598349660635,7.763556480407715,3.482590675354004,0.9996160268783569,639.6109008789062,0.0,0.0,0.06853862851858139,0.13112007081508636,0.006960438098758459,0.005256598349660635,0.0,12,10,10,10,1,1,1,1
scan24,subset_middle,3,2,16,0.005348315928131342,7.181193828582764,3.5319807529449463,1.0,641.4824829101562,0.0,4.591328144073486,0.06893295049667358,0.13183172047138214,0.007390955928713083,0.005348315928131342,0.0,10,10,10,10,1,1,1,1
scan24,subset_middle,4,3,16,0.005589742213487625,6.950552463531494,3.5954229831695557,0.9999329447746277,646.2970581054688,0.0,0.0,0.06938289850950241,0.13314948976039886,0.00622131209820509,0.005589742213487625,0.0,12,12,12,12,1,1,1,1
scan24,subset_middle,5,4,16,0.00631324015557766,10.581061363220215,3.794621706008911,0.9987500309944153,629.36962890625,0.0,0.0,0.06923993676900864,0.13301512598991394,0.00620957650244236,0.00631324015557766,0.0,14,14,14,12,1,1,1,1
scan24,subset_uniform,0,0,8,0.010355934500694275,11.01371955871582,6.549137592315674,0.9994944334030151,631.19970703125,0.0,0.0,0.06678956747055054,0.1333284229040146,0.0,0.00922782439738512,0.0011281101033091545,10,10,10,10,0,0,0,0
scan24,subset_uniform,1,8,8,0.007094875443726778,7.511913776397705,4.743875980377197,0.9999999403953552,645.0642700195312,0.0,0.0,0.06886623054742813,0.13962361216545105,0.0,0.006157055031508207,0.0009378204122185707,10,10,10,10,0,0,0,0
scan24,subset_uniform,2,16,8,0.005990529432892799,6.435597896575928,4.003222942352295,0.9999999403953552,644.9669189453125,0.0,3.1032443046569824,0.07394455373287201,0.14821113646030426,0.0,0.005858118645846844,0.00013241078704595566,10,10,8,8,0,0,1,1
scan24,subset_uniform,3,24,8,0.005468202754855156,5.833419322967529,3.7062807083129883,0.9999999403953552,649.1270751953125,0.0,0.0,0.06874137371778488,0.1400245726108551,0.0,0.005154709797352552,0.00031349295750260353,10,10,10,8,0,0,0,1
scan24,subset_uniform,4,32,8,0.004964245483279228,5.673875331878662,3.360492706298828,1.0,649.5623168945312,0.0,0.0,0.07157769054174423,0.14511632919311523,0.0,0.0047574774362146854,0.00020676804706454277,10,10,8,8,0,0,1,1
scan24,subset_uniform,5,40,8,0.005334989167749882,7.716662883758545,3.4621975421905518,0.9995405673980713,647.0298461914062,0.0,0.0,0.08461229503154755,0.1721147894859314,0.0,0.005506996996700764,-0.00017200782895088196,8,8,8,8,1,1,1,1
scan24,subset_uniform,0,0,10,0.007992064580321312,9.977925300598145,5.005521297454834,0.9993323087692261,631.1856079101562,0.0,0.0,0.05901734530925751,0.1147850751876831,0.007757286541163921,0.00922782439738512,-0.0012357598170638084,10,10,10,10,1,1,1,1
scan24,subset_uniform,1,8,10,0.005223928950726986,6.347010612487793,3.475635290145874,0.9999999403953552,645.0546264648438,0.0,4.113564491271973,0.06012186035513878,0.11756572127342224,0.005814434960484505,0.006157055031508207,-0.0009331260807812214,10,10,10,10,1,1,1,1
scan24,subset_uniform,2,16,10,0.005119384732097387,5.971659183502197,3.400143623352051,0.9999999403953552,644.957763671875,0.0,3.503528594970703,0.063408762216568,0.12305867671966553,0.006411934271454811,0.005858118645846844,-0.0007387339137494564,10,10,8,8,1,1,1,1
scan24,subset_uniform,3,24,10,0.004214122891426086,5.173859596252441,2.8509891033172607,0.9999999403953552,649.1156616210938,0.0,3.90244197845459,0.05951378867030144,0.11727134138345718,0.01205756887793541,0.005154709797352552,-0.000940586905926466,10,10,10,8,1,1,1,1
scan24,subset_uniform,4,32,10,0.0040861028246581554,5.196962356567383,2.7614760398864746,1.0,649.5504150390625,0.0,3.2515482902526855,0.06182141974568367,0.12169811874628067,0.01463533379137516,0.0047574774362146854,-0.00067137461155653,10,10,8,8,1,1,1,1
scan24,subset_uniform,5,40,10,0.0046429382637143135,7.406874656677246,3.0398318767547607,0.999433696269989,647.0164794921875,0.0,3.3885338306427,0.07074768841266632,0.13987255096435547,0.01738477684557438,0.005506996996700764,-0.0008640587329864502,8,8,8,8,1,1,1,1
scan24,subset_uniform,0,0,12,0.00787182617932558,10.188058853149414,4.973901271820068,0.9994467496871948,631.1725463867188,0.0,0.0,0.0587521456182003,0.11223699152469635,0.007101905066519976,0.00922782439738512,-0.0013559982180595398,10,10,10,10,1,1,1,1
scan24,subset_uniform,1,8,12,0.004430643282830715,5.870497703552246,2.942443370819092,0.9999999403953552,645.0445556640625,0.0,0.0,0.0604357048869133,0.11559940874576569,0.006480765528976917,0.006157055031508207,-0.0017264117486774921,10,10,10,10,1,1,1,1
scan24,subset_uniform,2,16,12,0.004633568227291107,5.756014347076416,3.06548810005188,0.9999999403953552,644.9485473632812,0.0,0.0,0.06261853128671646,0.1194823756814003,0.006909537129104137,0.005858118645846844,-0.0012245504185557365,10,10,8,8,1,1,1,1
scan24,subset_uniform,3,24,12,0.0038449345156550407,4.972023963928223,2.604970693588257,0.9999999403953552,649.1052856445312,0.0,1.8490679264068604,0.060242194682359695,0.11527183651924133,0.010541248135268688,0.005154709797352552,-0.0013097752816975117,10,10,10,8,1,1,1,1
scan24,subset_uniform,4,32,12,0.0037807149346917868,5.016102313995361,2.5632035732269287,1.0,649.53955078125,0.0,2.5101423263549805,0.06160258874297142,0.11827652901411057,0.01652953028678894,0.0047574774362146854,-0.0009767625015228987,10,10,8,8,1,1,1,1
scan24,subset_uniform,5,40,12,0.004309610929340124,6.979403018951416,2.8176510334014893,0.999679446220398,647.0111694335938,0.0,2.8043525218963623,0.06619319319725037,0.1285400539636612,0.011674907058477402,0.005506996996700764,-0.0011973860673606396,8,8,8,8,1,1,1,1
scan24,subset_uniform,0,0,14,0.00884312018752098,10.736425399780273,5.721480369567871,0.9995517134666443,631.1591796875,0.0,0.0,0.06090564653277397,0.11595838516950607,0.0073965066112577915,0.00922782439738512,-0.00038470420986413956,10,10,10,10,1,1,1,1
scan24,subset_uniform,1,8,14,0.0052232760936021805,6.201772689819336,3.518521308898926,0.9999999403953552,645.0330810546875,0.0,0.0,0.0627499371767044,0.11936301738023758,0.007600759621709585,0.006157055031508207,-0.0009337789379060268,10,10,10,10,1,1,1,1
scan24,subset_uniform,2,16,14,0.0052123721688985825,6.044844627380371,3.4712860584259033,0.9999999403953552,644.9379272460938,0.0,0.0,0.06466356664896011,0.12266452610492706,0.007562551181763411,0.005858118645846844,-0.0006457464769482613,10,10,8,8,1,1,1,1
scan24,subset_uniform,3,24,14,0.004455894697457552,5.1637349128723145,3.035416841506958,0.9999999403953552,649.09375,0.0,2.7008113861083984,0.06342162191867828,0.12049984931945801,0.011974737979471684,0.005154709797352552,-0.0006988150998950005,10,10,10,8,1,1,1,1
scan24,subset_uniform,4,32,14,0.004186207894235849,5.183377742767334,2.8492562770843506,1.0,649.5277099609375,0.0,4.389901161193848,0.06482811272144318,0.12314366549253464,0.01802174560725689,0.0047574774362146854,-0.0005712695419788361,10,10,8,8,1,1,1,1
scan24,subset_uniform,5,40,14,0.004870880860835314,7.059211254119873,3.1707088947296143,0.9997435808181763,646.9989013671875,0.0,0.0,0.0665087029337883,0.12741276621818542,0.014230155386030674,0.005506996996700764,-0.0006361161358654499,8,8,8,8,1,1,1,1
scan24,subset_uniform,0,0,16,0.00922782439738512,10.829559326171875,6.047473907470703,0.9995803236961365,631.1481323242188,0.0,0.0,0.06618194282054901,0.12600669264793396,0.00581526942551136,0.00922782439738512,0.0,10,10,10,10,1,1,1,1
scan24,subset_uniform,1,8,16,0.006157055031508207,6.789881706237793,4.189394950866699,0.9999999403953552,645.0218505859375,0.0,3.5417134761810303,0.06765368580818176,0.12910018861293793,0.006773124914616346,0.006157055031508207,0.0,10,10,10,10,1,1,1,1
scan24,subset_uniform,2,16,16,0.005858118645846844,6.312901973724365,3.916111469268799,0.9999999403953552,644.9275512695312,0.0,2.856567144393921,0.06873437762260437,0.13147833943367004,0.006867410149425268,0.005858118645846844,0.0,10,10,8,8,1,1,1,1
scan24,subset_uniform,3,24,16,0.005154709797352552,5.499969482421875,3.5262889862060547,0.9999999403953552,649.0823974609375,0.0,1.8640365600585938,0.06824839860200882,0.13033750653266907,0.01081467978656292,0.005154709797352552,0.0,10,10,10,8,1,1,1,1
scan24,subset_uniform,4,32,16,0.0047574774362146854,5.49972677230835,3.242110013961792,1.0,649.5160522460938,0.0,0.0,0.06928908079862595,0.13252858817577362,0.016285091638565063,0.0047574774362146854,0.0,10,10,8,8,1,1,1,1
scan24,subset_uniform,5,40,16,0.005506996996700764,7.495269775390625,3.582852363586426,0.9996473789215088,646.9888305664062,0.0,1.3562407493591309,0.06904388964176178,0.13297827541828156,0.016578689217567444,0.005506996996700764,0.0,8,8,8,8,1,1,1,1
scan29,subset_middle,0,24,8,0.020259561017155647,26.70116424560547,16.407367706298828,0.9995021820068359,700.0305786132812,0.0,0.0,0.06586118042469025,0.13358643651008606,0.0,0.014621429145336151,0.005638131871819496,16,16,16,14,0,0,0,0
scan29,subset_middle,1,0,8,0.028531454503536224,24.019723892211914,20.3864688873291,1.0,705.9876098632812,0.0,3.8967671394348145,0.07960670441389084,0.16022104024887085,0.0,0.007061735726892948,0.021469718776643276,16,16,16,16,0,0,0,0
scan29,subset_middle,2,1,8,0.019216621294617653,20.20819091796875,14.276193618774414,0.9993577599525452,737.4010620117188,0.0,2.883168935775757,0.0709458664059639,0.1449313908815384,0.0,0.009883887134492397,0.009332734160125256,16,16,16,14,0,0,0,0
scan29,subset_middle,3,2,8,0.01945273019373417,17.411239624023438,14.13662338256836,1.0,718.3584594726562,0.0,0.0,0.07215439528226852,0.14703963696956635,0.0,0.011037911288440228,0.008414818905293941,16,16,16,14,0,0,0,0
scan29,subset_middle,4,3,8,0.03139249607920647,26.250099182128906,21.359827041625977,1.0,710.62109375,0.0,1.4834531545639038,0.07396750152111053,0.15246452391147614,0.0,0.014564231038093567,0.0168282650411129,16,16,16,16,0,0,0,0
scan29,subset_middle,5,4,8,0.03416929766535759,31.440824508666992,22.450475692749023,0.9976012110710144,721.0646362304688,0.0,4.310162544250488,0.0784277394413948,0.15977537631988525,0.0,0.01832333207130432,0.01584596559405327,16,16,16,16,0,0,0,0
scan29,subset_middle,0,24,10,0.017817199230194092,25.82033348083496,14.523030281066895,0.9993840456008911,700.0205078125,0.0,0.0,0.05817114934325218,0.11488731950521469,0.0054663363844156265,0.014621429145336151,0.0031957700848579407,16,16,16,14,0,0,0,0
scan29,subset_middle,1,0,10,0.019394176080822945,16.290790557861328,13.878365516662598,1.0,705.9771118164062,0.0,3.3569552898406982,0.06602177768945694,0.13068906962871552,0.01345907524228096,0.007061735726892948,0.012332440353929996,16,16,16,16,0,0,0,0
scan29,subset_middle,2,1,10,0.014978578314185143,17.225605010986328,11.197492599487305,0.9999633431434631,737.3948974609375,0.0,3.4967041015625,0.061310432851314545,0.12162377685308456,0.011316862888634205,0.009883887134492397,0.005094691179692745,16,16,16,14,0,0,0,0
scan29,subset_middle,3,2,10,0.015773873776197433,14.740406036376953,11.412328720092773,1.0,718.3529052734375,0.0,2.9486243724823,0.06228969991207123,0.12328408658504486,0.005728276912122965,0.011037911288440228,0.004735962487757206,16,16,16,14,0,0,0,0
scan29,subset_middle,4,3,10,0.02389604039490223,19.849287033081055,16.440658569335938,1.0,710.6148681640625,0.0,0.0,0.062785804271698,0.12441322952508926,0.008738926611840725,0.014564231038093567,0.009331809356808662,16,16,16,16,0,0,0,0
scan29,subset_middle,5,4,10,0.02736746147274971,25.319835662841797,18.24599838256836,0.9979329705238342,721.0598754882812,0.0,2.1129441261291504,0.06653799116611481,0.13140538334846497,0.007917068898677826,0.01832333207130432,0.009044129401445389,16,16,16,16,0,0,0,0
scan29,subset_middle,0,24,12,0.01651027984917164,25.529582977294922,13.527381896972656,0.9993419051170349,700.0065307617188,0.0,0.0,0.0576673299074173,0.11085628718137741,0.009083526208996773,0.014621429145336151,0.0018888507038354874,16,16,16,14,0,0,0,0
scan29,subset_middle,1,0,12,0.012290650978684425,10.674225807189941,8.872407913208008,1.0,705.962646484375,0.0,0.0,0.06333934515714645,0.1211187094449997,0.014073439873754978,0.007061735726892948,0.005228915251791477,16,16,16,16,0,0,0,0
scan29,subset_middle,2,1,12,0.01221505831927061,15.413895606994629,9.208560943603516,1.0,737.3829956054688,0.0,0.0,0.06025052070617676,0.11575833708047867,0.01366670336574316,0.009883887134492397,0.0023311711847782135,16,16,16,14,0,0,0,0
scan29,subset_middle,3,2,12,0.01339922845363617,13.064468383789062,9.716216087341309,1.0,718.3408203125,0.0,2.2499454021453857,0.06076352298259735,0.11676818877458572,0.009517930448055267,0.011037911288440228,0.002361317165195942,16,16,16,14,0,0,0,0
scan29,subset_middle,4,3,12,0.01922897808253765,15.81510066986084,13.493964195251465,1.0,710.6039428710938,0.0,0.0,0.06058105081319809,0.11673281341791153,0.008463550359010696,0.014564231038093567,0.004664747044444084,16,16,16,16,0,0,0,0
scan29,subset_middle,5,4,12,0.02322928048670292,21.54121971130371,15.846427917480469,0.997983992099762,721.049560546875,0.0,3.2414777278900146,0.062396977096796036,0.12026800215244293,0.006223106756806374,0.01832333207130432,0.004905948415398598,16,16,16,16,0,0,0,0
scan29,subset_middle,0,24,14,0.015423834323883057,25.21406364440918,12.693105697631836,0.9993081092834473,699.984619140625,0.0,0.0,0.05824456736445427,0.11142352223396301,0.014355098828673363,0.014621429145336151,0.0008024051785469055,16,16,16,14,0,0,0,1
scan29,subset_middle,1,0,14,0.008555173873901367,7.875542163848877,6.2195210456848145,1.0,705.9439697265625,0.0,0.0,0.06257391721010208,0.11990200728178024,0.01882348582148552,0.007061735726892948,0.001493438147008419,16,16,16,16,0,0,0,0
scan29,subset_middle,2,1,14,0.010684167966246605,14.515276908874512,8.097929954528809,1.0,737.3630981445312,0.0,1.8806558847427368,0.06104901805520058,0.11655737459659576,0.016383685171604156,0.009883887134492397,0.0008002808317542076,16,16,16,14,0,0,0,1
scan29,subset_middle,3,2,14,0.011966305784881115,12.07250690460205,8.736751556396484,1.0,718.3218994140625,0.0,2.8343467712402344,0.0614449642598629,0.1173684373497963,0.011317292228341103,0.011037911288440228,0.0009283944964408875,16,16,16,14,0,0,0,1
scan29,subset_middle,4,3,14,0.01637592725455761,13.642302513122559,11.707328796386719,1.0,710.5864868164062,0.0,1.6798127889633179,0.06146182864904404,0.11716029047966003,0.01203328650444746,0.014564231038093567,0.0018116962164640427,16,16,16,16,0,0,0,0
scan29,subset_middle,5,4,14,0.020233456045389175,19.293350219726562,14.076089859008789,0.9980350136756897,721.0330810546875,0.0,3.95279860496521,0.06275517493486404,0.11963789910078049,0.010843670926988125,0.01832333207130432,0.0019101239740848541,16,16,16,16,0,0,0,0
scan29,subset_middle,0,24,16,0.014621429145336151,24.815399169921875,12.05955982208252,0.9992828369140625,699.9617309570312,0.0,0.0,0.0633816048502922,0.12050487846136093,0.014524193480610847,0.014621429145336151,0.0,16,16,16,14,1,1,1,1
scan29,subset_middle,1,0,16,0.007061735726892948,6.911570072174072,5.146402359008789,1.0,705.9260864257812,0.0,2.187401294708252,0.06523434817790985,0.12560631334781647,0.01543520763516426,0.007061735726892948,0.0,16,16,16,16,1,1,1,1
scan29,subset_middle,2,1,16,0.009883887134492397,14.088004112243652,7.503633499145508,1.0,737.343505859375,0.0,2.5423741340637207,0.06520898640155792,0.12482364475727081,0.014652143232524395,0.009883887134492397,0.0,16,16,16,14,1,1,1,1
scan29,subset_middle,3,2,16,0.011037911288440228,11.459966659545898,8.089388847351074,1.0,718.302734375,0.0,1.223333477973938,0.06576885282993317,0.12567295134067535,0.012634645216166973,0.011037911288440228,0.0,16,16,16,14,1,1,1,1
scan29,subset_middle,4,3,16,0.014564231038093567,12.407702445983887,10.52090072631836,1.0,710.5691528320312,0.0,3.9103124141693115,0.06574934720993042,0.12577345967292786,0.012148162350058556,0.014564231038093567,0.0,16,16,16,16,1,1,1,1
scan29,subset_middle,5,4,16,0.01832333207130432,18.15923500061035,12.89645767211914,0.9980350136756897,721.017578125,0.0,4.505673885345459,0.06631321460008621,0.12720231711864471,0.011531001888215542,0.01832333207130432,0.0,16,16,16,16,1,1,1,1
scan29,subset_uniform,0,0,8,0.01855609565973282,16.0958309173584,13.354089736938477,1.0,706.0452270507812,0.0,0.0,0.08040870726108551,0.1584780216217041,0.0,0.005482018459588289,0.01307407720014453,16,16,16,14,0,0,0,0
scan29,subset_uniform,1,8,8,0.016378531232476234,15.938815116882324,12.42524528503418,1.0,708.8546752929688,0.0,5.980747222900391,0.08049148321151733,0.16337423026561737,0.0,0.008363786153495312,0.008014745078980923,16,16,16,16,0,0,0,0
scan29,subset_uniform,2,16,8,0.019214363768696785,20.623661041259766,14.787775993347168,0.9997327923774719,687.8684692382812,0.0,4.861274719238281,0.08055836707353592,0.16351568698883057,0.0,0.00897594541311264,0.010238418355584145,16,16,16,16,0,0,0,0
scan29,subset_uniform,3,24,8,0.01902198977768421,28.075397491455078,15.773046493530273,0.9996034502983093,700.1002807617188,0.0,0.0,0.08181360363960266,0.1678321212530136,0.0,0.01124317105859518,0.007778818719089031,16,16,16,16,0,0,0,0
scan29,subset_uniform,4,32,8,0.026419688016176224,61.63751983642578,22.687395095825195,0.9908488392829895,703.0447387695312,0.0,0.0,0.08675476163625717,0.17515937983989716,0.0,0.019337782636284828,0.007081905379891396,16,16,16,14,0,0,0,0
scan29,subset_uniform,5,40,8,0.017313135787844658,17.744014739990234,13.267077445983887,0.9998246431350708,665.031005859375,0.0,4.953295707702637,0.0903644785284996,0.1827818602323532,0.0,0.009032649919390678,0.00828048586845398,16,16,16,14,0,0,0,0
scan29,subset_uniform,0,0,10,0.011822781525552273,10.693735122680664,8.591297149658203,1.0,706.0372314453125,0.0,0.0,0.06637382507324219,0.13116993010044098,0.006748258136212826,0.005482018459588289,0.0063407630659639835,16,16,16,14,0,0,0,0
scan29,subset_uniform,1,8,10,0.012263491749763489,11.993545532226562,9.267317771911621,1.0,708.85498046875,0.0,4.337205410003662,0.06568516790866852,0.13007748126983643,0.0070011792704463005,0.008363786153495312,0.003899705596268177,16,16,16,16,0,0,0,0
scan29,subset_uniform,2,16,10,0.01403536181896925,16.088022232055664,10.88344669342041,0.9997881054878235,687.869384765625,0.0,0.0,0.06702152639627457,0.13232114911079407,0.005102854687720537,0.00897594541311264,0.005059416405856609,16,16,16,16,0,0,0,0
scan29,subset_uniform,3,24,10,0.015335836447775364,24.381240844726562,12.760847091674805,0.9996034502983093,700.1017456054688,0.0,0.0,0.06618215888738632,0.13211458921432495,0.0068168179132044315,0.01124317105859518,0.004092665389180183,16,16,16,16,0,0,0,0
scan29,subset_uniform,4,32,10,0.023727327585220337,58.75861740112305,20.40061378479004,0.990626871585846,703.0482788085938,0.0,2.865530014038086,0.06934139877557755,0.13805152475833893,0.00819243211299181,0.019337782636284828,0.004389544948935509,16,16,16,14,0,0,0,0
scan29,subset_uniform,5,40,10,0.01286154892295599,14.088951110839844,10.098165512084961,0.9999261498451233,665.0364379882812,0.0,0.0,0.07269538193941116,0.1434522271156311,0.008637369610369205,0.009032649919390678,0.0038288990035653114,16,16,16,14,0,0,0,0
scan29,subset_uniform,0,0,12,0.007621998433023691,7.344423770904541,5.579041004180908,1.0,706.0252685546875,0.0,0.0,0.062012575566768646,0.1201719343662262,0.008695685304701328,0.005482018459588289,0.002139979973435402,16,16,16,14,0,0,0,0
scan29,subset_uniform,1,8,12,0.01060029212385416,10.376232147216797,8.004544258117676,1.0,708.8455200195312,0.0,0.0,0.06259771436452866,0.12072533369064331,0.004661949817091227,0.008363786153495312,0.0022365059703588486,16,16,16,16,0,0,0,0
scan29,subset_uniform,2,16,12,0.011682034470140934,13.779705047607422,9.141846656799316,0.9998249411582947,687.859130859375,0.0,0.0,0.06345807760953903,0.12257692962884903,0.004480778705328703,0.00897594541311264,0.0027060890570282936,16,16,16,16,0,0,0,0
scan29,subset_uniform,3,24,12,0.013604743406176567,22.24053955078125,11.2958984375,0.999552845954895,700.092529296875,0.0,0.0,0.06264957785606384,0.120883509516716,0.006557721644639969,0.01124317105859518,0.0023615723475813866,16,16,16,16,0,0,0,0
scan29,subset_uniform,4,32,12,0.021959764882922173,55.29026412963867,18.813596725463867,0.9905415177345276,703.0406494140625,0.0,0.0,0.0645829290151596,0.1250024139881134,0.007535857614129782,0.019337782636284828,0.0026219822466373444,16,16,16,14,0,0,0,0
scan29,subset_uniform,5,40,12,0.010572251863777637,12.51941204071045,8.470987319946289,0.9999815225601196,665.0222778320312,0.0,3.557158946990967,0.06674932688474655,0.1297290325164795,0.0062442803755402565,0.009032649919390678,0.001539601944386959,16,16,16,14,0,0,0,0
scan29,subset_uniform,0,0,14,0.006005608476698399,6.137778282165527,4.3605523109436035,1.0,706.009521484375,0.0,0.0,0.05909651517868042,0.11467424035072327,0.011084268800914288,0.005482018459588289,0.0005235900171101093,16,16,16,14,0,0,0,1
scan29,subset_uniform,1,8,14,0.009439464658498764,9.47319221496582,7.166604518890381,1.0,708.8306274414062,0.0,0.0,0.06196720898151398,0.11875011771917343,0.009829668328166008,0.008363786153495312,0.0010756785050034523,16,16,16,16,0,0,0,0
scan29,subset_uniform,2,16,14,0.010151660069823265,12.404831886291504,8.029709815979004,0.9998249411582947,687.8446655273438,0.0,1.4800195693969727,0.06289704144001007,0.12058521807193756,0.00917220301926136,0.00897594541311264,0.0011757146567106247,16,16,16,16,0,0,0,0
scan29,subset_uniform,3,24,14,0.012391474097967148,20.732378005981445,10.276799201965332,0.9995612502098083,700.0789184570312,0.0,0.0,0.06243374943733215,0.11982139945030212,0.009589539840817451,0.01124317105859518,0.0011483030393719673,16,16,16,16,0,0,0,0
scan29,subset_uniform,4,32,14,0.02077641524374485,52.2442512512207,17.735191345214844,0.9909853935241699,703.0288696289062,0.0,0.0,0.0642276257276535,0.12319415807723999,0.008413354866206646,0.019337782636284828,0.001438632607460022,16,16,16,14,0,0,0,1
scan29,subset_uniform,5,40,14,0.009609914384782314,12.092787742614746,7.843847751617432,0.9999815225601196,665.0091552734375,0.0,0.0,0.06567981839179993,0.12594525516033173,0.009429209865629673,0.009032649919390678,0.0005772644653916359,16,16,16,14,0,0,0,1
scan29,subset_uniform,0,0,16,0.005482018459588289,5.8990960121154785,3.9461593627929688,1.0,705.9921875,0.0,0.0,0.062459252774715424,0.11980269849300385,0.011398103088140488,0.005482018459588289,0.0,16,16,16,14,1,1,1,1
scan29,subset_uniform,1,8,16,0.008363786153495312,8.725040435791016,6.363243579864502,1.0,708.8148193359375,0.0,4.168941974639893,0.06589854508638382,0.12586610019207,0.010020666755735874,0.008363786153495312,0.0,16,16,16,16,1,1,1,1
scan29,subset_uniform,2,16,16,0.00897594541311264,11.487184524536133,7.136963367462158,0.9998249411582947,687.8289184570312,0.0,0.0,0.06637173891067505,0.12715637683868408,0.008611500263214111,0.00897594541311264,0.0,16,16,16,16,1,1,1,1
scan29,subset_uniform,3,24,16,0.01124317105859518,19.692893981933594,9.340590476989746,0.9995697140693665,700.0638427734375,0.0,0.799173891544342,0.06602918356657028,0.12661124765872955,0.009425448253750801,0.01124317105859518,0.0,16,16,16,16,1,1,1,1
scan29,subset_uniform,4,32,16,0.019337782636284828,49.484676361083984,16.48320770263672,0.9913439750671387,703.0153198242188,0.0,4.505370140075684,0.0670369565486908,0.1289474368095398,0.007447918877005577,0.019337782636284828,0.0,16,16,16,14,1,1,1,1
scan29,subset_uniform,5,40,16,0.009032649919390678,11.837974548339844,7.4490156173706055,0.9999907612800598,664.9983520507812,0.0,4.893728733062744,0.06805891543626785,0.1310601830482483,0.008637667633593082,0.009032649919390678,0.0,16,16,16,14,1,1,1,1
scan33,subset_middle,0,24,8,0.00900140218436718,9.37980842590332,5.575262069702148,0.999792754650116,607.3486328125,0.0,0.0,0.06927242875099182,0.14086665213108063,0.0,0.004717972129583359,0.004283430054783821,14,14,14,14,0,0,0,0
scan33,subset_middle,1,0,8,0.08255907148122787,153.658935546875,67.94371795654297,0.8402472138404846,614.6182250976562,0.0,3.3230156898498535,0.07613997161388397,0.15238171815872192,0.0,0.07405580580234528,0.008503265678882599,14,14,12,10,0,0,0,0
scan33,subset_middle,2,1,8,0.04835224524140358,101.20000457763672,38.34033966064453,0.917902946472168,602.3037719726562,0.0,0.0,0.07279843091964722,0.14621837437152863,0.0,0.037918202579021454,0.010434042662382126,16,14,14,12,0,0,0,0
scan33,subset_middle,3,2,8,0.03570719435811043,79.45093536376953,27.351594924926758,0.9482548832893372,596.681640625,0.0,0.0,0.07107862830162048,0.14413149654865265,0.0,0.02563762664794922,0.010069567710161209,16,16,14,14,0,0,0,0
scan33,subset_middle,4,3,8,0.062476690858602524,118.17034149169922,49.44389724731445,0.8826833367347717,612.5509033203125,0.0,0.0,0.07596470415592194,0.1540156453847885,0.0,0.05179448053240776,0.010682210326194763,16,14,14,12,0,0,0,0
scan33,subset_middle,5,4,8,0.08288486301898956,134.1300811767578,64.50553894042969,0.8167377710342407,618.6953125,0.0,0.0,0.07939933985471725,0.1618015021085739,0.0,0.07369570434093475,0.00918915867805481,16,14,12,10,0,0,0,0
scan33,subset_middle,0,24,10,0.007908057421445847,8.692082405090332,4.9048848152160645,0.999792754650116,607.33642578125,0.0,0.0,0.05979994311928749,0.1176472008228302,0.023579057306051254,0.004717972129583359,0.003190085291862488,14,14,14,14,0,0,0,0
scan33,subset_middle,1,0,10,0.07919446378946304,152.39268493652344,65.71833801269531,0.8414411544799805,614.6052856445312,0.0,2.3253211975097656,0.06483710557222366,0.12688563764095306,0.01534622348845005,0.07405580580234528,0.005138657987117767,14,14,12,10,0,0,0,1
scan33,subset_middle,2,1,10,0.04434308409690857,100.55731201171875,35.680877685546875,0.917902946472168,602.2926635742188,0.0,4.469841003417969,0.06201552227139473,0.12221415340900421,0.014392959885299206,0.037918202579021454,0.0064248815178871155,16,14,14,12,0,0,0,0
scan33,subset_middle,3,2,10,0.031604085117578506,78.5057601928711,24.60435676574707,0.948178768157959,596.6713256835938,0.0,4.675039768218994,0.061732348054647446,0.12171854078769684,0.01375596597790718,0.02563762664794922,0.005966458469629288,16,16,14,14,0,0,0,0
scan33,subset_middle,4,3,10,0.05788107216358185,116.8676528930664,46.32547378540039,0.882382869720459,612.5420532226562,0.0,3.418045997619629,0.06448668986558914,0.12742088735103607,0.01198938861489296,0.05179448053240776,0.0060865916311740875,16,14,14,12,0,0,0,0
scan33,subset_middle,5,4,10,0.07961051911115646,133.2418212890625,62.26128387451172,0.8167229294776917,618.687255859375,0.0,1.7880505323410034,0.06644953787326813,0.1313188523054123,0.014998472295701504,0.07369570434093475,0.00591481477022171,16,14,12,10,0,0,0,1
scan33,subset_middle,0,24,12,0.0057709128595888615,7.658185005187988,3.5838677883148193,0.999792754650116,607.330810546875,0.0,0.0,0.05969328060746193,0.11477789282798767,0.012470304034650326,0.004717972129583359,0.0010529407300055027,14,14,14,14,0,0,0,0
scan33,subset_middle,1,0,12,0.0763513520359993,151.7808074951172,63.862606048583984,0.8414528369903564,614.5961303710938,0.0,2.805539131164551,0.06290657073259354,0.12071188539266586,0.008247955702245235,0.07405580580234528,0.002295546233654022,14,14,12,10,0,0,1,1
scan33,subset_middle,2,1,12,0.040923766791820526,99.96768188476562,33.405033111572266,0.917902946472168,602.2853393554688,0.0,0.0,0.06181514263153076,0.11833176016807556,0.008719546720385551,0.037918202579021454,0.0030055642127990723,16,14,14,12,0,0,0,1
scan33,subset_middle,3,2,12,0.02825756184756756,77.86653900146484,22.371341705322266,0.9482294917106628,596.6636962890625,0.0,1.9605445861816406,0.06188609451055527,0.1184808537364006,0.0071940310299396515,0.02563762664794922,0.0026199351996183395,16,16,14,14,0,0,0,0
scan33,subset_middle,4,3,12,0.05449078232049942,115.86158752441406,43.99763488769531,0.8823959231376648,612.534912109375,0.0,0.0,0.06349784135818481,0.12197966873645782,0.0062111844308674335,0.05179448053240776,0.0026963017880916595,16,14,14,12,0,0,0,1
scan33,subset_middle,5,4,12,0.07644292712211609,132.1939239501953,60.069915771484375,0.8175557851791382,618.6797485351562,0.0,0.0,0.06478114426136017,0.12465836107730865,0.007988807745277882,0.07369570434093475,0.0027472227811813354,16,14,12,10,0,0,1,1
scan33,subset_middle,0,24,14,0.004650043789297342,7.127041339874268,2.892862319946289,0.999792754650116,607.3215942382812,0.0,0.0,0.061041492968797684,0.11671138554811478,0.0116596519947052,0.004717972129583359,-6.792834028601646e-05,14,14,14,14,1,1,1,1
scan33,subset_middle,1,0,14,0.07457290589809418,151.1969451904297,62.68489456176758,0.8414528369903564,614.5847778320312,0.0,0.0,0.06456836313009262,0.12313681840896606,0.006477265618741512,0.07405580580234528,0.0005171000957489014,14,14,12,10,1,1,1,1
scan33,subset_middle,2,1,14,0.03866572305560112,99.5067138671875,31.916303634643555,0.917902946472168,602.275146484375,0.0,1.9122339487075806,0.06393493711948395,0.12182728946208954,0.00651521747931838,0.037918202579021454,0.0007475204765796661,16,14,14,12,0,1,1,1
scan33,subset_middle,3,2,14,0.02616714872419834,77.50990295410156,20.981853485107422,0.9482675790786743,596.6536865234375,0.0,2.8511486053466797,0.06405811756849289,0.1218150407075882,0.006039892788976431,0.02563762664794922,0.0005295220762491226,16,16,14,14,0,0,1,1
scan33,subset_middle,4,3,14,0.05251976475119591,115.25605010986328,42.647525787353516,0.8825527429580688,612.5253295898438,0.0,3.414721965789795,0.06496618688106537,0.12409001588821411,0.005230683833360672,0.05179448053240776,0.000725284218788147,16,14,14,12,0,1,1,1
scan33,subset_middle,5,4,14,0.07471074163913727,131.61282348632812,58.863006591796875,0.8188497424125671,618.6703491210938,0.0,0.0,0.06554047763347626,0.12543268501758575,0.00622787419706583,0.07369570434093475,0.0010150372982025146,16,14,12,10,0,1,1,1
scan33,subset_middle,0,24,16,0.004717972129583359,7.061306953430176,2.932236671447754,0.999792754650116,607.3119506835938,0.0,0.0,0.06624440103769302,0.1260414719581604,0.011707664467394352,0.004717972129583359,0.0,14,14,14,14,1,1,1,1
scan33,subset_middle,1,0,16,0.07405580580234528,150.5007781982422,62.279170989990234,0.8414528369903564,614.57470703125,0.0,0.0,0.06846179813146591,0.13106460869312286,0.007440659217536449,0.07405580580234528,0.0,14,14,12,10,1,1,1,1
scan33,subset_middle,2,1,16,0.037918202579021454,99.1327896118164,31.406156539916992,0.917902946472168,602.2653198242188,0.0,0.0,0.06857514381408691,0.1309724897146225,0.0066497111693024635,0.037918202579021454,0.0,16,14,14,12,1,1,1,1
scan33,subset_middle,3,2,16,0.02563762664794922,77.23377990722656,20.618885040283203,0.9483436346054077,596.643798828125,0.0,0.0,0.06868550926446915,0.13124293088912964,0.00600659754127264,0.02563762664794922,0.0,16,16,14,14,1,1,1,1
scan33,subset_middle,4,3,16,0.05179448053240776,114.71277618408203,42.134727478027344,0.8826572299003601,612.516357421875,0.0,0.0,0.06883399188518524,0.13184866309165955,0.005025484599173069,0.05179448053240776,0.0,16,14,14,12,1,1,1,1
scan33,subset_middle,5,4,16,0.07369570434093475,131.0615234375,58.147403717041016,0.818953812122345,618.6620483398438,0.0,3.798853874206543,0.06876343488693237,0.13200555741786957,0.006313552148640156,0.07369570434093475,0.0,16,14,12,10,1,1,1,1
scan33,subset_uniform,0,0,8,0.08396362513303757,145.16336059570312,67.92976379394531,0.8414294719696045,614.7384643554688,0.0,0.0,0.0716925635933876,0.1434386819601059,0.0,0.07080504298210144,0.013158582150936127,14,14,12,10,0,0,0,0
scan33,subset_uniform,1,8,8,0.028157604858279228,58.583213806152344,20.424041748046875,0.9780295491218567,602.692138671875,0.0,0.9458466172218323,0.0760304406285286,0.15293368697166443,0.0,0.013523148372769356,0.014634456485509872,16,16,14,14,0,0,0,0
scan33,subset_uniform,2,16,8,0.016808751970529556,18.52007484436035,10.66020393371582,0.9991470575332642,613.6818237304688,0.0,0.0,0.08385082334280014,0.16547146439552307,0.0,0.004854337777942419,0.011954414192587137,16,16,14,14,0,0,0,0
scan33,subset_uniform,3,24,8,0.010924937203526497,10.029027938842773,6.693008899688721,0.999792754650116,607.3799438476562,0.0,0.0,0.07685364037752151,0.15454897284507751,0.0,0.004107574000954628,0.006817363202571869,14,14,14,14,0,0,0,0
scan33,subset_uniform,4,32,8,0.007936658337712288,6.723474502563477,4.8413262367248535,1.0,606.9592895507812,0.0,4.831686019897461,0.08046573400497437,0.16036778688430786,0.0,0.004038942977786064,0.0038977153599262238,14,14,12,12,0,0,0,0
scan33,subset_uniform,5,40,8,0.00829127337783575,6.619945526123047,5.041252613067627,1.0,622.3801879882812,0.0,0.0,0.08795984834432602,0.17761890590190887,0.0,0.004048328381031752,0.004242944996803999,14,14,14,12,0,0,0,0
scan33,subset_uniform,0,0,10,0.07686209678649902,144.55252075195312,63.532283782958984,0.8414528369903564,614.7232666015625,0.0,0.0,0.06228312849998474,0.12107046693563461,0.022516444325447083,0.07080504298210144,0.006057053804397583,14,14,12,10,0,0,0,1
scan33,subset_uniform,1,8,10,0.020178595557808876,56.87901306152344,15.287921905517578,0.9780526757240295,602.68212890625,0.0,1.7311054468154907,0.06597297638654709,0.1282883882522583,0.02008579671382904,0.013523148372769356,0.00665544718503952,16,16,14,14,0,0,0,0
scan33,subset_uniform,2,16,10,0.010024480521678925,15.292259216308594,6.394025802612305,0.9991470575332642,613.6731567382812,0.0,0.9598115682601929,0.0696503296494484,0.13585548102855682,0.021456122398376465,0.004854337777942419,0.0051701427437365055,16,16,14,14,0,0,0,0
scan33,subset_uniform,3,24,10,0.0072967736050486565,8.03192138671875,4.50174617767334,0.999792754650116,607.3695068359375,0.0,2.6416022777557373,0.0672491192817688,0.1307588666677475,0.02617913857102394,0.004107574000954628,0.0031891996040940285,14,14,14,14,0,0,0,0
scan33,subset_uniform,4,32,10,0.0056643979623913765,5.231835842132568,3.4701731204986572,1.0,606.9480590820312,0.0,0.0,0.0697069838643074,0.13554243743419647,0.02515810914337635,0.004038942977786064,0.0016254549846053123,14,14,12,12,0,0,0,0
scan33,subset_uniform,5,40,10,0.006221752148121595,5.294550895690918,3.7729926109313965,1.0,622.370849609375,0.0,4.011173248291016,0.0723193883895874,0.1429285705089569,0.019248997792601585,0.004048328381031752,0.0021734237670898438,14,14,14,12,0,0,0,0
scan33,subset_uniform,0,0,12,0.07314898073673248,144.20286560058594,61.157073974609375,0.8414528369903564,614.7152099609375,0.0,0.0,0.06063467264175415,0.11668021231889725,0.01433031726628542,0.07080504298210144,0.0023439377546310425,14,14,12,10,0,0,1,1
scan33,subset_uniform,1,8,12,0.01588798314332962,56.272552490234375,12.502490043640137,0.9780411124229431,602.677734375,0.0,0.0,0.06299687922000885,0.12167152017354965,0.015227977186441422,0.013523148372769356,0.0023648347705602646,16,16,14,14,0,0,0,0
scan33,subset_uniform,2,16,12,0.006282548885792494,14.041695594787598,4.040353298187256,0.9991470575332642,613.669189453125,0.0,2.8551278114318848,0.0661683902144432,0.12658485770225525,0.021912887692451477,0.004854337777942419,0.0014282111078500748,16,16,14,14,0,0,0,0
scan33,subset_uniform,3,24,12,0.004824227653443813,6.928201675415039,2.9885311126708984,0.999792754650116,607.3651733398438,0.0,0.0,0.0649244487285614,0.12522369623184204,0.027512680739164352,0.004107574000954628,0.0007166536524891853,14,14,14,14,0,0,0,0
scan33,subset_uniform,4,32,12,0.004177846014499664,4.089833736419678,2.5576083660125732,1.0,606.9424438476562,0.0,2.8917787075042725,0.06653033941984177,0.12836810946464539,0.02324538305401802,0.004038942977786064,0.00013890303671360016,14,14,12,12,0,0,1,1
scan33,subset_uniform,5,40,12,0.004324485547840595,4.351022243499756,2.6210334300994873,1.0,622.3656616210938,0.0,2.1730382442474365,0.06712663918733597,0.1309850960969925,0.017755988985300064,0.004048328381031752,0.0002761571668088436,14,14,14,12,0,0,0,1
scan33,subset_uniform,0,0,14,0.07150483131408691,143.5604248046875,60.05281448364258,0.8414528369903564,614.7070922851562,0.0,0.0,0.060435544699430466,0.11604912579059601,0.008025048300623894,0.07080504298210144,0.0006997883319854736,14,14,12,10,1,1,1,1
scan33,subset_uniform,1,8,14,0.014069274999201298,56.002479553222656,11.342568397521973,0.9780411124229431,602.6722412109375,0.0,1.830772876739502,0.0626673474907875,0.12034577131271362,0.008049800992012024,0.013523148372769356,0.000546126626431942,16,16,14,14,0,0,1,1
scan33,subset_uniform,2,16,14,0.00495769502595067,13.680656433105469,3.221567153930664,0.9991470575332642,613.6635131835938,0.0,2.7273519039154053,0.06500028818845749,0.12418665736913681,0.010700286366045475,0.004854337777942419,0.00010335724800825119,16,16,14,14,0,0,1,1
scan33,subset_uniform,3,24,14,0.00403085071593523,6.601478576660156,2.4988083839416504,0.999792754650116,607.3599853515625,0.0,0.0,0.06480618566274643,0.12402031570672989,0.017002807930111885,0.004107574000954628,-7.672328501939774e-05,14,14,14,14,1,1,1,1
scan33,subset_uniform,4,32,14,0.0038892014417797327,3.8074309825897217,2.377842426300049,1.0,606.9369506835938,0.0,0.0,0.06644292175769806,0.1271684318780899,0.014565975405275822,0.004038942977786064,-0.00014974153600633144,14,14,12,12,1,1,1,1
scan33,subset_uniform,5,40,14,0.003882059594616294,4.157076835632324,2.3560421466827393,1.0,622.36083984375,0.0,2.8948233127593994,0.06595379114151001,0.1268417090177536,0.014007809571921825,0.004048328381031752,-0.00016626878641545773,14,14,14,12,1,1,1,1
scan33,subset_uniform,0,0,16,0.07080504298210144,142.91357421875,59.5462760925293,0.8414528369903564,614.6985473632812,0.0,0.0,0.06478739529848099,0.12351708114147186,0.00569943618029356,0.07080504298210144,0.0,14,14,12,10,1,1,1,1
scan33,subset_uniform,1,8,16,0.013523148372769356,55.829078674316406,10.992037773132324,0.9780526757240295,602.6651000976562,0.0,2.1367998123168945,0.06664193421602249,0.12735843658447266,0.0069005112163722515,0.013523148372769356,0.0,16,16,14,14,1,1,1,1
scan33,subset_uniform,2,16,16,0.004854337777942419,13.633707046508789,3.165066957473755,0.9991470575332642,613.6564331054688,0.0,0.0,0.0676017552614212,0.12968993186950684,0.010741276666522026,0.004854337777942419,0.0,16,16,14,14,1,1,1,1
scan33,subset_uniform,3,24,16,0.004107574000954628,6.553811073303223,2.540005683898926,0.999792754650116,607.3533935546875,0.0,0.0,0.06802263110876083,0.13029170036315918,0.011268148198723793,0.004107574000954628,0.0,14,14,14,14,1,1,1,1
scan33,subset_uniform,4,32,16,0.004038942977786064,3.796538829803467,2.4649598598480225,1.0,606.9301147460938,0.0,0.0,0.06904991716146469,0.13246574997901917,0.01163522619754076,0.004038942977786064,0.0,14,14,12,12,1,1,1,1
scan33,subset_uniform,5,40,16,0.004048328381031752,4.225883960723877,2.4603893756866455,1.0,622.3523559570312,0.0,3.4632279872894287,0.06806349009275436,0.13110356032848358,0.011588871479034424,0.004048328381031752,0.0,14,14,14,12,1,1,1,1
scan48,subset_middle,0,24,8,0.00509748887270689,5.312051296234131,3.4133923053741455,0.9999310374259949,679.8674926757812,0.0,0.0,0.07806273549795151,0.15549761056900024,0.0,0.004983480088412762,0.00011400878429412842,10,10,8,8,0,0,1,1
scan48,subset_middle,1,0,8,0.011304744519293308,11.34976863861084,7.468991756439209,0.99981290102005,647.99853515625,0.0,4.21314811706543,0.08565153181552887,0.16657419502735138,0.0,0.005053607281297445,0.006251137237995863,12,12,12,12,0,0,0,0
scan48,subset_middle,2,1,8,0.009372944012284279,8.981398582458496,6.310924053192139,0.9999999403953552,657.4059448242188,0.0,4.116848945617676,0.08021046966314316,0.15923972427845,0.0,0.005413472652435303,0.003959471359848976,12,12,12,10,0,0,0,0
scan48,subset_middle,3,2,8,0.00862948875874281,6.57741117477417,5.763583660125732,1.0,665.7026977539062,0.0,0.0,0.08327840268611908,0.1656573861837387,0.0,0.004946899600327015,0.0036825891584157944,14,14,14,12,0,0,0,0
scan48,subset_middle,4,3,8,0.011677239090204239,12.73665714263916,7.699087142944336,0.998880922794342,662.1677856445312,0.0,2.4255964756011963,0.08819017559289932,0.17441996932029724,0.0,0.006160324439406395,0.005516914650797844,14,14,12,12,0,0,0,0
scan48,subset_middle,5,4,8,0.014951637014746666,13.923271179199219,9.42586898803711,0.9986751675605774,653.9010009765625,0.0,0.0,0.09503241628408432,0.18782399594783783,0.0,0.006053423974663019,0.008898213040083647,14,14,12,12,0,0,0,0
scan48,subset_middle,0,24,10,0.004865765571594238,5.107665061950684,3.249171257019043,0.9999310374259949,679.8516235351562,0.0,0.0,0.0663505271077156,0.13198484480381012,0.015369878150522709,0.004983480088412762,-0.00011771451681852341,10,10,8,8,1,1,1,1
scan48,subset_middle,1,0,10,0.005704557057470083,7.444413185119629,3.7362940311431885,0.999988317489624,647.9806518554688,0.0,0.0,0.0712718516588211,0.14142505824565887,0.010856552980840206,0.005053607281297445,0.0006509497761726379,12,12,12,12,0,0,0,0
scan48,subset_middle,2,1,10,0.0057546114549040794,6.132214546203613,3.833873748779297,0.9999999403953552,657.388916015625,0.0,3.6959166526794434,0.06940703839063644,0.13741514086723328,0.009138712659478188,0.005413472652435303,0.0003411388024687767,12,12,12,10,0,0,0,1
scan48,subset_middle,3,2,10,0.00571258831769228,4.8451247215271,3.7509939670562744,0.9999894499778748,665.6857299804688,0.0,2.713320732116699,0.07052111625671387,0.14056022465229034,0.008564580231904984,0.004946899600327015,0.0007656887173652649,14,14,14,12,0,0,0,0
scan48,subset_middle,4,3,10,0.006831541657447815,9.721734046936035,4.486721992492676,0.9990674257278442,662.1532592773438,0.0,0.0,0.07418889552354813,0.1461312621831894,0.010688787326216698,0.006160324439406395,0.00067121721804142,14,14,12,12,0,0,0,0
scan48,subset_middle,5,4,10,0.007965992204844952,10.264615058898926,5.041330814361572,0.9987382292747498,653.8836669921875,0.0,2.48506498336792,0.07702963054180145,0.15265004336833954,0.012792234309017658,0.006053423974663019,0.0019125682301819324,14,14,12,12,0,0,0,0
scan48,subset_middle,0,24,12,0.004767576698213816,5.037956237792969,3.184699535369873,0.9999310374259949,679.8417358398438,0.0,0.0,0.06339018046855927,0.1226959377527237,0.01092636026442051,0.004983480088412762,-0.000215903390198946,10,10,8,8,1,1,1,1
scan48,subset_middle,1,0,12,0.0049471319653093815,7.0636138916015625,3.2299137115478516,1.0,647.9701538085938,0.0,3.8570163249969482,0.06756356358528137,0.13008417189121246,0.005327487830072641,0.005053607281297445,-0.00010647531598806381,12,12,12,12,1,1,1,1
scan48,subset_middle,2,1,12,0.00520703662186861,5.58226203918457,3.468223810195923,0.9999999403953552,657.380126953125,0.0,2.5385987758636475,0.0660247802734375,0.12700000405311584,0.004529908299446106,0.005413472652435303,-0.00020643603056669235,12,12,12,10,1,1,1,1
scan48,subset_middle,3,2,12,0.005208751652389765,4.556393623352051,3.4219982624053955,1.0,665.6766357421875,0.0,3.56611967086792,0.06612777709960938,0.12737105786800385,0.00419281143695116,0.004946899600327015,0.00026185205206274986,14,14,14,12,0,0,0,1
scan48,subset_middle,4,3,12,0.006306039169430733,9.129568099975586,4.150135040283203,0.9992758631706238,662.1455688476562,0.0,0.0,0.06907592713832855,0.13287273049354553,0.004444447346031666,0.006160324439406395,0.00014571473002433777,14,14,12,12,0,0,1,1
scan48,subset_middle,5,4,12,0.006231312174350023,9.357593536376953,3.9817614555358887,0.998889684677124,653.8756103515625,0.0,0.0,0.0696522518992424,0.13478870689868927,0.004984761122614145,0.006053423974663019,0.0001778881996870041,14,14,12,12,0,0,1,1
scan48,subset_middle,0,24,14,0.004688880406320095,4.994320392608643,3.1379995346069336,0.9999310374259949,679.8316650390625,0.0,0.0,0.06346350908279419,0.12160296738147736,0.008169326931238174,0.004983480088412762,-0.0002945996820926666,10,10,8,8,1,1,1,1
scan48,subset_middle,1,0,14,0.004843350499868393,6.898865699768066,3.174022674560547,1.0,647.9580078125,0.0,0.0,0.0664268210530281,0.12732593715190887,0.006956624332815409,0.005053607281297445,-0.00021025678142905235,12,12,12,12,1,1,1,1
scan48,subset_middle,2,1,14,0.00513600604608655,5.579086780548096,3.432346820831299,0.9999999403953552,657.3697509765625,0.0,0.0,0.06575021892786026,0.125852569937706,0.006184357218444347,0.005413472652435303,-0.000277466606348753,12,12,12,10,1,1,1,1
scan48,subset_middle,3,2,14,0.0049562351778149605,4.377861022949219,3.265022039413452,1.0,665.6660766601562,0.0,0.0,0.06578177213668823,0.12589746713638306,0.0064509594812989235,0.004946899600327015,9.335577487945557e-06,14,14,14,12,1,1,1,1
scan48,subset_middle,4,3,14,0.006076567806303501,9.168102264404297,4.015979290008545,0.9991332292556763,662.1356201171875,0.0,2.0062308311462402,0.06714306026697159,0.12906448543071747,0.006950552109628916,0.006160324439406395,-8.375663310289383e-05,14,14,12,12,1,1,1,1
scan48,subset_middle,5,4,14,0.006010825280100107,9.390575408935547,3.847233772277832,0.9988013505935669,653.8662719726562,0.0,4.231053352355957,0.06762257218360901,0.1298777461051941,0.006864646915346384,0.006053423974663019,-4.259869456291199e-05,14,14,12,12,1,1,1,1
scan48,subset_middle,0,24,16,0.004983480088412762,5.186372756958008,3.3375096321105957,0.9999310374259949,679.8217163085938,0.0,0.0,0.06770537793636322,0.12907947599887848,0.009561938233673573,0.004983480088412762,0.0,10,10,8,8,1,1,1,1
scan48,subset_middle,1,0,16,0.005053607281297445,6.8126983642578125,3.3199448585510254,0.999976634979248,647.9469604492188,0.0,0.0,0.06933742761611938,0.13288907706737518,0.00547723239287734,0.005053607281297445,0.0,12,12,12,12,1,1,1,1
scan48,subset_middle,2,1,16,0.005413472652435303,5.757596492767334,3.6216554641723633,0.9999999403953552,657.3595581054688,0.0,0.0,0.06932464987039566,0.1324947625398636,0.005956566892564297,0.005413472652435303,0.0,12,12,12,10,1,1,1,1
scan48,subset_middle,3,2,16,0.004946899600327015,4.4125237464904785,3.270585536956787,1.0,665.6554565429688,0.0,0.0,0.06909692287445068,0.13227759301662445,0.006192217580974102,0.004946899600327015,0.0,14,14,14,12,1,1,1,1
scan48,subset_middle,4,3,16,0.006160324439406395,9.277724266052246,4.091517448425293,0.9991990923881531,662.126220703125,0.0,0.0,0.06928358227014542,0.13317471742630005,0.005820572841912508,0.006160324439406395,0.0,14,14,12,12,1,1,1,1
scan48,subset_middle,5,4,16,0.006053423974663019,9.278873443603516,3.889237642288208,0.9989275336265564,653.857421875,0.0,3.211564064025879,0.06960060447454453,0.13379821181297302,0.0058293878100812435,0.006053423974663019,0.0,14,14,12,12,1,1,1,1
scan48,subset_uniform,0,0,8,0.014941579662263393,13.760833740234375,9.800471305847168,0.9996141195297241,648.0421142578125,0.12508152425289154,0.0,0.07393135875463486,0.1444818675518036,0.0,0.004692209884524345,0.010249369777739048,16,16,16,14,0,0,0,0
scan48,subset_uniform,1,8,8,0.008516825735569,7.890552043914795,5.778309345245361,0.9998371601104736,673.6090698242188,0.0,0.0,0.07465190440416336,0.1494244784116745,0.0,0.0039096553809940815,0.004607170354574919,16,14,14,12,0,0,0,0
scan48,subset_uniform,2,16,8,0.007332348730415106,7.644290924072266,4.990734100341797,0.9997231364250183,679.1358642578125,0.0,3.8844361305236816,0.080693319439888,0.15990988910198212,0.0,0.003499177284538746,0.00383317144587636,16,14,14,12,0,0,0,0
scan48,subset_uniform,3,24,8,0.005933197680860758,6.1032843589782715,3.9979848861694336,0.9999310374259949,679.8330688476562,0.12508152425289154,0.0,0.07953071594238281,0.1599004715681076,0.0,0.003605422331020236,0.002327775349840522,14,14,12,12,0,0,0,0
scan48,subset_uniform,4,32,8,0.005487011279910803,4.957869529724121,3.6399824619293213,1.0,680.007080078125,0.0,0.0,0.08101005852222443,0.1627582311630249,0.0,0.004141601268202066,0.0013454100117087364,14,14,12,12,0,0,0,0
scan48,subset_uniform,5,40,8,0.013830415904521942,24.42473793029785,8.627443313598633,0.995522677898407,683.001953125,0.0,0.0,0.09204690903425217,0.18755102157592773,0.0,0.006795067805796862,0.0070353480987250805,16,16,14,12,0,0,0,0
scan48,subset_uniform,0,0,10,0.008431999012827873,9.930824279785156,5.557272434234619,0.9995673298835754,648.0283203125,0.0,0.0,0.06463538110256195,0.12737210094928741,0.01324480026960373,0.004692209884524345,0.003739789128303528,16,16,16,14,0,0,0,0
scan48,subset_uniform,1,8,10,0.005922599695622921,6.026395797729492,3.9979848861694336,0.9997862577438354,673.6015014648438,0.0,0.0,0.06664595752954483,0.1305631846189499,0.007008494809269905,0.0039096553809940815,0.0020129443146288395,16,14,14,12,0,0,0,0
scan48,subset_uniform,2,16,10,0.005012619774788618,6.290489196777344,3.405590534210205,0.9997231364250183,679.1279296875,0.0,0.0,0.07053277641534805,0.13742464780807495,0.012145179323852062,0.003499177284538746,0.0015134424902498722,16,14,14,12,0,0,0,0
scan48,subset_uniform,3,24,10,0.004593845922499895,5.129469394683838,3.1072258949279785,0.9999310374259949,679.8237915039062,0.0,3.496368408203125,0.06984478235244751,0.13687078654766083,0.01868826150894165,0.003605422331020236,0.000988423591479659,14,14,12,12,0,0,0,0
scan48,subset_uniform,4,32,10,0.004622765816748142,4.325818061828613,3.082811117172241,1.0,679.9955444335938,0.0,0.0,0.07100227475166321,0.13941018283367157,0.03484397009015083,0.004141601268202066,0.0004811645485460758,14,14,12,12,0,0,0,0
scan48,subset_uniform,5,40,10,0.008944325149059296,22.710954666137695,5.863287925720215,0.995522677898407,682.992431640625,0.0,0.0,0.07759417593479156,0.15218070149421692,0.018722401931881905,0.006795067805796862,0.002149257343262434,16,16,14,12,0,0,0,0
scan48,subset_uniform,0,0,12,0.005813765339553356,8.428864479064941,3.8121564388275146,0.9996725916862488,648.0177612304688,0.0,0.0,0.06107053533196449,0.11785778403282166,0.006851056590676308,0.004692209884524345,0.0011215554550290108,16,16,16,14,0,0,0,0
scan48,subset_uniform,1,8,12,0.004233413841575384,5.125327110290527,2.84938907623291,0.9997455477714539,673.5946044921875,0.0,0.0,0.06394156813621521,0.12335497885942459,0.005717225838452578,0.0039096553809940815,0.00032375846058130264,16,14,14,12,0,0,0,1
scan48,subset_uniform,2,16,12,0.0038397556636482477,5.602512836456299,2.6018283367156982,0.9997231364250183,679.1210327148438,0.0,2.743809700012207,0.06615027040243149,0.1275709718465805,0.007792631164193153,0.003499177284538746,0.00034057837910950184,16,14,14,12,0,0,0,1
scan48,subset_uniform,3,24,12,0.003722074441611767,4.560540199279785,2.5127580165863037,0.9999310374259949,679.8165283203125,0.0,0.0,0.06672287732362747,0.12901471555233002,0.0136040560901165,0.003605422331020236,0.0001166521105915308,14,14,12,12,0,0,1,1
scan48,subset_uniform,4,32,12,0.004280693829059601,4.04829216003418,2.854640483856201,1.0,679.9879150390625,0.0,3.2691423892974854,0.06729826331138611,0.13044770061969757,0.028870021924376488,0.004141601268202066,0.0001390925608575344,14,14,12,12,0,0,1,1
scan48,subset_uniform,5,40,12,0.007166704162955284,22.210159301757812,4.848996639251709,0.995522677898407,682.9847412109375,0.0,3.4752490520477295,0.0707460418343544,0.13801036775112152,0.010664894245564938,0.006795067805796862,0.00037163635715842247,16,16,14,12,0,0,0,1
scan48,subset_uniform,0,0,14,0.0049816095270216465,8.23207950592041,3.2761459350585938,0.9996492266654968,648.0047607421875,0.0,0.0,0.061684053391218185,0.11802200973033905,0.006483033299446106,0.004692209884524345,0.0002893996424973011,16,16,16,14,0,0,0,1
scan48,subset_uniform,1,8,14,0.003953853622078896,5.341579437255859,2.6705923080444336,0.9996845126152039,673.5838012695312,0.0,0.0,0.06407501548528671,0.12262742221355438,0.0068907663226127625,0.0039096553809940815,4.419824108481407e-05,16,14,14,12,0,1,1,1
scan48,subset_uniform,2,16,14,0.003568759886547923,5.479578971862793,2.423020362854004,0.9997231364250183,679.1100463867188,0.0,2.0048646926879883,0.06529827415943146,0.12500561773777008,0.008823069743812084,0.003499177284538746,6.958260200917721e-05,16,14,14,12,0,1,1,1
scan48,subset_uniform,3,24,14,0.0034962263889610767,4.468900680541992,2.3594155311584473,0.9999310374259949,679.8059692382812,0.0,0.0,0.06619326770305634,0.12687286734580994,0.014352168887853622,0.003605422331020236,-0.00010919594205915928,14,14,12,12,1,1,1,1
scan48,subset_uniform,4,32,14,0.0041068363934755325,3.9845118522644043,2.737837553024292,1.0,679.9775390625,0.0,3.597986936569214,0.06672991812229156,0.1280418187379837,0.025680959224700928,0.004141601268202066,-3.476487472653389e-05,14,14,12,12,1,1,1,1
scan48,subset_uniform,5,40,14,0.006971240974962711,22.103862762451172,4.744810581207275,0.995522677898407,682.97216796875,0.0,0.0,0.06757406890392303,0.1306828111410141,0.008156318217515945,0.006795067805796862,0.00017617316916584969,16,16,14,12,0,0,1,1
scan48,subset_uniform,0,0,16,0.004692209884524345,8.195677757263184,3.0886049270629883,0.999824583530426,647.9913940429688,0.0,0.0,0.0667310506105423,0.1268858015537262,0.006240664515644312,0.004692209884524345,0.0,16,16,16,14,1,1,1,1
scan48,subset_uniform,1,8,16,0.0039096553809940815,5.212607383728027,2.646942377090454,0.9997150301933289,673.5716552734375,0.0,0.0,0.06845469027757645,0.13071408867835999,0.007900644093751907,0.0039096553809940815,0.0,16,14,14,12,1,1,1,1
scan48,subset_uniform,2,16,16,0.003499177284538746,5.4439778327941895,2.3735694885253906,0.9997231364250183,679.0982055664062,0.0,0.0,0.06881837546825409,0.13176369667053223,0.008578034117817879,0.003499177284538746,0.0,16,14,14,12,1,1,1,1
scan48,subset_uniform,3,24,16,0.003605422331020236,4.552785396575928,2.4326884746551514,0.9999310374259949,679.7943115234375,0.0,0.0,0.06946959346532822,0.13327687978744507,0.018409939482808113,0.003605422331020236,0.0,14,14,12,12,1,1,1,1
scan48,subset_uniform,4,32,16,0.004141601268202066,4.034265041351318,2.758225679397583,1.0,679.9656982421875,0.0,3.21186900138855,0.06947287172079086,0.13352102041244507,0.020972061902284622,0.004141601268202066,0.0,14,14,12,12,1,1,1,1
scan48,subset_uniform,5,40,16,0.006795067805796862,22.016935348510742,4.643002033233643,0.995522677898407,682.9599609375,0.0,1.9275246858596802,0.06908614188432693,0.1333005577325821,0.008806922473013401,0.006795067805796862,0.0,16,16,14,12,1,1,1,1
scan62,subset_middle,0,24,8,0.011670040898025036,11.011258125305176,8.155904769897461,1.0,661.0181274414062,0.0,0.0,0.06966250389814377,0.1424858272075653,0.0,0.004459275398403406,0.00721076549962163,14,12,12,12,0,0,0,0
scan62,subset_middle,1,0,8,0.010341418907046318,9.01282024383545,6.722607135772705,0.9999999403953552,638.2494506835938,0.0,0.0,0.07661882042884827,0.153677836060524,0.0,0.004255292005836964,0.006086126901209354,14,14,12,12,0,0,0,0
scan62,subset_middle,2,1,8,0.012411488220095634,10.71391487121582,8.235758781433105,1.0,644.2764282226562,0.0,0.0,0.07387392967939377,0.1487792581319809,0.0,0.004756789188832045,0.00765469903126359,12,12,12,12,0,0,0,0
scan62,subset_middle,3,2,8,0.015387756749987602,12.93986701965332,10.086376190185547,0.9999197721481323,646.1373901367188,0.0,0.0,0.07847773283720016,0.15622399747371674,0.0,0.0046862163580954075,0.010701540391892195,14,14,12,12,0,0,0,0
scan62,subset_middle,4,3,8,0.02115665003657341,18.41312026977539,14.031282424926758,0.9983757138252258,643.3890380859375,0.0,0.0,0.08440173417329788,0.16891442239284515,0.0,0.0046423315070569515,0.01651431852951646,16,16,14,14,0,0,0,0
scan62,subset_middle,5,4,8,0.026137076318264008,25.15506935119629,16.999584197998047,0.9919432401657104,641.91796875,0.0,0.0,0.09158128499984741,0.1819409430027008,0.0,0.006706437095999718,0.01943063922226429,16,16,14,14,0,0,0,0
scan62,subset_middle,0,24,10,0.0067425137385725975,7.404570579528809,4.706351280212402,1.0,661.0067749023438,0.0,0.0,0.0615527369081974,0.12108492106199265,0.01995208114385605,0.004459275398403406,0.0022832383401691914,14,12,12,12,0,0,0,0
scan62,subset_middle,1,0,10,0.005754606332629919,6.233185291290283,3.7592616081237793,0.9999999403953552,638.235595703125,0.0,0.0,0.06696174293756485,0.13092496991157532,0.014440502971410751,0.004255292005836964,0.0014993143267929554,14,14,12,12,0,0,0,0
scan62,subset_middle,2,1,10,0.0068592652678489685,7.3094987869262695,4.568648338317871,1.0,644.2640380859375,0.0,1.9636367559432983,0.06550496816635132,0.12825244665145874,0.012314599007368088,0.004756789188832045,0.002102476079016924,12,12,12,12,0,0,0,0
scan62,subset_middle,3,2,10,0.007948382757604122,8.408259391784668,5.259562015533447,1.0,646.1265258789062,0.0,0.8346253037452698,0.06818894296884537,0.13351890444755554,0.01133972592651844,0.0046862163580954075,0.0032621663995087147,14,14,12,12,0,0,0,0
scan62,subset_middle,4,3,10,0.010663023218512535,11.876749992370605,7.022487640380859,0.9983757138252258,643.3767700195312,0.0,2.1885643005371094,0.07182255387306213,0.1406843066215515,0.012274954468011856,0.0046423315070569515,0.006020691711455584,16,16,14,14,0,0,0,0
scan62,subset_middle,5,4,10,0.013857909478247166,18.167512893676758,8.909223556518555,0.9935545921325684,641.9058227539062,0.0,3.3257837295532227,0.07713498920202255,0.1503686159849167,0.018205951899290085,0.006706437095999718,0.007151472382247448,16,16,14,14,0,0,0,0
scan62,subset_middle,0,24,12,0.004538560751825571,6.211946964263916,3.176910400390625,1.0,661.0027465820312,0.0,0.0,0.06026403233408928,0.11620622128248215,0.012697801925241947,0.004459275398403406,7.928535342216492e-05,14,12,12,12,0,1,1,1
scan62,subset_middle,1,0,12,0.004346142988651991,5.604513168334961,2.867767572402954,0.9999999403953552,638.2315063476562,0.0,3.3531622886657715,0.06454890966415405,0.12412696331739426,0.008805396035313606,0.004255292005836964,9.085098281502724e-05,14,14,12,12,0,0,1,1
scan62,subset_middle,2,1,12,0.004741348791867495,6.372262477874756,3.199549436569214,1.0,644.2608032226562,0.0,2.9400477409362793,0.06367139518260956,0.12242584675550461,0.006684537976980209,0.004756789188832045,-1.544039696455002e-05,12,12,12,12,1,1,1,1
scan62,subset_middle,3,2,12,0.004826670046895742,7.160451889038086,3.2505900859832764,1.0,646.1234130859375,0.0,0.0,0.06525412946939468,0.12524564564228058,0.006631765048950911,0.0046862163580954075,0.00014045368880033493,14,14,12,12,0,0,1,1
scan62,subset_middle,4,3,12,0.0061477371491491795,10.025741577148438,4.049306869506836,0.9983757138252258,643.3733520507812,0.0,0.0,0.06712492555379868,0.1292671114206314,0.0061053563840687275,0.0046423315070569515,0.001505405642092228,16,16,14,14,0,0,0,0
scan62,subset_middle,5,4,12,0.008750607259571552,16.294668197631836,5.578033447265625,0.9945648908615112,641.9026489257812,0.0,2.233268976211548,0.06943482160568237,0.13453330099582672,0.0060744499787688255,0.006706437095999718,0.0020441701635718346,16,16,14,14,0,0,0,0
scan62,subset_middle,0,24,14,0.004444533493369818,6.177742004394531,3.108516216278076,1.0,660.9940185546875,0.0,0.0,0.0608256459236145,0.11640211194753647,0.008163155056536198,0.004459275398403406,-1.474190503358841e-05,14,12,12,12,1,1,1,1
scan62,subset_middle,1,0,14,0.004232300445437431,5.568183422088623,2.7996628284454346,0.9999999403953552,638.2236328125,0.0,0.0,0.06448347121477127,0.12346184253692627,0.0035493774339556694,0.004255292005836964,-2.2991560399532318e-05,14,14,12,12,1,1,1,1
scan62,subset_middle,2,1,14,0.004718962125480175,6.474400997161865,3.1976535320281982,1.0,644.2525634765625,0.0,0.0,0.06378139555454254,0.122038833796978,0.0038449056446552277,0.004756789188832045,-3.782706335186958e-05,12,12,12,12,1,1,1,1
scan62,subset_middle,3,2,14,0.004612105432897806,7.164741516113281,3.1313929557800293,1.0,646.1152954101562,0.0,2.298569440841675,0.06440654397010803,0.12354565411806107,0.002923015272244811,0.0046862163580954075,-7.411092519760132e-05,14,14,12,12,1,1,1,1
scan62,subset_middle,4,3,14,0.004814554937183857,9.654494285583496,3.2038469314575195,0.9983757138252258,643.3671264648438,0.0,0.0,0.06553861498832703,0.12596197426319122,0.0038533092010766268,0.0046423315070569515,0.00017222343012690544,16,16,14,14,0,0,1,1
scan62,subset_middle,5,4,14,0.006992751732468605,15.698140144348145,4.484233856201172,0.9947950839996338,641.8974609375,0.0,3.6050546169281006,0.06644522398710251,0.12819595634937286,0.0033118692226707935,0.006706437095999718,0.00028631463646888733,16,16,14,14,0,0,1,1
scan62,subset_middle,0,24,16,0.004459275398403406,6.2521281242370605,3.119241237640381,1.0,660.9855346679688,0.0,0.0,0.06545023620128632,0.12497758120298386,0.008304218761622906,0.004459275398403406,0.0,14,12,12,12,1,1,1,1
scan62,subset_middle,1,0,16,0.004255292005836964,5.5304694175720215,2.8138575553894043,0.9999999403953552,638.2169799804688,0.0,3.189359426498413,0.06793828308582306,0.13032443821430206,0.0033581629395484924,0.004255292005836964,0.0,14,14,12,12,1,1,1,1
scan62,subset_middle,2,1,16,0.004756789188832045,6.553004264831543,3.2297203540802,1.0,644.2449951171875,0.0,0.0,0.06758467108011246,0.1295432597398758,0.004936495330184698,0.004756789188832045,0.0,12,12,12,12,1,1,1,1
scan62,subset_middle,3,2,16,0.0046862163580954075,7.154677867889404,3.187204122543335,1.0,646.1082763671875,0.0,0.0,0.06765056401491165,0.12989452481269836,0.003460289677605033,0.0046862163580954075,0.0,14,14,12,12,1,1,1,1
scan62,subset_middle,4,3,16,0.0046423315070569515,9.658623695373535,3.104762554168701,0.9983505606651306,643.3617553710938,0.0,1.3808351755142212,0.06803174316883087,0.1311512142419815,0.004478003364056349,0.0046423315070569515,0.0,16,16,14,14,1,1,1,1
scan62,subset_middle,5,4,16,0.006706437095999718,15.55815601348877,4.308899879455566,0.9952426552772522,641.8934936523438,0.0,2.1879382133483887,0.06803253293037415,0.13139057159423828,0.003225343069061637,0.006706437095999718,0.0,16,16,14,14,1,1,1,1
scan62,subset_uniform,0,0,8,0.011418528854846954,10.756091117858887,7.464445114135742,0.9999999403953552,638.3229370117188,0.12508152425289154,0.0,0.07725346088409424,0.15608860552310944,0.0,0.004451945889741182,0.006966582965105772,16,16,14,14,0,0,0,0
scan62,subset_uniform,1,8,8,0.014564300887286663,11.68655776977539,9.7271728515625,1.0,650.6522216796875,0.0,0.0,0.080245740711689,0.16351492702960968,0.0,0.004145204089581966,0.010419096797704697,16,14,14,14,0,0,0,0
scan62,subset_uniform,2,16,8,0.017253097146749496,14.137608528137207,11.8230619430542,0.9999999403953552,655.3616333007812,0.0,0.0,0.08499030023813248,0.17291681468486786,0.0,0.0039024334400892258,0.01335066370666027,16,16,14,14,0,0,0,0
scan62,subset_uniform,3,24,8,0.012794292531907558,11.475954055786133,8.947500228881836,1.0,661.0294799804688,0.0,2.185432195663452,0.07828288525342941,0.1608336865901947,0.0,0.004372426308691502,0.008421866223216057,14,14,14,14,0,0,0,0
scan62,subset_uniform,4,32,8,0.010575981810688972,10.393645286560059,7.437825679779053,1.0,666.4652709960938,0.0,3.698935031890869,0.07910837978124619,0.1623298078775406,0.0,0.004356142599135637,0.006219839211553335,14,14,14,14,0,0,0,0
scan62,subset_uniform,5,40,8,0.021700255572795868,18.777057647705078,14.57696533203125,0.9999064803123474,673.0675659179688,0.0,4.187269687652588,0.08998176455497742,0.18603691458702087,0.0,0.003501387545838952,0.018198868026956916,16,16,14,14,0,0,0,0
scan62,subset_uniform,0,0,10,0.006422792561352253,7.635486125946045,4.218461513519287,0.9999999403953552,638.3173217773438,0.0,0.0,0.06291693449020386,0.12510338425636292,0.011735274456441402,0.004451945889741182,0.0019708466716110706,16,16,14,14,0,0,0,0
scan62,subset_uniform,1,8,10,0.007991241291165352,6.960303783416748,5.351572513580322,1.0,650.6495361328125,0.0,1.4794903993606567,0.06690636277198792,0.13215422630310059,0.010898351669311523,0.004145204089581966,0.0038460372015833855,16,14,14,14,0,0,0,0
scan62,subset_uniform,2,16,10,0.008778759278357029,8.163436889648438,5.954255104064941,0.9999999403953552,655.3590087890625,0.0,0.0,0.06971906870603561,0.1383538693189621,0.01848260685801506,0.0039024334400892258,0.004876325838267803,16,16,14,14,0,0,0,0
scan62,subset_uniform,3,24,10,0.007067738100886345,7.2729034423828125,4.923999786376953,1.0,661.0267333984375,0.0,2.0236172676086426,0.06634664535522461,0.13089033961296082,0.027617227286100388,0.004372426308691502,0.0026953117921948433,14,14,14,14,0,0,0,0
scan62,subset_uniform,4,32,10,0.0066190748475492,7.123114585876465,4.627038478851318,1.0,666.4623413085938,0.0,0.0,0.06711332499980927,0.13246148824691772,0.010191165842115879,0.004356142599135637,0.0022629322484135628,14,14,14,14,0,0,0,0
scan62,subset_uniform,5,40,10,0.009915804490447044,8.917428016662598,6.588333606719971,0.9999866485595703,673.0680541992188,0.0,0.0,0.07204807549715042,0.14474336802959442,0.01772763766348362,0.003501387545838952,0.006414416944608092,16,16,14,14,0,0,0,0
scan62,subset_uniform,0,0,12,0.0050336942076683044,7.0170745849609375,3.3287856578826904,0.9999999403953552,638.3153686523438,0.0,0.0,0.060725633054971695,0.11790962517261505,0.0062822578474879265,0.004451945889741182,0.0005817483179271221,16,16,14,14,0,0,0,0
scan62,subset_uniform,1,8,12,0.00503664743155241,5.206149101257324,3.4162771701812744,1.0,650.6510620117188,0.0,0.0,0.06334485858678818,0.12330397218465805,0.006917495746165514,0.004145204089581966,0.0008914433419704437,16,14,14,14,0,0,0,0
scan62,subset_uniform,2,16,12,0.00500005017966032,6.293654441833496,3.4009718894958496,0.9999999403953552,655.3599243164062,0.0,2.014505624771118,0.06478672474622726,0.12657393515110016,0.011158895678818226,0.0039024334400892258,0.0010976167395710945,16,16,14,14,0,0,0,0
scan62,subset_uniform,3,24,12,0.0048867883160710335,6.1768622398376465,3.4125261306762695,1.0,661.02734375,0.0,0.0,0.06336373090744019,0.12330082058906555,0.017368171364068985,0.004372426308691502,0.0005143620073795319,14,14,14,14,0,0,0,0
scan62,subset_uniform,4,32,12,0.004819031804800034,6.080743312835693,3.37154483795166,1.0,666.4617309570312,0.0,4.749327659606934,0.06416326761245728,0.1248762309551239,0.006965503096580505,0.004356142599135637,0.0004628892056643963,14,14,14,14,0,0,0,0
scan62,subset_uniform,5,40,12,0.004892624448984861,5.308119297027588,3.1600728034973145,1.0,673.0645141601562,0.0,0.0,0.06614044308662415,0.12970295548439026,0.009781313128769398,0.003501387545838952,0.0013912369031459093,16,16,14,14,0,0,0,0
scan62,subset_uniform,0,0,14,0.0046120258048176765,6.670046329498291,3.058624029159546,0.9999999403953552,638.3081665039062,0.0,0.0,0.06014680489897728,0.11584509909152985,0.003958337474614382,0.004451945889741182,0.00016007991507649422,16,16,14,14,0,0,1,1
scan62,subset_uniform,1,8,14,0.004200107418000698,4.855660438537598,2.8779828548431396,1.0,650.6463623046875,0.0,1.2234934568405151,0.06194472312927246,0.119584821164608,0.0039213718846440315,0.004145204089581966,5.490332841873169e-05,16,14,14,14,0,1,1,1
scan62,subset_uniform,2,16,14,0.00398961640894413,5.928727149963379,2.734147548675537,0.9999999403953552,655.3551635742188,0.0,2.2482924461364746,0.0629555732011795,0.12166249752044678,0.00637972354888916,0.0039024334400892258,8.718296885490417e-05,16,16,14,14,0,0,1,1
scan62,subset_uniform,3,24,14,0.004309056792408228,5.92642068862915,3.0173068046569824,1.0,661.0223999023438,0.0,0.0,0.06295917183160782,0.12126671522855759,0.010740065015852451,0.004372426308691502,-6.33695162832737e-05,14,14,14,14,1,1,1,1
scan62,subset_uniform,4,32,14,0.004337692633271217,5.82418155670166,3.039924144744873,1.0,666.4564819335938,0.0,0.0,0.06414812058210373,0.12355432659387589,0.0069955685175955296,0.004356142599135637,-1.8449965864419937e-05,14,14,14,14,1,1,1,1
scan62,subset_uniform,5,40,14,0.003613692242652178,4.671628952026367,2.3406457901000977,1.0,673.0578002929688,0.0,0.0,0.06464017927646637,0.12494705617427826,0.006813851185142994,0.003501387545838952,0.00011230469681322575,16,16,14,14,0,0,1,1
scan62,subset_uniform,0,0,16,0.004451945889741182,6.537766456604004,2.957723379135132,0.9999999403953552,638.2982788085938,0.0,0.0,0.06456566601991653,0.12313820421695709,0.005068451166152954,0.004451945889741182,0.0,16,16,14,14,1,1,1,1
scan62,subset_uniform,1,8,16,0.004145204089581966,4.918864727020264,2.8546695709228516,1.0,650.638427734375,0.0,2.067627191543579,0.06556762754917145,0.12569192051887512,0.005953683052212,0.004145204089581966,0.0,16,14,14,14,1,1,1,1
scan62,subset_uniform,2,16,16,0.0039024334400892258,5.938241004943848,2.6864967346191406,0.9999999403953552,655.347900390625,0.0,1.7550197839736938,0.06587881594896317,0.12677469849586487,0.0054397061467170715,0.0039024334400892258,0.0,16,16,14,14,1,1,1,1
scan62,subset_uniform,3,24,16,0.004372426308691502,5.897397041320801,3.0655629634857178,1.0,661.0142822265625,0.0,1.2210921049118042,0.06633439660072327,0.12738946080207825,0.008748984895646572,0.004372426308691502,0.0,14,14,14,14,1,1,1,1
scan62,subset_uniform,4,32,16,0.004356142599135637,5.85348653793335,3.0561273097991943,1.0,666.4484252929688,0.0,0.0,0.06700599193572998,0.12893711030483246,0.007336779031902552,0.004356142599135637,0.0,14,14,14,14,1,1,1,1
scan62,subset_uniform,5,40,16,0.003501387545838952,4.665273189544678,2.278118848800659,1.0,673.0484619140625,0.0,3.53407621383667,0.06691129505634308,0.12919077277183533,0.005364535376429558,0.003501387545838952,0.0,16,16,14,14,1,1,1,1
scan110,subset_middle,0,24,8,0.00826677493751049,8.33658218383789,5.468942642211914,1.0,656.3273315429688,0.0,0.0,0.07180044800043106,0.14465446770191193,0.0,0.0036102591548115015,0.004656515782698989,14,14,14,14,0,0,0,0
scan110,subset_middle,1,0,8,0.022715648636221886,25.0419864654541,14.294604301452637,0.9903826117515564,652.7608032226562,0.0,0.0,0.08227445930242538,0.16263055801391602,0.0,0.008683726191520691,0.014031922444701195,14,14,14,14,0,0,0,0
scan110,subset_middle,2,1,8,0.019246114417910576,21.162220001220703,12.030953407287598,0.9906100034713745,655.8245239257812,0.0,2.417351484298706,0.0787138044834137,0.15612941980361938,0.0,0.0063730524852871895,0.012873061932623386,14,14,14,14,0,0,0,0
scan110,subset_middle,3,2,8,0.021756257861852646,39.1623420715332,14.530414581298828,0.9838417172431946,660.7930297851562,0.0,1.995667576789856,0.08224735409021378,0.16228033602237701,0.0,0.0093541806563735,0.012402077205479145,16,14,14,14,0,0,0,0
scan110,subset_middle,4,3,8,0.04164034500718117,76.30543518066406,29.834192276000977,0.9372686147689819,665.7362060546875,0.0,3.8719139099121094,0.08551352471113205,0.16864927113056183,0.0,0.025061702355742455,0.016578642651438713,16,14,14,12,0,0,0,0
scan110,subset_middle,5,4,8,0.08689337968826294,121.70665740966797,63.87232971191406,0.8088435530662537,672.2634887695312,0.0,0.0,0.10224595665931702,0.196087047457695,0.0,0.06323044002056122,0.02366293966770172,16,14,14,12,0,0,0,0
scan110,subset_middle,0,24,10,0.005850433371961117,6.149968147277832,3.8831284046173096,1.0,656.3161010742188,0.0,0.0,0.061659928411245346,0.1223122775554657,0.019928205758333206,0.0036102591548115015,0.0022401742171496153,14,14,14,14,0,0,0,0
scan110,subset_middle,1,0,10,0.014030485413968563,19.57199478149414,8.878235816955566,0.9938380718231201,652.751953125,0.0,2.46450138092041,0.06996533274650574,0.13556991517543793,0.011844409629702568,0.008683726191520691,0.005346759222447872,14,14,14,14,0,0,0,0
scan110,subset_middle,2,1,10,0.011803007684648037,15.635422706604004,7.452599048614502,0.999468207359314,655.8121337890625,0.0,2.849087953567505,0.0668717697262764,0.13103674352169037,0.009029565379023552,0.0063730524852871895,0.0054299551993608475,14,14,14,14,0,0,0,0
scan110,subset_middle,3,2,10,0.014568988233804703,35.277565002441406,10.034722328186035,0.9859293699264526,660.7826538085938,0.0,3.768319606781006,0.07001770287752151,0.13566026091575623,0.00841282308101654,0.0093541806563735,0.005214807577431202,16,14,14,14,0,0,0,0
scan110,subset_middle,4,3,10,0.03231757506728172,70.48917388916016,23.791568756103516,0.9461091160774231,665.724609375,0.0,0.0,0.07147678732872009,0.13838639855384827,0.008559171110391617,0.025061702355742455,0.0072558727115392685,16,14,14,12,0,0,0,0
scan110,subset_middle,5,4,10,0.073799267411232,113.56291961669922,55.08976364135742,0.8260585069656372,672.2522583007812,0.0,2.821471691131592,0.08216337114572525,0.15588827431201935,0.010456467978656292,0.06323044002056122,0.010568827390670776,16,14,14,12,0,0,0,0
scan110,subset_middle,0,24,12,0.004151761531829834,4.727329254150391,2.7894773483276367,1.0,656.3087768554688,0.0,0.0,0.06054959073662758,0.11683665215969086,0.01723463274538517,0.0036102591548115015,0.0005415023770183325,14,14,14,14,0,0,0,0
scan110,subset_middle,1,0,12,0.010026543401181698,17.199241638183594,6.410491466522217,0.995863676071167,652.7471923828125,0.0,1.3117932081222534,0.06584051251411438,0.12673227488994598,0.00724021578207612,0.008683726191520691,0.001342817209661007,14,14,14,14,0,0,0,0
scan110,subset_middle,2,1,12,0.007811752147972584,13.018543243408203,5.034008026123047,1.0,655.8059692382812,0.0,0.0,0.06400810182094574,0.12317289412021637,0.006122037302702665,0.0063730524852871895,0.0014386996626853943,14,14,14,14,0,0,0,0
scan110,subset_middle,3,2,12,0.010728966444730759,33.34437561035156,7.656121730804443,0.9859293699264526,660.7772827148438,0.0,3.6194729804992676,0.0659518837928772,0.1269187480211258,0.007454338017851114,0.0093541806563735,0.0013747857883572578,16,14,14,14,0,0,0,0
scan110,subset_middle,4,3,12,0.027350930497050285,67.27590942382812,20.572973251342773,0.9464205503463745,665.7185668945312,0.0,3.274348020553589,0.06714296340942383,0.12859289348125458,0.0063212281093001366,0.025061702355742455,0.002289228141307831,16,14,14,12,0,0,0,1
scan110,subset_middle,5,4,12,0.06743495166301727,109.43362426757812,50.76118469238281,0.8322792649269104,672.2457885742188,0.0,0.0,0.07168343663215637,0.1373918354511261,0.008393716998398304,0.06323044002056122,0.004204511642456055,16,14,14,12,0,0,0,1
scan110,subset_middle,0,24,14,0.00357766798697412,4.358160495758057,2.4242095947265625,1.0,656.2972412109375,0.0,0.0,0.06110536307096481,0.1171346977353096,0.011794899590313435,0.0036102591548115015,-3.259116783738136e-05,14,14,14,14,1,1,1,1
scan110,subset_middle,1,0,14,0.008697406388819218,16.18513298034668,5.580807685852051,0.9970040917396545,652.7381591796875,0.0,3.6020660400390625,0.06510628759860992,0.1247463971376419,0.004257905296981335,0.008683726191520691,1.3680197298526764e-05,14,14,14,14,1,1,1,1
scan110,subset_middle,2,1,14,0.006436323281377554,12.103922843933105,4.194697380065918,1.0,655.7959594726562,0.0,3.6586434841156006,0.06431659311056137,0.12304417043924332,0.007746936287730932,0.0063730524852871895,6.327079609036446e-05,14,14,14,14,1,1,1,1
scan110,subset_middle,3,2,14,0.009512136690318584,32.56166076660156,6.91114616394043,0.9859463572502136,660.7677612304688,0.0,3.91861629486084,0.06513503938913345,0.12488231062889099,0.007900375872850418,0.0093541806563735,0.00015795603394508362,16,14,14,14,0,1,1,1
scan110,subset_middle,4,3,14,0.02550000511109829,65.64286804199219,19.355125427246094,0.9465416073799133,665.7100830078125,0.0,3.45723032951355,0.0655733123421669,0.1258278787136078,0.006838372442871332,0.025061702355742455,0.00043830275535583496,16,14,14,12,0,1,1,1
scan110,subset_middle,5,4,14,0.0644550621509552,106.77433776855469,48.68648910522461,0.8332615494728088,672.2360229492188,0.0,3.275663375854492,0.06785809993743896,0.13051515817642212,0.005863909609615803,0.06323044002056122,0.001224622130393982,16,14,14,12,0,1,1,1
scan110,subset_middle,0,24,16,0.0036102591548115015,4.3478546142578125,2.4470343589782715,1.0,656.2847290039062,0.0,0.0,0.0658191666007042,0.12539654970169067,0.008326887153089046,0.0036102591548115015,0.0,14,14,14,14,1,1,1,1
scan110,subset_middle,1,0,16,0.008683726191520691,15.803543090820312,5.563940048217773,0.9974466562271118,652.7275390625,0.0,0.0,0.06812840700149536,0.13077658414840698,0.005265002138912678,0.008683726191520691,0.0,14,14,14,14,1,1,1,1
scan110,subset_middle,2,1,16,0.0063730524852871895,11.845715522766113,4.1626811027526855,1.0,655.78466796875,0.0,4.556253433227539,0.06788508594036102,0.13018320500850677,0.007352487649768591,0.0063730524852871895,0.0,14,14,14,14,1,1,1,1
scan110,subset_middle,3,2,16,0.0093541806563735,32.27143859863281,6.82110071182251,0.9859802722930908,660.7567749023438,0.0,3.8334381580352783,0.0681389793753624,0.13082459568977356,0.006569301709532738,0.0093541806563735,0.0,16,14,14,14,1,1,1,1
scan110,subset_middle,4,3,16,0.025061702355742455,64.87964630126953,19.043394088745117,0.9466281533241272,665.700439453125,0.0,2.533273220062256,0.06820742040872574,0.13107159733772278,0.007423778064548969,0.025061702355742455,0.0,16,14,14,12,1,1,1,1
scan110,subset_middle,5,4,16,0.06323044002056122,105.20494842529297,47.7767219543457,0.8341920375823975,672.227294921875,0.0,3.505260705947876,0.0690552145242691,0.13309992849826813,0.00624510832130909,0.06323044002056122,0.0,16,14,14,12,1,1,1,1
scan110,subset_uniform,0,0,8,0.020467298105359077,23.275279998779297,12.885308265686035,0.9911826252937317,652.8438110351562,0.0,0.0,0.06941353529691696,0.1396951824426651,0.0,0.00880295131355524,0.011664346791803837,14,14,14,12,0,0,0,0
scan110,subset_uniform,1,8,8,0.012785137630999088,15.775907516479492,8.290858268737793,0.9956592917442322,658.79248046875,0.0,0.0,0.07683981955051422,0.15329329669475555,0.0,0.005221245344728231,0.007563892286270857,14,14,14,14,0,0,0,0
scan110,subset_uniform,2,16,8,0.010983600281178951,11.489686012268066,7.20634651184082,1.0,659.5560913085938,0.0,1.9366410970687866,0.08323829621076584,0.16398684680461884,0.0,0.004865224473178387,0.006118375808000565,16,14,14,14,0,0,0,0
scan110,subset_uniform,3,24,8,0.005974980536848307,6.1613898277282715,3.9828455448150635,1.0,656.3790283203125,0.0,0.0,0.07715073972940445,0.1566421091556549,0.0,0.0037164969835430384,0.0022584835533052683,14,12,12,12,0,0,0,0
scan110,subset_uniform,4,32,8,0.0057837627828121185,6.4392523765563965,3.90356183052063,1.0,655.7408447265625,0.0,0.0,0.07603596895933151,0.1568009853363037,0.0,0.0038522304967045784,0.0019315322861075401,12,12,12,12,0,0,0,0
scan110,subset_uniform,5,40,8,0.011408901773393154,11.057629585266113,7.243533611297607,0.9996895790100098,658.733642578125,0.0,1.9202003479003906,0.08435022830963135,0.1700403392314911,0.0,0.004863907117396593,0.006544994655996561,16,16,14,14,0,0,0,0
scan110,subset_uniform,0,0,10,0.012963724322617054,18.948270797729492,8.19809627532959,0.9943316578865051,652.8271484375,0.0,0.0,0.061419833451509476,0.1204785406589508,0.009236138314008713,0.00880295131355524,0.004160773009061813,14,14,14,12,0,0,0,0
scan110,subset_uniform,1,8,10,0.008128268644213676,12.778677940368652,5.334972858428955,0.9959591627120972,658.7787475585938,0.0,0.0,0.06630059331655502,0.12915672361850739,0.007659066002815962,0.005221245344728231,0.002907023299485445,14,14,14,14,0,0,0,0
scan110,subset_uniform,2,16,10,0.007550767157226801,9.218276977539062,4.9719061851501465,1.0,659.5435791015625,0.0,0.0,0.07017280906438828,0.13757775723934174,0.009611022658646107,0.004865224473178387,0.0026855426840484142,16,14,14,14,0,0,0,0
scan110,subset_uniform,3,24,10,0.004708545282483101,5.1395955085754395,3.148340940475464,1.0,656.3651123046875,0.0,0.0,0.06572522968053818,0.12926720082759857,0.019304849207401276,0.0037164969835430384,0.0009920482989400625,14,12,12,12,0,0,0,0
scan110,subset_uniform,4,32,10,0.004492295905947685,5.7473015785217285,3.033930540084839,1.0,655.727294921875,0.0,0.7241573929786682,0.065336212515831,0.12899796664714813,0.031424738466739655,0.0038522304967045784,0.0006400654092431068,12,12,12,12,0,0,0,0
scan110,subset_uniform,5,40,10,0.007975846529006958,8.91045093536377,5.142332077026367,0.9996895790100098,658.7238159179688,0.0,0.0,0.06980955600738525,0.13879089057445526,0.025670204311609268,0.004863907117396593,0.003111939411610365,16,16,14,14,0,0,0,0
scan110,subset_uniform,0,0,12,0.009659312665462494,17.010576248168945,6.148373126983643,0.996101975440979,652.8175659179688,0.0,0.0,0.05956485494971275,0.1151016429066658,0.005884552840143442,0.00880295131355524,0.0008563613519072533,14,14,14,12,0,0,0,1
scan110,subset_uniform,1,8,12,0.005897126160562038,11.46971607208252,3.921269178390503,0.996985137462616,658.7713623046875,0.0,0.0,0.06332407146692276,0.12203915417194366,0.005526720080524683,0.005221245344728231,0.000675880815833807,14,14,14,14,0,0,0,0
scan110,subset_uniform,2,16,12,0.005548348184674978,7.824201583862305,3.673137903213501,1.0,659.5363159179688,0.0,2.9985907077789307,0.06571444869041443,0.12666592001914978,0.006089968606829643,0.004865224473178387,0.0006831237114965916,16,14,14,14,0,0,0,0
scan110,subset_uniform,3,24,12,0.003756364341825247,4.4459052085876465,2.5342836380004883,1.0,656.358154296875,0.0,3.178168296813965,0.06359296292066574,0.12230295687913895,0.012186038307845592,0.0037164969835430384,3.986735828220844e-05,14,12,12,12,0,1,1,1
scan110,subset_uniform,4,32,12,0.0038598303217440844,5.40062952041626,2.61686110496521,1.0,655.7211303710938,0.0,0.0,0.0638798400759697,0.1228080615401268,0.022222083061933517,0.0038522304967045784,7.5998250395059586e-06,12,12,12,12,1,1,1,1
scan110,subset_uniform,5,40,12,0.00566092599183321,7.880371570587158,3.712524175643921,0.9997260570526123,658.715576171875,0.0,2.5572662353515625,0.06580006331205368,0.1272272914648056,0.01535413134843111,0.004863907117396593,0.0007970188744366169,16,16,14,14,0,0,0,0
scan110,subset_uniform,0,0,14,0.008788135834038258,16.331693649291992,5.61635684967041,0.9969700574874878,652.8058471679688,0.0,0.0,0.05984292924404144,0.11453046649694443,0.005906899459660053,0.00880295131355524,-1.4815479516983032e-05,14,14,14,12,1,1,1,1
scan110,subset_uniform,1,8,14,0.0052357022650539875,10.941065788269043,3.5089938640594482,0.997837483882904,658.7613525390625,0.0,0.0,0.06237846240401268,0.11972114443778992,0.005758992861956358,0.005221245344728231,1.4456920325756073e-05,14,14,14,14,1,1,1,1
scan110,subset_uniform,2,16,14,0.004954967647790909,7.217288494110107,3.290518283843994,1.0,659.5266723632812,0.0,0.0,0.06392736732959747,0.1228526160120964,0.005113237537443638,0.004865224473178387,8.974317461252213e-05,16,14,14,14,0,1,1,1
scan110,subset_uniform,3,24,14,0.003552395384758711,4.280872821807861,2.405852794647217,1.0,656.349365234375,0.0,0.0,0.06364897638559341,0.12195074558258057,0.006681559607386589,0.0037164969835430384,-0.0001641015987843275,14,12,12,12,1,1,1,1
scan110,subset_uniform,4,32,14,0.003752742428332567,5.32408332824707,2.547635555267334,1.0,655.7132568359375,0.0,0.0,0.06481354683637619,0.1238863617181778,0.014132978394627571,0.0038522304967045784,-9.948806837201118e-05,12,12,12,12,1,1,1,1
scan110,subset_uniform,5,40,14,0.00498424144461751,7.645801067352295,3.2886202335357666,0.999707818031311,658.7090454101562,0.0,1.1698576211929321,0.06559385359287262,0.1256628781557083,0.009249763563275337,0.004863907117396593,0.00012033432722091675,16,16,14,14,0,0,1,1
scan110,subset_uniform,0,0,16,0.00880295131355524,16.115962982177734,5.6225199699401855,0.9973275065422058,652.7924194335938,0.0,0.0,0.06476932018995285,0.12342076748609543,0.00726503599435091,0.00880295131355524,0.0,14,14,14,12,1,1,1,1
scan110,subset_uniform,1,8,16,0.005221245344728231,10.754297256469727,3.500547409057617,0.998295247554779,658.7490844726562,0.0,4.1124701499938965,0.0663735568523407,0.12701906263828278,0.006248333025723696,0.005221245344728231,0.0,14,14,14,14,1,1,1,1
scan110,subset_uniform,2,16,16,0.004865224473178387,6.928003787994385,3.2302584648132324,1.0,659.5150146484375,0.0,3.3602778911590576,0.06690701097249985,0.12857486307621002,0.004607953131198883,0.004865224473178387,0.0,16,14,14,14,1,1,1,1
scan110,subset_uniform,3,24,16,0.0037164969835430384,4.349172115325928,2.5141334533691406,1.0,656.33837890625,0.0,3.7263073921203613,0.06710509955883026,0.12876887619495392,0.00592344393953681,0.0037164969835430384,0.0,14,12,12,12,1,1,1,1
scan110,subset_uniform,4,32,16,0.0038522304967045784,5.355909824371338,2.612802267074585,1.0,655.7032470703125,0.0,3.4171864986419678,0.06789077818393707,0.13047493994235992,0.012216521427035332,0.0038522304967045784,0.0,12,12,12,12,1,1,1,1
scan110,subset_uniform,5,40,16,0.004863907117396593,7.624626636505127,3.213522434234619,0.9996895790100098,658.6988525390625,0.0,1.0669788122177124,0.06814407557249069,0.13137191534042358,0.010338068008422852,0.004863907117396593,0.0,16,16,14,14,1,1,1,1
