scene,subset,view_idx,frame_id,step_i,abs_rel,rmse,mae,delta1,geom_l2,rot_err_deg,trans_err_deg,hidden_delta_1step,hidden_delta_2step,depth_delta,abs_rel_16,future_gain,oracle_k_star_1pct,oracle_k_star_2pct,oracle_k_star_5pct,oracle_k_star_10pct,safe_to_halt_1pct,safe_to_halt_2pct,safe_to_halt_5pct,safe_to_halt_10pct
scan1,subset_middle,0,24,8,0.0036557468120008707,6.670477867126465,2.3901548385620117,0.9996281266212463,645.3838500976562,0.0,0.0,0.06302516907453537,0.12978443503379822,0.0,0.004100610502064228,-0.00044486369006335735,8,8,8,8,1,1,1,1
scan1,subset_middle,1,0,8,0.009107130579650402,18.01166534423828,6.28811502456665,0.9972519874572754,644.590576171875,0.0,1.31536865234375,0.06907843798398972,0.14175723493099213,0.0,0.006002626847475767,0.003104503732174635,10,10,10,9,0,0,0,0
scan1,subset_middle,2,1,8,0.006666087545454502,10.225929260253906,4.285360336303711,0.9983422160148621,652.76416015625,0.0,4.11765718460083,0.06821053475141525,0.14141610264778137,0.0,0.005082026124000549,0.0015840614214539528,9,9,9,9,0,0,0,0
scan1,subset_middle,3,2,8,0.006249202415347099,5.3496222496032715,4.02169942855835,1.0,652.1631469726562,0.0,3.2190535068511963,0.06961449235677719,0.14437781274318695,0.0,0.003950988873839378,0.002298213541507721,10,10,10,10,0,0,0,0
scan1,subset_middle,4,3,8,0.007507906295359135,6.5747857093811035,4.939772129058838,1.0,655.3831176757812,0.0,0.0,0.06951521337032318,0.14405906200408936,0.0,0.003305153688415885,0.00420275260694325,11,11,11,11,0,0,0,0
scan1,subset_middle,5,4,8,0.008883877657353878,8.93320083618164,5.920082092285156,0.9997252225875854,647.48779296875,0.0,1.2979965209960938,0.07116509228944778,0.14715877175331116,0.0,0.0032369771506637335,0.0056469005066901445,12,12,12,11,0,0,0,0
scan1,subset_middle,0,24,9,0.003171506803482771,6.26773738861084,2.0525054931640625,0.9996033310890198,645.3762817382812,0.0,0.0,0.0579182393848896,0.11554165929555893,0.00583183066919446,0.004100610502064228,-0.0009291036985814571,8,8,8,8,1,1,1,1
scan1,subset_middle,1,0,9,0.006369054317474365,17.162885665893555,4.398125648498535,0.9972424507141113,644.584228515625,0.0,1.7680182456970215,0.06303717195987701,0.1249798834323883,0.0039232103154063225,0.006002626847475767,0.0003664274699985981,10,10,10,9,0,0,0,1
scan1,subset_middle,2,1,9,0.004843836184591055,9.44672966003418,3.0901243686676025,0.9983577728271484,652.758544921875,0.0,0.7506924271583557,0.06253855675458908,0.12430592626333237,0.0033665539231151342,0.005082026124000549,-0.0002381899394094944,9,9,9,9,1,1,1,1
scan1,subset_middle,3,2,9,0.004454878158867359,4.07765007019043,2.8672077655792236,1.0,652.157958984375,0.0,3.512235641479492,0.06356824189424515,0.1264616996049881,0.00324427243322134,0.003950988873839378,0.0005038892850279808,10,10,10,10,0,0,0,0
scan1,subset_middle,4,3,9,0.005360947456210852,4.9771575927734375,3.5161983966827393,1.0,655.3790283203125,0.0,3.363481044769287,0.06328475475311279,0.12625649571418762,0.0032044195104390383,0.003305153688415885,0.0020557937677949667,11,11,11,11,0,0,0,0
scan1,subset_middle,5,4,9,0.006681135855615139,7.150732517242432,4.469696998596191,0.9997760653495789,647.48388671875,0.0,0.0,0.06511225551366806,0.12934979796409607,0.002986232517287135,0.0032369771506637335,0.0034441587049514055,12,12,12,11,0,0,0,0
scan1,subset_middle,0,24,10,0.0030388759914785624,6.063965797424316,1.9520424604415894,0.999595046043396,645.370849609375,0.0,0.0,0.05563714727759361,0.10960381478071213,0.004901599604636431,0.004100610502064228,-0.0010617345105856657,8,8,8,8,1,1,1,1
scan1,subset_middle,1,0,10,0.00441772909834981,16.738689422607422,3.073972463607788,0.9972424507141113,644.5792236328125,0.0,0.0,0.059741005301475525,0.11761569231748581,0.003931772895157337,0.006002626847475767,-0.0015848977491259575,10,10,10,9,1,1,1,1
scan1,subset_middle,2,1,10,0.003743822453543544,9.047964096069336,2.3832600116729736,0.9983810782432556,652.7543334960938,0.0,0.0,0.05963844433426857,0.11732205003499985,0.0027386914007365704,0.005082026124000549,-0.0013382036704570055,9,9,9,9,1,1,1,1
scan1,subset_middle,3,2,10,0.003229741705581546,3.2345540523529053,2.0868914127349854,1.0,652.1539916992188,0.0,0.0,0.060684435069561005,0.11932338774204254,0.002540036803111434,0.003950988873839378,-0.0007212471682578325,10,10,10,10,1,1,1,1
scan1,subset_middle,4,3,10,0.0037912551779299974,3.922304391860962,2.47668194770813,0.9999919533729553,655.3756713867188,0.0,0.0,0.06047732010483742,0.11891598999500275,0.0025063653010874987,0.003305153688415885,0.00048610148951411247,11,11,11,11,0,0,0,0
scan1,subset_middle,5,4,10,0.004659946076571941,5.42791748046875,3.097900867462158,0.999826967716217,647.4807739257812,0.0,3.5286426544189453,0.061900027096271515,0.12186679244041443,0.002884975867345929,0.0032369771506637335,0.001422968925908208,12,12,12,11,0,0,0,0
scan1,subset_middle,0,24,11,0.003315023612231016,6.056967258453369,2.1223857402801514,0.9996033310890198,645.365966796875,0.0,0.0,0.05519813671708107,0.10747090727090836,0.00489242747426033,0.004100610502064228,-0.0007855868898332119,8,8,8,8,1,1,1,1
scan1,subset_middle,1,0,11,0.0039994362741708755,16.607378005981445,2.784271478652954,0.9972615838050842,644.5748901367188,0.0,3.6112406253814697,0.05866245552897453,0.11431087553501129,0.0028307384345680475,0.006002626847475767,-0.0020031905733048916,10,10,10,9,1,1,1,1
scan1,subset_middle,2,1,11,0.0035927915014326572,8.890085220336914,2.289564609527588,0.9984044432640076,652.7501831054688,0.0,4.73520040512085,0.05851898714900017,0.11420486122369766,0.0023837178014218807,0.005082026124000549,-0.001489234622567892,9,9,9,9,1,1,1,1
scan1,subset_middle,3,2,11,0.002976314164698124,3.001168966293335,1.9298007488250732,1.0,652.1499633789062,0.0,0.0,0.05941152200102806,0.11597183346748352,0.0023390771821141243,0.003950988873839378,-0.0009746747091412544,10,10,10,10,1,1,1,1
scan1,subset_middle,4,3,11,0.0031197043135762215,3.551323652267456,2.0394210815429688,0.9999839067459106,655.3724365234375,0.0,0.34998589754104614,0.059152547270059586,0.11553508043289185,0.00228559086099267,0.003305153688415885,-0.0001854493748396635,11,11,11,11,1,1,1,1
scan1,subset_middle,5,4,11,0.0035485222470015287,4.506749629974365,2.3279030323028564,0.9998473525047302,647.4779663085938,0.0,0.0,0.060164280235767365,0.11769009381532669,0.0026918542571365833,0.0032369771506637335,0.00031154509633779526,12,12,12,11,0,0,0,1
scan1,subset_middle,0,24,12,0.0034969723783433437,6.099589824676514,2.2399275302886963,0.9996115565299988,645.3618774414062,0.0,0.0,0.056891243904829025,0.1089186742901802,0.004616712220013142,0.004100610502064228,-0.0006036381237208843,8,8,8,8,1,1,1,1
scan1,subset_middle,1,0,12,0.004210681188851595,16.578630447387695,2.9158334732055664,0.9972615838050842,644.5714111328125,0.0,0.0,0.06039927154779434,0.11535055190324783,0.0021678507328033447,0.006002626847475767,-0.0017919456586241722,10,10,10,9,1,1,1,1
scan1,subset_middle,2,1,12,0.0038376711308956146,8.893903732299805,2.446545362472534,0.9984356164932251,652.7467041015625,0.0,0.4068635404109955,0.06017051637172699,0.11503248661756516,0.0020643703173846006,0.005082026124000549,-0.0012443549931049347,9,9,9,9,1,1,1,1
scan1,subset_middle,3,2,12,0.003119590925052762,3.0352680683135986,2.0199081897735596,1.0,652.1463012695312,0.0,1.7196496725082397,0.06074988842010498,0.11639156937599182,0.0022504611406475306,0.003950988873839378,-0.0008313979487866163,10,10,10,10,1,1,1,1
scan1,subset_middle,4,3,12,0.002958528930321336,3.4745571613311768,1.932804822921753,0.9999839067459106,655.3695068359375,0.0,0.0,0.06046581640839577,0.11591391265392303,0.002218556823208928,0.003305153688415885,-0.0003466247580945492,11,11,11,11,1,1,1,1
scan1,subset_middle,5,4,12,0.003074467182159424,4.14940881729126,1.994062900543213,0.9998473525047302,647.4751586914062,0.0,0.0,0.06136605143547058,0.11762280017137527,0.002429027110338211,0.0032369771506637335,-0.00016250996850430965,12,12,12,11,1,1,1,1
scan1,subset_middle,0,24,13,0.0036439455579966307,6.166955471038818,2.331371784210205,0.9996115565299988,645.3569946289062,0.0,0.0,0.05688662454485893,0.11065708845853806,0.0045506590977311134,0.004100610502064228,-0.0004566649440675974,8,8,8,8,1,1,1,1
scan1,subset_middle,1,0,13,0.004642647225409746,16.57695198059082,3.1902670860290527,0.9972615838050842,644.5671997070312,0.0,2.9294419288635254,0.06021865829825401,0.11703752726316452,0.0024531001690775156,0.006002626847475767,-0.001359979622066021,10,10,10,9,1,1,1,1
scan1,subset_middle,2,1,13,0.004162961151450872,8.90673828125,2.6523683071136475,0.9984589219093323,652.7422485351562,0.0,2.274946451187134,0.05996858701109886,0.11655901372432709,0.0025343261659145355,0.005082026124000549,-0.0009190649725496769,9,9,9,9,1,1,1,1
scan1,subset_middle,3,2,13,0.0033274509478360415,3.1135356426239014,2.1494038105010986,1.0,652.1417236328125,0.0,0.0,0.060510169714689255,0.11765588074922562,0.002916084136813879,0.003950988873839378,-0.0006235379260033369,10,10,10,10,1,1,1,1
scan1,subset_middle,4,3,13,0.002965492196381092,3.4795567989349365,1.934248447418213,0.9999678134918213,655.365478515625,0.0,0.0,0.06015532463788986,0.11707545816898346,0.003036635462194681,0.003305153688415885,-0.0003396614920347929,11,11,11,11,1,1,1,1
scan1,subset_middle,5,4,13,0.0029758650343865156,4.091701030731201,1.9151548147201538,0.999857485294342,647.4713745117188,0.0,1.8990886211395264,0.060920558869838715,0.11855922639369965,0.003252490423619747,0.0032369771506637335,-0.00026111211627721786,12,12,12,11,1,1,1,1
scan1,subset_middle,0,24,14,0.0038232558872550726,6.271420001983643,2.4449856281280518,0.9996033310890198,645.3521118164062,0.0,0.0,0.05957098677754402,0.11329305171966553,0.004750536289066076,0.004100610502064228,-0.00027735461480915546,8,8,8,8,1,1,1,1
scan1,subset_middle,1,0,14,0.005147624295204878,16.614774703979492,3.5113205909729004,0.9972615838050842,644.5628662109375,0.0,0.0,0.06268005073070526,0.11935318261384964,0.0034011532552540302,0.006002626847475767,-0.0008550025522708893,10,10,10,9,1,1,1,1
scan1,subset_middle,2,1,14,0.004542697686702013,8.971105575561523,2.8940134048461914,0.9984900951385498,652.7377319335938,0.0,0.0,0.062462981790304184,0.11889338493347168,0.003561419202014804,0.005082026124000549,-0.0005393284372985363,9,9,9,9,1,1,1,1
scan1,subset_middle,3,2,14,0.003614779096096754,3.263542652130127,2.3325164318084717,1.0,652.1371459960938,0.0,0.0,0.06273478269577026,0.1196942999958992,0.0034886663779616356,0.003950988873839378,-0.0003362097777426243,10,10,10,10,1,1,1,1
scan1,subset_middle,4,3,14,0.003101024543866515,3.5409657955169678,2.0213587284088135,0.9999597668647766,655.3615112304688,0.0,0.0,0.0627497136592865,0.11936450749635696,0.0038372946437448263,0.003305153688415885,-0.0002041291445493698,11,11,11,11,1,1,1,1
scan1,subset_middle,5,4,14,0.0030462301801890135,4.260067462921143,1.9522322416305542,0.999857485294342,647.4678344726562,0.0,2.965175151824951,0.06325611472129822,0.1205473318696022,0.0037442585453391075,0.0032369771506637335,-0.00019074697047472,12,12,12,11,1,1,1,1
scan1,subset_middle,0,24,15,0.003995990846306086,6.37905740737915,2.558680534362793,0.9996033310890198,645.3468017578125,0.0,0.0,0.06276401877403259,0.11893875896930695,0.004704525228589773,0.004100610502064228,-0.00010461965575814247,8,8,8,8,1,1,1,1
scan1,subset_middle,1,0,15,0.00565287284553051,16.654830932617188,3.8420822620391846,0.9972519874572754,644.558349609375,0.0,0.0,0.0654158741235733,0.12434176355600357,0.0032624334562569857,0.006002626847475767,-0.0003497540019452572,10,10,10,9,1,1,1,1
scan1,subset_middle,2,1,15,0.004854938481003046,9.037508964538574,3.0918524265289307,0.9985367655754089,652.73291015625,0.0,3.185305595397949,0.06540991365909576,0.12412498146295547,0.003381941467523575,0.005082026124000549,-0.00022708764299750328,9,9,9,9,1,1,1,1
scan1,subset_middle,3,2,15,0.003861411940306425,3.402623176574707,2.488576889038086,1.0,652.13232421875,0.0,3.4857120513916016,0.06578046828508377,0.12475879490375519,0.0030103696044534445,0.003950988873839378,-8.957693353295326e-05,10,10,10,10,1,1,1,1
scan1,subset_middle,4,3,15,0.003210446098819375,3.5785748958587646,2.09077525138855,0.9999678134918213,655.3572387695312,0.0,0.0,0.06562002748250961,0.1246047094464302,0.0032232701778411865,0.003305153688415885,-9.470758959650993e-05,11,11,11,11,1,1,1,1
scan1,subset_middle,5,4,15,0.003121875459328294,4.441524982452393,1.992932677268982,0.999857485294342,647.4644165039062,0.0,3.7359111309051514,0.06597715616226196,0.1253889501094818,0.0030942626763135195,0.0032369771506637335,-0.00011510169133543968,12,12,12,11,1,1,1,1
scan1,subset_middle,0,24,16,0.004100610502064228,6.454098224639893,2.627500534057617,0.9996033310890198,645.341796875,0.0,0.0,0.06543932855129242,0.12434310466051102,0.004758279304951429,0.004100610502064228,0.0,8,8,8,8,1,1,1,1
scan1,subset_middle,1,0,16,0.006002626847475767,16.695423126220703,4.082154273986816,0.9972711801528931,644.553955078125,0.0,3.7358591556549072,0.06714875251054764,0.1284172385931015,0.003382486989721656,0.006002626847475767,0.0,10,10,10,9,1,1,1,1
scan1,subset_middle,2,1,16,0.005082026124000549,9.103490829467773,3.243248224258423,0.9985523223876953,652.7280883789062,0.0,0.0,0.06727483123540878,0.12852506339550018,0.003411144483834505,0.005082026124000549,0.0,9,9,9,9,1,1,1,1
scan1,subset_middle,3,2,16,0.003950988873839378,3.4602019786834717,2.5444936752319336,1.0,652.12744140625,0.0,2.8612232208251953,0.06725813448429108,0.12890322506427765,0.0028488808311522007,0.003950988873839378,0.0,10,10,10,10,1,1,1,1
scan1,subset_middle,4,3,16,0.003305153688415885,3.6133203506469727,2.1462087631225586,0.9999597668647766,655.3528442382812,0.0,0.0,0.06726744025945663,0.12872536480426788,0.003132724203169346,0.003305153688415885,0.0,11,11,11,11,1,1,1,1
scan1,subset_middle,5,4,16,0.0032369771506637335,4.738245487213135,2.0633926391601562,0.999796450138092,647.46044921875,0.0,0.8917517066001892,0.06740348786115646,0.12915320694446564,0.0028357147239148617,0.0032369771506637335,0.0,12,12,12,11,1,1,1,1
scan1,subset_uniform,0,0,8,0.009752378799021244,18.254446029663086,6.746885299682617,0.9972328543663025,644.6051635742188,0.0,0.0,0.0609821081161499,0.1252468228340149,0.0,0.003913204185664654,0.00583917461335659,13,13,13,12,0,0,0,0
scan1,subset_uniform,1,8,8,0.00643025292083621,5.209193229675293,4.086225986480713,0.9999775886535645,651.0496826171875,0.0,0.0,0.06732139736413956,0.13911472260951996,0.0,0.002798883244395256,0.003631369676440954,13,13,12,12,0,0,0,0
scan1,subset_uniform,2,16,8,0.004358433187007904,4.377997875213623,2.9205965995788574,1.0,652.5935668945312,0.0,3.666288375854492,0.06914371252059937,0.14096815884113312,0.0,0.0026719924062490463,0.0016864407807588577,13,13,12,11,0,0,0,0
scan1,subset_uniform,3,24,8,0.003684020135551691,6.678746700286865,2.4179301261901855,0.9996611475944519,645.38134765625,0.0,0.0,0.06679563224315643,0.1371760219335556,0.0,0.0035596389789134264,0.00012438115663826466,9,9,8,8,0,0,1,1
scan1,subset_uniform,4,32,8,0.00350568606518209,4.725595951080322,2.247241735458374,1.0,642.3599853515625,0.0,0.0,0.06769122928380966,0.13923288881778717,0.0,0.0036821523681282997,-0.0001764663029462099,8,8,8,8,1,1,1,1
scan1,subset_uniform,5,40,8,0.005434703081846237,5.027673721313477,3.424584150314331,1.0,653.5223388671875,0.0,0.0,0.07449426501989365,0.15217225253582,0.0,0.0026711286045610905,0.0027635744772851467,15,15,14,13,0,0,0,0
scan1,subset_uniform,0,0,9,0.007736586965620518,17.558725357055664,5.356143474578857,0.9972137212753296,644.60205078125,0.0,0.0,0.05681336671113968,0.11313146352767944,0.003440144704654813,0.003913204185664654,0.003823382779955864,13,13,13,12,0,0,0,0
scan1,subset_uniform,1,8,9,0.005055779125541449,4.354702472686768,3.218773603439331,0.9999775886535645,651.0474243164062,0.0,0.0,0.06207936629652977,0.12379921972751617,0.004280592314898968,0.002798883244395256,0.0022568958811461926,13,13,12,12,0,0,0,0
scan1,subset_uniform,2,16,9,0.0036981224548071623,3.6311802864074707,2.4488747119903564,1.0,652.5908813476562,0.0,0.0,0.06378079205751419,0.1268501877784729,0.00469875568524003,0.0026719924062490463,0.001026130048558116,13,13,12,11,0,0,0,0
scan1,subset_uniform,3,24,9,0.003247557207942009,6.317085266113281,2.114062547683716,0.9996611475944519,645.3779907226562,0.0,0.0,0.06234746798872948,0.12380602955818176,0.006856490392237902,0.0035596389789134264,-0.0003120817709714174,9,9,8,8,1,1,1,1
scan1,subset_uniform,4,32,9,0.003109151031821966,4.341774940490723,1.9813542366027832,1.0,642.356201171875,0.0,1.4459096193313599,0.06309562176465988,0.12568269670009613,0.007656135130673647,0.0036821523681282997,-0.0005730013363063335,8,8,8,8,1,1,1,1
scan1,subset_uniform,5,40,9,0.004303888417780399,4.041283130645752,2.7088098526000977,1.0,653.5184936523438,0.0,2.0495636463165283,0.0680820569396019,0.13581646978855133,0.007683603558689356,0.0026711286045610905,0.0016327598132193089,15,15,14,13,0,0,0,0
scan1,subset_uniform,0,0,10,0.006036317441612482,17.11614990234375,4.207614898681641,0.9972137212753296,644.5992431640625,0.0,0.0,0.05546186864376068,0.1084858700633049,0.003008296014741063,0.003913204185664654,0.0021231132559478283,13,13,13,12,0,0,0,0
scan1,subset_uniform,1,8,10,0.003958648536354303,3.700409173965454,2.5320448875427246,0.9999775886535645,651.0447387695312,0.0,0.0,0.059858422726392746,0.11747491359710693,0.003378455527126789,0.002798883244395256,0.0011597652919590473,13,13,12,12,0,0,0,0
scan1,subset_uniform,2,16,10,0.0031418371945619583,3.0863561630249023,2.059617519378662,1.0,652.58837890625,0.0,3.6974525451660156,0.06110309436917305,0.12013817578554153,0.0036505169700831175,0.0026719924062490463,0.000469844788312912,13,13,12,11,0,0,0,0
scan1,subset_uniform,3,24,10,0.0030032587237656116,6.101064682006836,1.9387770891189575,0.9996446371078491,645.3750610351562,0.0,0.0,0.060143906623125076,0.1181061863899231,0.00625897292047739,0.0035596389789134264,-0.0005563802551478148,9,9,8,8,1,1,1,1
scan1,subset_uniform,4,32,10,0.0029067073483020067,4.118050575256348,1.8429008722305298,1.0,642.3529663085938,0.0,2.0492773056030273,0.06079953908920288,0.11969920247793198,0.006979524623602629,0.0036821523681282997,-0.000775445019826293,8,8,8,8,1,1,1,1
scan1,subset_uniform,5,40,10,0.0035722532775253057,3.3362066745758057,2.2311079502105713,1.0,653.5172729492188,0.0,3.0071959495544434,0.06428834050893784,0.12708014249801636,0.00696965865790844,0.0026711286045610905,0.0009011246729642153,15,15,14,13,0,0,0,0
scan1,subset_uniform,0,0,11,0.004824619274586439,16.83633041381836,3.3927090167999268,0.9972233176231384,644.595703125,0.0,0.0,0.05523137003183365,0.1073552817106247,0.002989792497828603,0.003913204185664654,0.0009114150889217854,13,13,13,12,0,0,0,0
scan1,subset_uniform,1,8,11,0.0031917220912873745,3.2641053199768066,2.0542099475860596,0.9999701380729675,651.0414428710938,0.0,0.0,0.05878720432519913,0.11467691510915756,0.003191838739439845,0.002798883244395256,0.00039283884689211845,13,13,12,12,0,0,0,0
scan1,subset_uniform,2,16,11,0.002873355522751808,2.8429229259490967,1.8812801837921143,1.0,652.5848999023438,0.0,0.0,0.05993074178695679,0.11694741249084473,0.003403180744498968,0.0026719924062490463,0.00020136311650276184,13,13,12,11,0,0,0,1
scan1,subset_uniform,3,24,11,0.002939424244686961,6.012634754180908,1.8875460624694824,0.9996611475944519,645.3715209960938,0.0,3.5388376712799072,0.05924111232161522,0.11544814705848694,0.005225107539445162,0.0035596389789134264,-0.0006202147342264652,9,9,8,8,1,1,1,1
scan1,subset_uniform,4,32,11,0.0028662369586527348,4.049057483673096,1.8124468326568604,1.0,642.3491821289062,0.0,0.0,0.05995723605155945,0.11691199243068695,0.005379555281251669,0.0036821523681282997,-0.000815915409475565,8,8,8,8,1,1,1,1
scan1,subset_uniform,5,40,11,0.0031783294398337603,2.9689157009124756,1.9755843877792358,1.0,653.5107421875,0.0,0.0,0.06238505616784096,0.12236678600311279,0.007469210773706436,0.0026711286045610905,0.0005072008352726698,15,15,14,13,0,0,0,0
scan1,subset_uniform,0,0,12,0.004125028848648071,16.687217712402344,2.9213716983795166,0.9972233176231384,644.5923461914062,0.0,0.0,0.05683335289359093,0.1088850274682045,0.002456163987517357,0.003913204185664654,0.0002118246629834175,13,13,13,12,0,0,0,1
scan1,subset_uniform,1,8,12,0.002861228073015809,3.0899791717529297,1.8485976457595825,0.9999626874923706,651.0377807617188,0.0,1.5448436737060547,0.05976449325680733,0.11490242183208466,0.003200459759682417,0.002798883244395256,6.234482862055302e-05,13,13,12,12,0,0,1,1
scan1,subset_uniform,2,16,12,0.0027481396682560444,2.7406728267669678,1.7962210178375244,1.0,652.581298828125,0.0,1.4093104600906372,0.06087068095803261,0.11704430729150772,0.004045227076858282,0.0026719924062490463,7.614726200699806e-05,13,13,12,11,0,0,1,1
scan1,subset_uniform,3,24,12,0.002964656101539731,5.998316764831543,1.8989545106887817,0.9996363520622253,645.36767578125,0.0,2.6523990631103516,0.060450758785009384,0.11608681082725525,0.005043123383074999,0.0035596389789134264,-0.0005949828773736954,9,9,8,8,1,1,1,1
scan1,subset_uniform,4,32,12,0.0029483316466212273,4.048820495605469,1.862963080406189,1.0,642.3453369140625,0.0,0.0,0.061069246381521225,0.11744081228971481,0.004824027419090271,0.0036821523681282997,-0.0007338207215070724,8,8,8,8,1,1,1,1
scan1,subset_uniform,5,40,12,0.002992873778566718,2.77679181098938,1.8557820320129395,1.0,653.5070190429688,0.0,1.9397711753845215,0.06271424889564514,0.1212998628616333,0.006960628554224968,0.0026711286045610905,0.00032174517400562763,15,15,14,13,0,0,0,0
scan1,subset_uniform,0,0,13,0.00381814525462687,16.603591918945312,2.7103006839752197,0.9972233176231384,644.5872802734375,0.0,0.0,0.056485094130039215,0.1101766899228096,0.003081713104620576,0.003913204185664654,-9.505893103778362e-05,13,13,13,12,1,1,1,1
scan1,subset_uniform,1,8,13,0.0027239162009209394,3.0289206504821777,1.7624412775039673,0.9999626874923706,651.0327758789062,0.0,2.572528839111328,0.0590221993625164,0.11530452966690063,0.004110259469598532,0.002798883244395256,-7.49670434743166e-05,13,13,12,12,1,1,1,1
scan1,subset_uniform,2,16,13,0.002662300830706954,2.644639730453491,1.7345949411392212,1.0,652.5764770507812,0.0,0.3146578073501587,0.06007647141814232,0.11738835275173187,0.005515387747436762,0.0026719924062490463,-9.691575542092323e-06,13,13,12,11,1,1,1,1
scan1,subset_uniform,3,24,13,0.0030550812371075153,6.028078079223633,1.9547481536865234,0.9996198415756226,645.3629150390625,0.0,2.3526008129119873,0.06027349829673767,0.11726313084363937,0.005641189869493246,0.0035596389789134264,-0.0005045577418059111,9,9,8,8,1,1,1,1
scan1,subset_uniform,4,32,13,0.00312864501029253,4.132368564605713,1.9785654544830322,1.0,642.3406982421875,0.0,4.089692115783691,0.06115908920764923,0.11872837692499161,0.005219863262027502,0.0036821523681282997,-0.0005535073578357697,8,8,8,8,1,1,1,1
scan1,subset_uniform,5,40,13,0.0028555472381412983,2.657299041748047,1.7700687646865845,1.0,653.5033569335938,0.0,0.0,0.06181449815630913,0.12090836465358734,0.006272403057664633,0.0026711286045610905,0.00018441863358020782,15,15,14,13,0,0,0,1
scan1,subset_uniform,0,0,14,0.003800271777436137,16.556955337524414,2.6916000843048096,0.9972233176231384,644.5823974609375,0.0,0.0,0.05870366841554642,0.11202317476272583,0.0034022682812064886,0.003913204185664654,-0.00011293240822851658,13,13,13,12,1,1,1,1
scan1,subset_uniform,1,8,14,0.00271438411436975,3.053664207458496,1.7620818614959717,0.9999552369117737,651.0278930664062,0.0,0.0,0.06095562130212784,0.1165497675538063,0.004007629584521055,0.002798883244395256,-8.449913002550602e-05,13,13,12,12,1,1,1,1
scan1,subset_uniform,2,16,14,0.002674191491678357,2.619941473007202,1.7369166612625122,1.0,652.5719604492188,0.0,1.727484107017517,0.062167905271053314,0.11872237175703049,0.006249034311622381,0.0026719924062490463,2.1990854293107986e-06,13,13,12,11,1,1,1,1
scan1,subset_uniform,3,24,14,0.003305274061858654,6.1048994064331055,2.115719795227051,0.9996281266212463,645.3584594726562,0.0,3.310915946960449,0.0625486820936203,0.11931544542312622,0.005421797279268503,0.0035596389789134264,-0.0002543649170547724,9,9,8,8,1,1,1,1
scan1,subset_uniform,4,32,14,0.0033761102240532637,4.248631954193115,2.1369411945343018,1.0,642.33642578125,0.0,0.0,0.06356162577867508,0.12115168571472168,0.005206760950386524,0.0036821523681282997,-0.00030604214407503605,8,8,8,8,1,1,1,1
scan1,subset_uniform,5,40,14,0.002747807651758194,2.585226058959961,1.7041795253753662,1.0,653.4986572265625,0.0,0.0,0.06363944709300995,0.12182139605283737,0.005747424438595772,0.0026711286045610905,7.66790471971035e-05,15,15,14,13,0,0,1,1
scan1,subset_uniform,0,0,15,0.0038654429372400045,16.539710998535156,2.732095956802368,0.9972328543663025,644.5775756835938,0.0,0.0,0.06162097305059433,0.11697980016469955,0.0031278561800718307,0.003913204185664654,-4.776124842464924e-05,13,13,13,12,1,1,1,1
scan1,subset_uniform,1,8,15,0.0027534596156328917,3.125964403152466,1.7894400358200073,0.9999402761459351,651.0230712890625,0.0,0.0,0.06389861553907394,0.12124045938253403,0.00349375419318676,0.002798883244395256,-4.542362876236439e-05,13,13,12,12,1,1,1,1
scan1,subset_uniform,2,16,15,0.002677249489352107,2.6098508834838867,1.737163782119751,1.0,652.5670776367188,0.0,0.9893271923065186,0.06472259014844894,0.12319446355104446,0.006224114913493395,0.0026719924062490463,5.257083103060722e-06,13,13,12,11,1,1,1,1
scan1,subset_uniform,3,24,15,0.003478330560028553,6.191186904907227,2.22647762298584,0.9996115565299988,645.35400390625,0.0,3.636042594909668,0.06525318324565887,0.12406767904758453,0.00509647699072957,0.0035596389789134264,-8.130841888487339e-05,9,9,8,8,1,1,1,1
scan1,subset_uniform,4,32,15,0.003557096002623439,4.3521409034729,2.252652168273926,1.0,642.33203125,0.0,2.766261577606201,0.06613801419734955,0.12588079273700714,0.004720010794699192,0.0036821523681282997,-0.00012505636550486088,8,8,8,8,1,1,1,1
scan1,subset_uniform,5,40,15,0.0026940188836306334,2.5547032356262207,1.672402024269104,1.0,653.4935302734375,0.0,0.0,0.06584466993808746,0.1256960928440094,0.004770228639245033,0.0026711286045610905,2.2890279069542885e-05,15,15,14,13,1,1,1,1
scan1,subset_uniform,0,0,16,0.003913204185664654,16.524089813232422,2.7596516609191895,0.9972424507141113,644.5723266601562,0.0,0.0,0.06408696621656418,0.12194444239139557,0.0031596531625837088,0.003913204185664654,0.0,13,13,13,12,1,1,1,1
scan1,subset_uniform,1,8,16,0.002798883244395256,3.2354423999786377,1.8210254907608032,0.9999253749847412,651.0176391601562,0.0,0.0,0.0655367448925972,0.12546499073505402,0.003481319872662425,0.002798883244395256,0.0,13,13,12,12,1,1,1,1
scan1,subset_uniform,2,16,16,0.0026719924062490463,2.6096160411834717,1.734039545059204,1.0,652.5617065429688,0.0,3.199532985687256,0.06629539281129837,0.12695124745368958,0.005717498250305653,0.0026719924062490463,0.0,13,13,12,11,1,1,1,1
scan1,subset_uniform,3,24,16,0.0035596389789134264,6.288510322570801,2.27780818939209,0.9996033310890198,645.3490600585938,0.0,3.7374308109283447,0.06698321551084518,0.12808501720428467,0.005292244255542755,0.0035596389789134264,0.0,9,9,8,8,1,1,1,1
scan1,subset_uniform,4,32,16,0.0036821523681282997,4.442047119140625,2.3303041458129883,1.0,642.3272094726562,0.0,0.9640834331512451,0.06759048253297806,0.1294865757226944,0.004506717901676893,0.0036821523681282997,0.0,8,8,8,8,1,1,1,1
scan1,subset_uniform,5,40,16,0.0026711286045610905,2.5461814403533936,1.6589343547821045,1.0,653.4879760742188,0.0,0.0,0.06680844724178314,0.12851999700069427,0.00430275360122323,0.0026711286045610905,0.0,15,15,14,13,1,1,1,1
scan4,subset_middle,0,24,8,0.016729071736335754,21.366863250732422,12.088531494140625,0.9979552626609802,689.1801147460938,0.0,0.0,0.06902959942817688,0.1415734440088272,0.0,0.006279202178120613,0.010449869558215141,12,12,11,11,0,0,0,0
scan4,subset_middle,1,0,8,0.026575421914458275,32.923011779785156,17.19680404663086,0.9863840341567993,699.83837890625,0.0,3.2359769344329834,0.0701032355427742,0.14329145848751068,0.0,0.010012357495725155,0.01656306441873312,13,13,13,12,0,0,0,0
scan4,subset_middle,2,1,8,0.02405153587460518,30.341041564941406,16.247722625732422,0.9883023500442505,700.707763671875,0.0,1.4717987775802612,0.0688553974032402,0.14142777025699615,0.0,0.008321625180542469,0.01572991069406271,13,13,13,12,0,0,0,0
scan4,subset_middle,3,2,8,0.020896678790450096,26.311548233032227,14.123971939086914,0.9909543991088867,696.35302734375,0.0,4.315611839294434,0.07033833861351013,0.1440851092338562,0.0,0.0073970830999314785,0.013499595690518618,13,13,13,12,0,0,0,0
scan4,subset_middle,4,3,8,0.02031058259308338,26.923099517822266,13.780656814575195,0.9911240339279175,698.3040771484375,0.0,0.0,0.07086962461471558,0.14532117545604706,0.0,0.0073531209491193295,0.012957461643964052,13,13,13,12,0,0,0,0
scan4,subset_middle,5,4,8,0.022542649880051613,26.904739379882812,15.30441665649414,0.9929062128067017,689.3626098632812,0.0,0.0,0.07456327229738235,0.15206347405910492,0.0,0.006704268045723438,0.015838381834328175,15,15,14,13,0,0,0,0
scan4,subset_middle,0,24,9,0.012285849079489708,16.7222900390625,8.782364845275879,0.9985380172729492,689.1768188476562,0.0,0.0,0.06362871825695038,0.12716127932071686,0.010715964250266552,0.006279202178120613,0.006006646901369095,12,12,11,11,0,0,0,0
scan4,subset_middle,1,0,9,0.021262485533952713,30.18587875366211,13.748116493225098,0.9865249991416931,699.8394775390625,0.0,0.0,0.0654572919011116,0.12938377261161804,0.007934068329632282,0.010012357495725155,0.011250128038227558,13,13,13,12,0,0,0,0
scan4,subset_middle,2,1,9,0.01883757673203945,27.527320861816406,12.670428276062012,0.988426148891449,700.7072143554688,0.0,4.481438636779785,0.06443487852811813,0.1276189684867859,0.005404993891716003,0.008321625180542469,0.010515951551496983,13,13,13,12,0,0,0,0
scan4,subset_middle,3,2,9,0.016435785219073296,23.5296688079834,11.0935640335083,0.9910808801651001,696.3525390625,0.0,4.467737197875977,0.06500991433858871,0.12916137278079987,0.004354023840278387,0.0073970830999314785,0.009038702119141817,13,13,13,12,0,0,0,0
scan4,subset_middle,4,3,9,0.016350727528333664,24.48008155822754,11.134130477905273,0.9911378622055054,698.3047485351562,0.0,1.9815943241119385,0.06556331366300583,0.13052159547805786,0.004335357807576656,0.0073531209491193295,0.008997606579214334,13,13,13,12,0,0,0,0
scan4,subset_middle,5,4,9,0.01774180307984352,23.946788787841797,12.094447135925293,0.9931873679161072,689.3635864257812,0.0,4.2222490310668945,0.06898313015699387,0.13656458258628845,0.004968028049916029,0.006704268045723438,0.011037535034120083,15,15,14,13,0,0,0,0
scan4,subset_middle,0,24,10,0.008768771775066853,13.610489845275879,6.186814785003662,0.999071478843689,689.17626953125,0.0,0.0,0.06025790423154831,0.1197008341550827,0.009363850578665733,0.006279202178120613,0.0024895695969462395,12,12,11,11,0,0,0,0
scan4,subset_middle,1,0,10,0.016458040103316307,28.124481201171875,10.658514022827148,0.9866346120834351,699.8422241210938,0.0,1.958946704864502,0.06263300031423569,0.12299235910177231,0.006791916210204363,0.010012357495725155,0.006445682607591152,13,13,13,12,0,0,0,0
scan4,subset_middle,2,1,10,0.014242094941437244,25.375673294067383,9.52152156829834,0.9886462092399597,700.7096557617188,0.0,5.074160575866699,0.0620727464556694,0.12171175330877304,0.004833373706787825,0.008321625180542469,0.005920469760894775,13,13,13,12,0,0,0,0
scan4,subset_middle,3,2,10,0.012403749860823154,21.461538314819336,8.343128204345703,0.9913198947906494,696.3548583984375,0.0,4.728327751159668,0.06242423877120018,0.12238448113203049,0.004101685248315334,0.0073970830999314785,0.005006666760891676,13,13,13,12,0,0,0,0
scan4,subset_middle,4,3,10,0.012402924709022045,22.463886260986328,8.450529098510742,0.9912418723106384,698.3084716796875,0.0,3.714834451675415,0.06286638230085373,0.12335310131311417,0.004075995180755854,0.0073531209491193295,0.005049803759902716,13,13,13,12,0,0,0,0
scan4,subset_middle,5,4,10,0.013262384571135044,21.553619384765625,9.049330711364746,0.9932918548583984,689.3670043945312,0.0,1.8866817951202393,0.06533722579479218,0.12850649654865265,0.004370087757706642,0.006704268045723438,0.006558116525411606,15,15,14,13,0,0,0,0
scan4,subset_middle,0,24,11,0.006562517490237951,11.969585418701172,4.529019832611084,0.9993579387664795,689.1775512695312,0.0,0.0,0.05842139571905136,0.11511677503585815,0.008140074089169502,0.006279202178120613,0.0002833153121173382,12,12,11,11,0,0,1,1
scan4,subset_middle,1,0,11,0.012935233302414417,26.92838478088379,8.400609970092773,0.9866893887519836,699.8464965820312,0.0,1.2400157451629639,0.06094308942556381,0.11926039308309555,0.004951203241944313,0.010012357495725155,0.0029228758066892624,13,13,13,12,0,0,0,0
scan4,subset_middle,2,1,11,0.010945121757686138,24.127546310424805,7.268550395965576,0.9887356162071228,700.7137451171875,0.0,0.0,0.06059890240430832,0.11860861629247665,0.003742422442883253,0.008321625180542469,0.002623496577143669,13,13,13,12,0,0,0,0
scan4,subset_middle,3,2,11,0.009572461247444153,20.265308380126953,6.4194207191467285,0.9914112091064453,696.358642578125,0.0,1.7451794147491455,0.060638103634119034,0.1189405545592308,0.003123256377875805,0.0073970830999314785,0.0021753781475126743,13,13,13,12,0,0,0,0
scan4,subset_middle,4,3,11,0.009463579393923283,21.20343017578125,6.452329158782959,0.9913250803947449,698.3134155273438,0.0,0.0,0.061228469014167786,0.11977540701627731,0.0031970932614058256,0.0073531209491193295,0.002110458444803953,13,13,13,12,0,0,0,0
scan4,subset_middle,5,4,11,0.010027091950178146,20.10972023010254,6.85829496383667,0.9933239817619324,689.3722534179688,0.0,1.715661883354187,0.06291094422340393,0.1234637051820755,0.003518276149407029,0.006704268045723438,0.003322823904454708,15,15,14,13,0,0,0,0
scan4,subset_middle,0,24,12,0.005660756025463343,11.334656715393066,3.820770263671875,0.9994171857833862,689.1796875,0.0,0.0,0.05956616625189781,0.11456801742315292,0.007355720270425081,0.006279202178120613,-0.0006184461526572704,12,12,11,11,1,1,1,1
scan4,subset_middle,1,0,12,0.010839753784239292,26.286441802978516,7.07160758972168,0.9867833852767944,699.8511962890625,0.0,0.0,0.06225941702723503,0.11919006705284119,0.003526221262291074,0.010012357495725155,0.0008273962885141373,13,13,13,12,0,0,0,1
scan4,subset_middle,2,1,12,0.009011084213852882,23.4509220123291,5.965149402618408,0.9889006614685059,700.7185668945312,0.0,4.53924036026001,0.06220444291830063,0.11894159018993378,0.002741385716944933,0.008321625180542469,0.0006894590333104134,13,13,13,12,0,0,0,1
scan4,subset_middle,3,2,12,0.007890617474913597,19.587894439697266,5.270664691925049,0.9915096163749695,696.3633422851562,0.0,3.9952752590179443,0.062193576246500015,0.11902259290218353,0.00224756496027112,0.0073970830999314785,0.0004935343749821186,13,13,13,12,0,0,0,1
scan4,subset_middle,4,3,12,0.007825121283531189,20.584373474121094,5.339136123657227,0.9913736581802368,698.3189697265625,0.0,0.0,0.06250675767660141,0.11979320645332336,0.0022806779015809298,0.0073531209491193295,0.0004720003344118595,13,13,13,12,0,0,0,1
scan4,subset_middle,5,4,12,0.008164900355041027,19.340145111083984,5.590178966522217,0.9933801889419556,689.3773803710938,0.0,0.0,0.06367755681276321,0.12239741533994675,0.0022283103317022324,0.006704268045723438,0.0014606323093175888,15,15,14,13,0,0,0,0
scan4,subset_middle,0,24,13,0.005693166051059961,11.155088424682617,3.8160183429718018,0.9995061159133911,689.1790161132812,0.0,0.0,0.05831458047032356,0.11457020789384842,0.005427581258118153,0.006279202178120613,-0.0005860361270606518,12,12,11,11,1,1,1,1
scan4,subset_middle,1,0,13,0.010063082911074162,25.942502975463867,6.56805419921875,0.986853837966919,699.8524780273438,0.0,0.0,0.06116563826799393,0.11967063695192337,0.002168922685086727,0.010012357495725155,5.072541534900665e-05,13,13,13,12,1,1,1,1
scan4,subset_middle,2,1,13,0.00830003246665001,23.11394691467285,5.483709335327148,0.9889900088310242,700.7199096679688,0.0,1.9429969787597656,0.06099548563361168,0.11947684735059738,0.0022246306762099266,0.008321625180542469,-2.159271389245987e-05,13,13,13,12,1,1,1,1
scan4,subset_middle,3,2,13,0.007249865680932999,19.260940551757812,4.82145357131958,0.9916150569915771,696.3648681640625,0.0,0.0,0.0609796978533268,0.11952932178974152,0.0025245435535907745,0.0073970830999314785,-0.00014721741899847984,13,13,13,12,1,1,1,1
scan4,subset_middle,4,3,13,0.007309392094612122,20.27208137512207,4.981128215789795,0.99141526222229,698.3214111328125,0.0,0.0,0.06125425174832344,0.12002859264612198,0.002028640126809478,0.0073531209491193295,-4.372885450720787e-05,13,13,13,12,1,1,1,1
scan4,subset_middle,5,4,13,0.007203481625765562,18.880327224731445,4.916658401489258,0.9933882355690002,689.3795776367188,0.0,2.5071775913238525,0.06199311465024948,0.12183479219675064,0.001977098872885108,0.006704268045723438,0.0004992135800421238,15,15,14,13,0,0,0,1
scan4,subset_middle,0,24,14,0.006028252653777599,11.12022590637207,4.044944763183594,0.9995949864387512,689.177001953125,0.0,0.0,0.05999317765235901,0.11509159952402115,0.004443829879164696,0.006279202178120613,-0.00025094952434301376,12,12,11,11,1,1,1,1
scan4,subset_middle,1,0,14,0.00996373314410448,25.735248565673828,6.488163471221924,0.9869086742401123,699.8518676757812,0.0,3.6562340259552,0.06336142122745514,0.12088065594434738,0.003174436977133155,0.010012357495725155,-4.862435162067413e-05,13,13,13,12,1,1,1,1
scan4,subset_middle,2,1,14,0.0082081975415349,22.950946807861328,5.409558296203613,0.9890794157981873,700.7192993164062,0.0,0.0,0.06305763870477676,0.12045489251613617,0.0027513904497027397,0.008321625180542469,-0.00011342763900756836,13,13,13,12,1,1,1,1
scan4,subset_middle,3,2,14,0.007264502812176943,19.098995208740234,4.817516326904297,0.9916782975196838,696.3643798828125,0.0,0.0,0.06284276396036148,0.12029027193784714,0.0034127505496144295,0.0073970830999314785,-0.00013258028775453568,13,13,13,12,1,1,1,1
scan4,subset_middle,4,3,14,0.007339136209338903,20.089780807495117,4.990409851074219,0.9914637804031372,698.3217163085938,0.0,2.874328851699829,0.06314228475093842,0.12078365683555603,0.003497593803331256,0.0073531209491193295,-1.3984739780426025e-05,13,13,13,12,1,1,1,1
scan4,subset_middle,5,4,14,0.006857297383248806,18.643836975097656,4.657439231872559,0.9934203624725342,689.3800659179688,0.0,2.3650474548339844,0.06361065804958344,0.12190413475036621,0.003418441629037261,0.006704268045723438,0.00015302933752536774,15,15,14,13,0,0,1,1
scan4,subset_middle,0,24,15,0.006226667668670416,11.142488479614258,4.18097448348999,0.9995949864387512,689.1744384765625,0.0,0.0,0.06262475252151489,0.1192367821931839,0.004077173303812742,0.006279202178120613,-5.253450945019722e-05,12,12,11,11,1,1,1,1
scan4,subset_middle,1,0,15,0.010007579810917377,25.645158767700195,6.503782749176025,0.9868303537368774,699.8502807617188,0.0,0.0,0.06578278541564941,0.12535186111927032,0.0032070151064544916,0.010012357495725155,-4.777684807777405e-06,13,13,13,12,1,1,1,1
scan4,subset_middle,2,1,15,0.008295979350805283,22.87816619873047,5.462745189666748,0.9891275763511658,700.7178955078125,0.0,3.8120267391204834,0.06554708629846573,0.12485232204198837,0.0023846032563596964,0.008321625180542469,-2.5645829737186432e-05,13,13,13,12,1,1,1,1
scan4,subset_middle,3,2,15,0.007341785356402397,19.024761199951172,4.863834381103516,0.991762638092041,696.3631591796875,0.0,4.705902576446533,0.0655224546790123,0.12465010583400726,0.003189455484971404,0.0073970830999314785,-5.5297743529081345e-05,13,13,13,12,1,1,1,1
scan4,subset_middle,4,3,15,0.007362303789705038,20.00241470336914,4.995222091674805,0.9914568662643433,698.32080078125,0.0,0.0,0.06548721343278885,0.12485925853252411,0.0031472444534301758,0.0073531209491193295,9.182840585708618e-06,13,13,13,12,1,1,1,1
scan4,subset_middle,5,4,15,0.006735908333212137,18.540393829345703,4.554783821105957,0.993364155292511,689.3798828125,0.0,0.0,0.06596384197473526,0.12576785683631897,0.0032345971558243036,0.006704268045723438,3.164028748869896e-05,15,15,14,13,1,1,1,1
scan4,subset_middle,0,24,16,0.006279202178120613,11.19367504119873,4.217851161956787,0.9996048808097839,689.17138671875,0.0,0.0,0.06456611305475235,0.12343096733093262,0.003711336525157094,0.006279202178120613,0.0,12,12,11,11,1,1,1,1
scan4,subset_middle,1,0,16,0.010012357495725155,25.612319946289062,6.4953131675720215,0.9867755174636841,699.8477172851562,0.0,2.912553548812866,0.06698604673147202,0.12861701846122742,0.0035435606259852648,0.010012357495725155,0.0,13,13,13,12,1,1,1,1
scan4,subset_middle,2,1,16,0.008321625180542469,22.83893394470215,5.474350929260254,0.9891757369041443,700.71533203125,0.0,0.0,0.06688239425420761,0.1282917559146881,0.002546968637034297,0.008321625180542469,0.0,13,13,13,12,1,1,1,1
scan4,subset_middle,3,2,16,0.0073970830999314785,18.99765968322754,4.899187088012695,0.9917345643043518,696.3609008789062,0.0,2.651660919189453,0.06661411374807358,0.12807725369930267,0.0032934914343059063,0.0073970830999314785,0.0,13,13,13,12,1,1,1,1
scan4,subset_middle,4,3,16,0.0073531209491193295,19.99932861328125,4.981811046600342,0.9914360642433167,698.3190307617188,0.0,0.0,0.06666445732116699,0.12804552912712097,0.003073373343795538,0.0073531209491193295,0.0,13,13,13,12,1,1,1,1
scan4,subset_middle,5,4,16,0.006704268045723438,18.50800895690918,4.520960807800293,0.9932838082313538,689.3786010742188,0.0,0.0,0.06676175445318222,0.12860146164894104,0.00347776897251606,0.006704268045723438,0.0,15,15,14,13,1,1,1,1
scan4,subset_uniform,0,0,8,0.025238124653697014,31.998607635498047,16.390029907226562,0.9864701628684998,699.845947265625,0.0,0.0,0.06522958725690842,0.13219203054904938,0.0,0.010559925809502602,0.014678198844194412,16,15,14,14,0,0,0,0
scan4,subset_uniform,1,8,8,0.018957320600748062,26.676471710205078,13.343667984008789,0.9923927187919617,696.45166015625,0.0,2.6084952354431152,0.06886592507362366,0.14090347290039062,0.0,0.007013742811977863,0.011943577788770199,16,15,14,14,0,0,0,0
scan4,subset_uniform,2,16,8,0.01670258678495884,21.439237594604492,11.917881965637207,0.9966631531715393,694.0033569335938,0.0,1.9220337867736816,0.07184115797281265,0.14511758089065552,0.0,0.005663504358381033,0.011039082426577806,15,15,14,14,0,0,0,0
scan4,subset_uniform,3,24,8,0.01546423975378275,20.854801177978516,11.26209545135498,0.9978564381599426,689.1548461914062,0.0,0.0,0.07167760282754898,0.14610323309898376,0.0,0.00583442859351635,0.0096298111602664,15,15,14,13,0,0,0,0
scan4,subset_uniform,4,32,8,0.014883588068187237,19.70297622680664,10.443438529968262,0.999315619468689,683.13818359375,0.0,0.0,0.0730234831571579,0.14945709705352783,0.0,0.007096343208104372,0.007787244860082865,15,14,13,13,0,0,0,0
scan4,subset_uniform,5,40,8,0.01652052439749241,17.763662338256836,10.954859733581543,0.9994493126869202,674.1907958984375,0.0,3.8251540660858154,0.07897360622882843,0.16190212965011597,0.0,0.006051379255950451,0.010469145141541958,15,15,14,13,0,0,0,0
scan4,subset_uniform,0,0,9,0.021320633590221405,30.06275749206543,13.866857528686523,0.9864936470985413,699.845947265625,0.0,0.0,0.06102563068270683,0.12073637545108795,0.005527581553906202,0.010559925809502602,0.010760707780718803,16,15,14,14,0,0,0,0
scan4,subset_uniform,1,8,9,0.015716195106506348,24.456573486328125,11.025827407836914,0.9923415184020996,696.4511108398438,0.0,2.094897508621216,0.06413513422012329,0.12720642983913422,0.004780574701726437,0.007013742811977863,0.008702452294528484,16,15,14,14,0,0,0,0
scan4,subset_uniform,2,16,9,0.013724549673497677,19.2775936126709,9.785731315612793,0.9967038631439209,694.002197265625,0.0,3.069882869720459,0.06654151529073715,0.13141275942325592,0.008211829699575901,0.005663504358381033,0.008061045315116644,15,15,14,14,0,0,0,0
scan4,subset_uniform,3,24,9,0.012625827454030514,17.748931884765625,9.132059097290039,0.998231828212738,689.1524047851562,0.0,0.0,0.06687750667333603,0.13284021615982056,0.022604437544941902,0.00583442859351635,0.006791398860514164,15,15,14,13,0,0,0,0
scan4,subset_uniform,4,32,9,0.01247453223913908,17.12153434753418,8.719659805297852,0.9993516802787781,683.1351928710938,0.0,0.0,0.0678589791059494,0.13537833094596863,0.01459632907062769,0.007096343208104372,0.005378189031034708,15,14,13,13,0,0,0,0
scan4,subset_uniform,5,40,9,0.01278912927955389,14.747021675109863,8.543522834777832,0.9995594620704651,674.1881713867188,0.0,0.0,0.07233759760856628,0.14519092440605164,0.014798611402511597,0.006051379255950451,0.006737750023603439,15,15,14,13,0,0,0,0
scan4,subset_uniform,0,0,10,0.01778697781264782,28.611976623535156,11.58467960357666,0.9864780306816101,699.8468627929688,0.0,0.0,0.0588090643286705,0.11524934321641922,0.004621556494385004,0.010559925809502602,0.007227052003145218,16,15,14,14,0,0,0,0
scan4,subset_uniform,1,8,10,0.01283733919262886,22.49266815185547,8.933302879333496,0.9923195242881775,696.4515991210938,0.0,1.9170382022857666,0.06158914417028427,0.1209520772099495,0.004816875793039799,0.007013742811977863,0.005823596380650997,16,15,14,14,0,0,0,0
scan4,subset_uniform,2,16,10,0.010837404057383537,17.28274917602539,7.686213970184326,0.9968340992927551,694.0023193359375,0.0,3.069882869720459,0.06321480125188828,0.12432505190372467,0.01026149746030569,0.005663504358381033,0.005173899699002504,15,15,14,14,0,0,0,0
scan4,subset_uniform,3,24,10,0.010186433792114258,15.18967056274414,7.28538179397583,0.9986466765403748,689.1514282226562,0.0,0.0,0.06468253582715988,0.12663733959197998,0.016350116580724716,0.00583442859351635,0.004352005198597908,15,15,14,13,0,0,0,0
scan4,subset_uniform,4,32,10,0.010454578325152397,14.929372787475586,7.24354887008667,0.9994117021560669,683.1336059570312,0.0,0.0,0.06519646942615509,0.12818439304828644,0.01207011193037033,0.007096343208104372,0.003358235117048025,15,14,13,13,0,0,0,0
scan4,subset_uniform,5,40,10,0.010089694522321224,12.376421928405762,6.754721641540527,0.9995594620704651,674.185546875,0.0,2.669391632080078,0.06825457513332367,0.13561412692070007,0.012816810049116611,0.006051379255950451,0.004038315266370773,15,15,14,13,0,0,0,0
scan4,subset_uniform,0,0,11,0.01495927944779396,27.61931610107422,9.755280494689941,0.9865093231201172,699.847412109375,0.0,0.0,0.05767824128270149,0.11265601962804794,0.0036115956027060747,0.010559925809502602,0.004399353638291359,16,15,14,14,0,0,0,0
scan4,subset_uniform,1,8,11,0.01054987870156765,21.160287857055664,7.28418493270874,0.9923049211502075,696.4521484375,0.0,4.16348934173584,0.059958912432193756,0.11751649528741837,0.004309861920773983,0.007013742811977863,0.0035361358895897865,16,15,14,14,0,0,0,0
scan4,subset_uniform,2,16,11,0.0086268475279212,15.936219215393066,6.076655864715576,0.9968748092651367,694.0028686523438,0.0,0.0,0.06130971014499664,0.12011879682540894,0.009143460541963577,0.005663504358381033,0.002963343169540167,15,15,14,14,0,0,0,0
scan4,subset_uniform,3,24,11,0.008361535146832466,13.444430351257324,5.897141456604004,0.9989726543426514,689.1510009765625,0.0,0.0,0.06254863739013672,0.12289828062057495,0.01715061068534851,0.00583442859351635,0.0025271065533161163,15,15,14,13,0,0,0,0
scan4,subset_uniform,4,32,11,0.008951889351010323,13.325236320495605,6.128767013549805,0.9994597434997559,683.1327514648438,0.0,4.6474714279174805,0.06306319683790207,0.1240755096077919,0.009697388857603073,0.007096343208104372,0.0018555461429059505,15,14,13,13,0,0,0,0
scan4,subset_uniform,5,40,11,0.008295660838484764,10.748160362243652,5.527260780334473,0.9995594620704651,674.1823120117188,0.0,3.248234987258911,0.06574047356843948,0.12962228059768677,0.011061028577387333,0.006051379255950451,0.002244281582534313,15,15,14,13,0,0,0,0
scan4,subset_uniform,0,0,12,0.012996496632695198,27.00664710998535,8.481657028198242,0.9866111278533936,699.8477172851562,0.0,0.0,0.058986615389585495,0.11319947987794876,0.0027161855250597,0.010559925809502602,0.0024365708231925964,16,15,14,14,0,0,0,0
scan4,subset_uniform,1,8,12,0.008963968604803085,20.34336280822754,6.134122371673584,0.9923122525215149,696.4534912109375,0.0,0.0,0.06116444617509842,0.11745477467775345,0.003490078030154109,0.007013742811977863,0.001950225792825222,16,15,14,14,0,0,0,0
scan4,subset_uniform,2,16,12,0.007073958404362202,15.109472274780273,4.939508438110352,0.9968910813331604,694.0033569335938,0.0,3.275603771209717,0.0622389055788517,0.1196093037724495,0.009117822162806988,0.005663504358381033,0.0014104540459811687,15,15,14,14,0,0,0,0
scan4,subset_uniform,3,24,12,0.00712709641084075,12.424524307250977,4.952000617980957,0.9991998672485352,689.1513061523438,0.0,2.6243553161621094,0.06309081614017487,0.12165629863739014,0.013699389062821865,0.00583442859351635,0.0012926678173244,15,15,14,13,0,0,0,0
scan4,subset_uniform,4,32,12,0.007993398234248161,12.32352066040039,5.411256313323975,0.9994837045669556,683.1326293945312,0.0,4.398191452026367,0.06371362507343292,0.12278106808662415,0.008746814914047718,0.007096343208104372,0.0008970550261437893,15,14,13,13,0,0,0,0
scan4,subset_uniform,5,40,12,0.007192905060946941,9.868083953857422,4.762488842010498,0.9995732307434082,674.1807250976562,0.0,3.5788350105285645,0.0658051073551178,0.1273704469203949,0.00728083960711956,0.006051379255950451,0.0011415258049964905,15,15,14,13,0,0,0,0
scan4,subset_uniform,0,0,13,0.011754118837416172,26.660633087158203,7.678823471069336,0.9867050647735596,699.8453979492188,0.0,0.0,0.058034151792526245,0.11372291296720505,0.0018371118931099772,0.010559925809502602,0.0011941930279135704,16,15,14,14,0,0,0,0
scan4,subset_uniform,1,8,13,0.007925956510007381,19.79865837097168,5.379022121429443,0.9923561215400696,696.4521484375,0.0,0.9033067226409912,0.05981075391173363,0.11748567968606949,0.002783020492643118,0.007013742811977863,0.0009122136980295181,16,15,14,14,0,0,0,0
scan4,subset_uniform,2,16,13,0.006233274471014738,14.67880916595459,4.3106160163879395,0.9968748092651367,694.0018310546875,0.0,0.0,0.06091412529349327,0.1194942519068718,0.006387039553374052,0.005663504358381033,0.0005697701126337051,15,15,14,14,0,0,0,0
scan4,subset_uniform,3,24,13,0.006393267307430506,11.84782600402832,4.386887073516846,0.9993184208869934,689.149658203125,0.0,3.2834835052490234,0.06204043701291084,0.12113451957702637,0.011392948217689991,0.00583442859351635,0.000558838713914156,15,15,14,13,0,0,0,1
scan4,subset_uniform,4,32,13,0.007424985058605671,11.773713111877441,4.985538482666016,0.9995317459106445,683.1306762695312,0.0,4.145906925201416,0.06255508214235306,0.12212969362735748,0.00844591110944748,0.007096343208104372,0.0003286418505012989,15,14,13,13,0,0,1,1
scan4,subset_uniform,5,40,13,0.0065794154070317745,9.422786712646484,4.331320762634277,0.9995869994163513,674.1780395507812,0.0,0.0,0.06405454128980637,0.12592749297618866,0.005042540840804577,0.006051379255950451,0.0005280361510813236,15,15,14,13,0,0,0,1
scan4,subset_uniform,0,0,14,0.011057478375732899,26.46109962463379,7.227194309234619,0.9866737723350525,699.8419189453125,0.0,0.0,0.05969266965985298,0.11447332799434662,0.0021454445086419582,0.010559925809502602,0.0004975525662302971,16,15,14,14,0,0,1,1
scan4,subset_uniform,1,8,14,0.00735998572781682,19.542612075805664,4.964761257171631,0.9923561215400696,696.4498291015625,0.0,2.433330535888672,0.0611480213701725,0.11756759881973267,0.002769066486507654,0.007013742811977863,0.00034624291583895683,16,15,14,14,0,0,1,1
scan4,subset_uniform,2,16,14,0.005832077004015446,14.475549697875977,4.001744270324707,0.9968584775924683,693.9995727539062,0.0,0.0,0.06248992681503296,0.11982881277799606,0.004898692015558481,0.005663504358381033,0.00016857264563441277,15,15,14,14,0,0,1,1
scan4,subset_uniform,3,24,14,0.006058375351130962,11.598827362060547,4.128576755523682,0.9993677735328674,689.1475219726562,0.0,3.797100782394409,0.06310450285673141,0.12135237455368042,0.005838491953909397,0.00583442859351635,0.00022394675761461258,15,15,14,13,0,0,1,1
scan4,subset_uniform,4,32,14,0.007168442476540804,11.502762794494629,4.7851738929748535,0.9995797872543335,683.1282348632812,0.0,3.1702122688293457,0.06377372145652771,0.12245721369981766,0.006627642083913088,0.007096343208104372,7.209926843643188e-05,15,14,13,13,0,1,1,1
scan4,subset_uniform,5,40,14,0.00621146522462368,9.191072463989258,4.071689128875732,0.9996144771575928,674.17431640625,0.0,0.0,0.06496208906173706,0.12513750791549683,0.0031884287018328905,0.006051379255950451,0.00016008596867322922,15,15,14,13,0,0,1,1
scan4,subset_uniform,0,0,15,0.01066682394593954,26.356449127197266,6.9692888259887695,0.9866580963134766,699.8378295898438,0.0,0.0,0.062279246747493744,0.11860661208629608,0.0021230087149888277,0.010559925809502602,0.00010689813643693924,16,15,14,14,0,1,1,1
scan4,subset_uniform,1,8,15,0.007098090834915638,19.331689834594727,4.772679805755615,0.9924073219299316,696.4468383789062,0.0,2.5756466388702393,0.06369214504957199,0.12131941318511963,0.0028046928346157074,0.007013742811977863,8.434802293777466e-05,16,15,14,14,0,1,1,1
scan4,subset_uniform,2,16,15,0.005666876211762428,14.408642768859863,3.870985507965088,0.9968422055244446,693.9968872070312,0.0,0.7903101444244385,0.06480373442173004,0.12358608096837997,0.004221459850668907,0.005663504358381033,3.37185338139534e-06,15,15,14,14,1,1,1,1
scan4,subset_uniform,3,24,15,0.005881069228053093,11.445099830627441,3.9869635105133057,0.9994072914123535,689.1448364257812,0.0,0.0,0.06531164795160294,0.12465118616819382,0.005438537802547216,0.00583442859351635,4.6640634536743164e-05,15,15,14,13,1,1,1,1
scan4,subset_uniform,4,32,15,0.007095456589013338,11.41856575012207,4.722509384155273,0.9995677471160889,683.125732421875,0.0,0.0,0.06606823205947876,0.12601450085639954,0.005681771319359541,0.007096343208104372,-8.866190910339355e-07,15,14,13,13,1,1,1,1
scan4,subset_uniform,5,40,15,0.006074040196835995,9.09104061126709,3.9693799018859863,0.9996144771575928,674.1714477539062,0.0,3.8463404178619385,0.06653176248073578,0.1275656521320343,0.002921230159699917,0.006051379255950451,2.2660940885543823e-05,15,15,14,13,1,1,1,1
scan4,subset_uniform,0,0,16,0.010559925809502602,26.34758758544922,6.895245552062988,0.9867364168167114,699.8328247070312,0.0,0.0,0.06441507488489151,0.1228940337896347,0.0025721322745084763,0.010559925809502602,0.0,16,15,14,14,1,1,1,1
scan4,subset_uniform,1,8,16,0.007013742811977863,19.251401901245117,4.710257530212402,0.9924585223197937,696.4424438476562,0.0,3.880199432373047,0.06498001515865326,0.12478253990411758,0.0031718804966658354,0.007013742811977863,0.0,16,15,14,14,1,1,1,1
scan4,subset_uniform,2,16,16,0.005663504358381033,14.442303657531738,3.8632264137268066,0.9968259334564209,693.9924926757812,0.0,3.2053403854370117,0.06600863486528397,0.12674710154533386,0.0035431922879070044,0.005663504358381033,0.0,15,15,14,14,1,1,1,1
scan4,subset_uniform,3,24,16,0.00583442859351635,11.397997856140137,3.9514920711517334,0.9994171857833862,689.1409301757812,0.0,0.0,0.06627310067415237,0.12751449644565582,0.00498553179204464,0.00583442859351635,0.0,15,15,14,13,1,1,1,1
scan4,subset_uniform,4,32,16,0.007096343208104372,11.42091178894043,4.719593524932861,0.9995317459106445,683.1220092773438,0.0,2.6718835830688477,0.06683964282274246,0.12877187132835388,0.006967576220631599,0.007096343208104372,0.0,15,14,13,13,1,1,1,1
scan4,subset_uniform,5,40,16,0.006051379255950451,9.129871368408203,3.951341152191162,0.9996144771575928,674.1680297851562,0.0,0.0,0.0669630840420723,0.1292983442544937,0.00242515723221004,0.006051379255950451,0.0,15,15,14,13,1,1,1,1
scan9,subset_middle,0,24,8,0.01982167921960354,18.66546630859375,12.970319747924805,0.9999579191207886,653.9996337890625,0.0,0.0,0.07246038317680359,0.14590071141719818,0.0,0.0064375391229987144,0.013384140096604824,16,16,16,15,0,0,0,0
scan9,subset_middle,1,0,8,0.03483177721500397,32.87050247192383,22.72866439819336,0.9997103810310364,633.3488159179688,0.0,0.0,0.07861029356718063,0.15919190645217896,0.0,0.008517464622855186,0.02631431259214878,16,16,16,15,0,0,0,0
scan9,subset_middle,2,1,8,0.03172272443771362,30.909591674804688,21.151721954345703,0.9993634819984436,643.723388671875,0.0,0.0,0.07586143910884857,0.15265853703022003,0.0,0.008016612380743027,0.023706112056970596,16,16,16,15,0,0,0,0
scan9,subset_middle,3,2,8,0.028840454295277596,28.33612060546875,19.27631950378418,0.9998394250869751,639.8333129882812,0.0,0.0,0.07595361024141312,0.15313655138015747,0.0,0.007165900897234678,0.021674553398042917,16,16,16,15,0,0,0,0
scan9,subset_middle,4,3,8,0.02892518974840641,29.2656307220459,19.11104965209961,1.0,639.6627807617188,0.0,0.0,0.07759728282690048,0.1559499353170395,0.0,0.007297448348253965,0.021627741400152445,16,16,16,15,0,0,0,0
scan9,subset_middle,5,4,8,0.03172904625535011,34.246707916259766,20.3375301361084,0.9982318878173828,623.8626708984375,0.0,2.845925807952881,0.08641761541366577,0.1745794117450714,0.0,0.009042100980877876,0.022686945274472237,16,16,15,15,0,0,0,0
scan9,subset_middle,0,24,9,0.019521821290254593,17.99458122253418,12.7510986328125,0.9999368786811829,653.9852294921875,0.0,0.0,0.06786849349737167,0.13271567225456238,0.016345707699656487,0.0064375391229987144,0.013084282167255878,16,16,16,15,0,0,0,0
scan9,subset_middle,1,0,9,0.03042798675596714,28.752593994140625,19.844615936279297,0.999920129776001,633.3377685546875,0.0,0.0,0.07305174320936203,0.14212292432785034,0.006729879416525364,0.008517464622855186,0.021910522133111954,16,16,16,15,0,0,0,0
scan9,subset_middle,2,1,9,0.028456734493374825,27.865524291992188,18.956256866455078,0.9992701411247253,643.71142578125,0.0,1.1472244262695312,0.07059634476900101,0.13728034496307373,0.006706214044243097,0.008016612380743027,0.020440122112631798,16,16,16,15,0,0,0,0
scan9,subset_middle,3,2,9,0.026474880054593086,26.299013137817383,17.738460540771484,0.9998483657836914,639.8218994140625,0.0,4.305661201477051,0.07118025422096252,0.1378476619720459,0.006468580104410648,0.007165900897234678,0.019308979157358408,16,16,16,15,0,0,0,0
scan9,subset_middle,4,3,9,0.025999873876571655,26.753591537475586,17.241239547729492,1.0,639.6526489257812,0.0,4.173214912414551,0.07203511893749237,0.140170156955719,0.006167285144329071,0.007297448348253965,0.01870242552831769,16,16,16,15,0,0,0,0
scan9,subset_middle,5,4,9,0.026896508410573006,30.54486656188965,17.365251541137695,0.998336672782898,623.851806640625,0.0,4.739665985107422,0.0774754136800766,0.15263715386390686,0.007672091014683247,0.009042100980877876,0.01785440742969513,16,16,15,15,0,0,0,0
scan9,subset_middle,0,24,10,0.017365233972668648,16.215137481689453,11.32715892791748,0.9999298453330994,653.9717407226562,0.0,0.0,0.06567858904600143,0.12810097634792328,0.018911175429821014,0.0064375391229987144,0.010927694849669933,16,16,16,15,0,0,0,0
scan9,subset_middle,1,0,10,0.02460521273314953,23.383581161499023,15.993693351745605,0.9999400973320007,633.3261108398438,0.0,2.9520082473754883,0.06995420157909393,0.1359492838382721,0.009542198851704597,0.008517464622855186,0.016087748110294342,16,16,16,15,0,0,0,0
scan9,subset_middle,2,1,10,0.02358870767056942,23.39129638671875,15.664861679077148,0.9993464946746826,643.6991577148438,0.0,3.9602723121643066,0.06806383281946182,0.1324198991060257,0.00852336548268795,0.008016612380743027,0.015572095289826393,16,16,16,15,0,0,0,0
scan9,subset_middle,3,2,10,0.021941643208265305,21.993072509765625,14.676825523376465,0.9998573064804077,639.8092651367188,0.0,0.0,0.06812628358602524,0.13263699412345886,0.007844227366149426,0.007165900897234678,0.014775742311030626,16,16,16,15,0,0,0,0
scan9,subset_middle,4,3,10,0.021239105612039566,21.927762985229492,14.061938285827637,1.0,639.6417236328125,0.0,0.0,0.06913793832063675,0.13427428901195526,0.009233376011252403,0.007297448348253965,0.0139416572637856,16,16,16,15,0,0,0,0
scan9,subset_middle,5,4,10,0.02147083915770054,25.251554489135742,13.864632606506348,0.9984021782875061,623.83984375,0.0,0.0,0.07302860170602798,0.1421971619129181,0.011146358214318752,0.009042100980877876,0.012428738176822662,16,16,15,15,0,0,0,0
scan9,subset_middle,0,24,11,0.014308787882328033,14.059337615966797,9.333502769470215,0.9999298453330994,653.9609375,0.0,0.0,0.06383422017097473,0.12490390241146088,0.01849684864282608,0.0064375391229987144,0.007871248759329319,16,16,16,15,0,0,0,0
scan9,subset_middle,1,0,11,0.019061237573623657,18.533859252929688,12.323509216308594,0.9999700784683228,633.3162231445312,0.0,3.2885477542877197,0.0670919194817543,0.1313142329454422,0.009616333991289139,0.008517464622855186,0.01054377295076847,16,16,16,15,0,0,0,0
scan9,subset_middle,2,1,11,0.018517008051276207,19.0512638092041,12.238235473632812,0.9994738101959229,643.6890258789062,0.0,4.407045364379883,0.06590070575475693,0.12868732213974,0.008230682462453842,0.008016612380743027,0.01050039567053318,16,16,16,15,0,0,0,0
scan9,subset_middle,3,2,11,0.017160098999738693,17.648677825927734,11.424129486083984,0.9998840689659119,639.7985229492188,0.0,0.0,0.06566396355628967,0.12835107743740082,0.007552896626293659,0.007165900897234678,0.009994198102504015,16,16,16,15,0,0,0,0
scan9,subset_middle,4,3,11,0.016380375251173973,17.096149444580078,10.787056922912598,1.0,639.6322021484375,0.0,0.0,0.06695649027824402,0.13058647513389587,0.008661255240440369,0.007297448348253965,0.009082926902920008,16,16,16,15,0,0,0,0
scan9,subset_middle,5,4,11,0.017036376520991325,20.7772216796875,10.963736534118652,0.9984283447265625,623.829833984375,0.0,0.0,0.06962444633245468,0.1361987441778183,0.010045722126960754,0.009042100980877876,0.007994275540113449,16,16,15,15,0,0,0,0
scan9,subset_middle,0,24,12,0.011583002284169197,12.337600708007812,7.564921855926514,0.9999018311500549,653.9542236328125,0.0,0.0,0.06339185684919357,0.12295857071876526,0.015523417852818966,0.0064375391229987144,0.005145463161170483,16,16,16,15,0,0,0,0
scan9,subset_middle,1,0,12,0.014619422145187855,14.935660362243652,9.398531913757324,0.9999700784683228,633.3101806640625,0.0,3.054091453552246,0.06652093678712845,0.1287064105272293,0.008024093694984913,0.008517464622855186,0.006101957522332668,16,16,16,15,0,0,0,0
scan9,subset_middle,2,1,12,0.014222392812371254,15.625730514526367,9.35280990600586,0.9995671510696411,643.6831665039062,0.0,4.802690029144287,0.06579600274562836,0.12693743407726288,0.006843762472271919,0.008016612380743027,0.006205780431628227,16,16,16,15,0,0,0,0
scan9,subset_middle,3,2,12,0.01319933868944645,14.346068382263184,8.728081703186035,0.9998840689659119,639.7919311523438,0.0,0.0,0.06552118808031082,0.1263883113861084,0.006394270341843367,0.007165900897234678,0.006033437792211771,16,16,16,15,0,0,0,0
scan9,subset_middle,4,3,12,0.012589464895427227,13.522187232971191,8.217999458312988,1.0,639.6264038085938,0.0,3.6063032150268555,0.06666313856840134,0.12853126227855682,0.007132560946047306,0.007297448348253965,0.005292016547173262,16,16,16,15,0,0,0,0
scan9,subset_middle,5,4,12,0.013605526648461819,17.354021072387695,8.68479061126709,0.9984414577484131,623.82373046875,0.0,0.0,0.06865998357534409,0.13267643749713898,0.008036787621676922,0.009042100980877876,0.004563425667583942,16,16,15,15,0,0,0,0
scan9,subset_middle,0,24,13,0.009347627870738506,11.011363983154297,6.111507415771484,0.9998597502708435,653.9484252929688,0.0,0.0,0.06127273663878441,0.12076840549707413,0.012662230990827084,0.0064375391229987144,0.002910088747739792,16,16,16,15,0,0,0,0
scan9,subset_middle,1,0,13,0.011729341000318527,12.774529457092285,7.497262477874756,0.9999900460243225,633.3048706054688,0.0,1.4753843545913696,0.06454789638519287,0.1266661435365677,0.005867380183190107,0.008517464622855186,0.0032118763774633408,16,16,16,15,0,0,0,0
scan9,subset_middle,2,1,13,0.011261938139796257,13.394318580627441,7.3534064292907715,0.9996350407600403,643.6783447265625,0.0,0.0,0.06415089964866638,0.12563136219978333,0.005159094464033842,0.008016612380743027,0.0032453257590532303,16,16,16,15,0,0,0,0
scan9,subset_middle,3,2,13,0.010355265811085701,12.161957740783691,6.792786598205566,0.9998929500579834,639.7868041992188,0.0,0.0,0.06384250521659851,0.1249770075082779,0.0048435949720442295,0.007165900897234678,0.0031893649138510227,16,16,16,15,0,0,0,0
scan9,subset_middle,4,3,13,0.010063974186778069,11.329590797424316,6.50693941116333,1.0,639.6217041015625,0.0,3.5074942111968994,0.06472267210483551,0.12676501274108887,0.005081215873360634,0.007297448348253965,0.002766525838524103,16,16,16,15,0,0,0,0
scan9,subset_middle,5,4,13,0.011416226625442505,15.265813827514648,7.213538646697998,0.9985069036483765,623.81884765625,0.0,4.135122299194336,0.06627103686332703,0.1299123466014862,0.005335358902812004,0.009042100980877876,0.0023741256445646286,16,16,15,15,0,0,0,0
scan9,subset_middle,0,24,14,0.007866485975682735,10.163084030151367,5.142566680908203,0.99985271692276,653.943115234375,0.0,0.0,0.06211550906300545,0.1196950152516365,0.010599943809211254,0.0064375391229987144,0.001428946852684021,16,16,16,15,0,0,0,0
scan9,subset_middle,1,0,14,0.009940508753061295,11.512141227722168,6.323970794677734,1.0,633.300048828125,0.0,0.0,0.06566058099269867,0.12613162398338318,0.004694202449172735,0.008517464622855186,0.001423044130206108,16,16,16,15,0,0,0,0
scan9,subset_middle,2,1,14,0.00943614263087511,12.059322357177734,6.119568347930908,0.9997283816337585,643.6737060546875,0.0,2.8940117359161377,0.065486840903759,0.12561169266700745,0.004104010295122862,0.008016612380743027,0.001419530250132084,16,16,16,15,0,0,0,0
scan9,subset_middle,3,2,14,0.00856319721788168,10.875774383544922,5.567173480987549,0.9998929500579834,639.7821044921875,0.0,1.996942162513733,0.0652255117893219,0.12502546608448029,0.004024192690849304,0.007165900897234678,0.0013972963206470013,16,16,16,15,0,0,0,0
scan9,subset_middle,4,3,14,0.008529240265488625,10.092548370361328,5.459391117095947,1.0,639.61767578125,0.0,0.0,0.06585446000099182,0.126340851187706,0.003873850218951702,0.007297448348253965,0.0012317919172346592,16,16,16,15,0,0,0,0
scan9,subset_middle,5,4,14,0.010099195875227451,13.930938720703125,6.315677642822266,0.9985331296920776,623.8146362304688,0.0,1.8367493152618408,0.06706693023443222,0.12874138355255127,0.0035689203068614006,0.009042100980877876,0.001057094894349575,16,16,15,15,0,0,0,0
scan9,subset_middle,0,24,15,0.006934802979230881,9.714728355407715,4.529871463775635,0.999838650226593,653.9378051757812,0.0,0.0,0.06399784982204437,0.12241847068071365,0.008469688706099987,0.0064375391229987144,0.0004972638562321663,16,16,16,15,0,0,0,1
scan9,subset_middle,1,0,15,0.009009110741317272,10.872257232666016,5.70849084854126,1.0,633.29541015625,0.0,3.7894093990325928,0.06740202754735947,0.1289450079202652,0.003552380483597517,0.008517464622855186,0.0004916461184620857,16,16,16,15,0,0,0,1
scan9,subset_middle,2,1,15,0.008497386239469051,11.384984970092773,5.482275485992432,0.9998387098312378,643.6693115234375,0.0,0.0,0.06734365224838257,0.12873540818691254,0.002714295405894518,0.008016612380743027,0.00048077385872602463,16,16,16,15,0,0,0,1
scan9,subset_middle,3,2,15,0.007643125485628843,10.21497917175293,4.937175273895264,0.9999107718467712,639.7775268554688,0.0,4.271042823791504,0.06711561232805252,0.1282547563314438,0.00288541242480278,0.007165900897234678,0.00047722458839416504,16,16,16,15,0,0,0,1
scan9,subset_middle,4,3,15,0.0077136363834142685,9.431461334228516,4.899454116821289,1.0,639.6135864257812,0.0,1.67339289188385,0.0674627274274826,0.12912636995315552,0.002761421725153923,0.007297448348253965,0.0004161880351603031,16,16,16,15,0,0,0,1
scan9,subset_middle,5,4,15,0.009393270127475262,13.229363441467285,5.83344030380249,0.998559296131134,623.8108520507812,0.0,3.5205323696136475,0.06835543364286423,0.13098376989364624,0.0023838630877435207,0.009042100980877876,0.0003511691465973854,16,16,15,15,0,0,1,1
scan9,subset_middle,0,24,16,0.0064375391229987144,9.535917282104492,4.200503826141357,0.9998176097869873,653.93212890625,0.0,0.0,0.065444216132164,0.12543238699436188,0.008148069493472576,0.0064375391229987144,0.0,16,16,16,15,1,1,1,1
scan9,subset_middle,1,0,16,0.008517464622855186,10.505579948425293,5.381802082061768,1.0,633.2905883789062,0.0,2.1660921573638916,0.06804914772510529,0.1310921013355255,0.003126083640381694,0.008517464622855186,0.0,16,16,16,15,1,1,1,1
scan9,subset_middle,2,1,16,0.008016612380743027,11.038130760192871,5.155209064483643,0.999949038028717,643.6646118164062,0.0,3.4522998332977295,0.06817640364170074,0.13116760551929474,0.0022314328234642744,0.008016612380743027,0.0,16,16,16,15,1,1,1,1
scan9,subset_middle,3,2,16,0.007165900897234678,9.90674114227295,4.60990571975708,0.9999018907546997,639.7727661132812,0.0,2.5842199325561523,0.06808620691299438,0.13083498179912567,0.0026246283669024706,0.007165900897234678,0.0,16,16,16,15,1,1,1,1
scan9,subset_middle,4,3,16,0.007297448348253965,9.050064086914062,4.607132911682129,1.0,639.609375,0.0,0.0,0.06817730516195297,0.13123811781406403,0.0026647052727639675,0.007297448348253965,0.0,16,16,16,15,1,1,1,1
scan9,subset_middle,5,4,16,0.009042100980877876,12.825010299682617,5.5892534255981445,0.9985855221748352,623.806884765625,0.0,0.0,0.06847555190324783,0.13231517374515533,0.002035523997619748,0.009042100980877876,0.0,16,16,15,15,1,1,1,1
scan9,subset_uniform,0,0,8,0.03305483236908913,29.4492130279541,21.18607521057129,1.0,633.410400390625,0.12508152425289154,0.0,0.07753361761569977,0.15099023282527924,0.0,0.00868688989430666,0.024367942474782467,16,16,15,14,0,0,0,0
scan9,subset_uniform,1,8,8,0.024066079407930374,22.616680145263672,15.861319541931152,0.9991921782493591,646.8911743164062,0.0,0.0,0.08105821907520294,0.1590394824743271,0.0,0.006972805131226778,0.017093274276703596,16,16,15,14,0,0,0,0
scan9,subset_uniform,2,16,8,0.021022407338023186,19.402265548706055,13.645674705505371,0.9996659755706787,649.1741943359375,0.12508152425289154,0.0,0.08534285426139832,0.1670534610748291,0.0,0.0064910766668617725,0.014531330671161413,16,15,15,14,0,0,0,0
scan9,subset_uniform,3,24,8,0.017015770077705383,17.0031681060791,11.131470680236816,0.9999439120292664,654.0118408203125,0.0,5.120898723602295,0.08322224020957947,0.16526411473751068,0.0,0.006245010532438755,0.010770759545266628,16,16,15,15,0,0,0,0
scan9,subset_uniform,4,32,8,0.01163091417402029,13.845849990844727,7.497625350952148,0.9997795820236206,649.113525390625,0.0,6.341957092285156,0.08522699773311615,0.16890829801559448,0.0,0.0059392573311924934,0.005691656842827797,16,16,15,14,0,0,0,0
scan9,subset_uniform,5,40,8,0.02323697879910469,17.513755798339844,13.911334991455078,0.9998770952224731,657.2833862304688,0.0,3.9707412719726562,0.09175897389650345,0.18333327770233154,0.0,0.005553250201046467,0.017683728598058224,16,15,14,14,0,0,0,0
scan9,subset_uniform,0,0,9,0.026881709694862366,24.709104537963867,17.24114418029785,1.0,633.3973999023438,0.0,0.0,0.07261776924133301,0.14032234251499176,0.008267726749181747,0.00868688989430666,0.018194819800555706,16,16,15,14,0,0,0,0
scan9,subset_uniform,1,8,9,0.020804718136787415,20.290407180786133,13.741694450378418,0.9992313981056213,646.8795166015625,0.0,2.6867141723632812,0.07464278489351273,0.14492596685886383,0.008632934652268887,0.006972805131226778,0.013831913005560637,16,16,15,14,0,0,0,0
scan9,subset_uniform,2,16,9,0.01791423000395298,17.83157730102539,11.685611724853516,0.9996170997619629,649.1614990234375,0.0,2.976837635040283,0.07742524892091751,0.15117396414279938,0.011662300676107407,0.0064910766668617725,0.011423153337091208,16,15,15,14,0,0,0,0
scan9,subset_uniform,3,24,9,0.015123943798244,15.648521423339844,9.893332481384277,0.9999368786811829,653.998291015625,0.0,0.0,0.07744156569242477,0.14961084723472595,0.012534638866782188,0.006245010532438755,0.008878933265805244,16,16,15,15,0,0,0,0
scan9,subset_uniform,4,32,9,0.011206883005797863,12.819607734680176,7.203712463378906,0.9998824596405029,649.10107421875,0.0,5.644516468048096,0.07778491079807281,0.15235690772533417,0.022876832634210587,0.0059392573311924934,0.00526762567460537,16,16,15,14,0,0,0,0
scan9,subset_uniform,5,40,9,0.018443042412400246,14.714475631713867,11.027966499328613,1.0,657.2734985351562,0.0,3.611837387084961,0.08372892439365387,0.1646883636713028,0.022317348048090935,0.005553250201046467,0.012889792211353779,16,15,14,14,0,0,0,0
scan9,subset_uniform,0,0,10,0.020684195682406425,19.87661361694336,13.24669075012207,1.0,633.3849487304688,0.0,0.0,0.06841084361076355,0.13375224173069,0.009430470876395702,0.00868688989430666,0.011997305788099766,16,16,15,14,0,0,0,0
scan9,subset_uniform,1,8,10,0.016965506598353386,17.31326675415039,11.204315185546875,0.999349057674408,646.8685913085938,0.0,1.7376500368118286,0.07024285942316055,0.13720764219760895,0.007827796041965485,0.006972805131226778,0.009992701467126608,16,16,15,14,0,0,0,0
scan9,subset_uniform,2,16,10,0.01472354494035244,15.849189758300781,9.635876655578613,0.9995844960212708,649.1506958007812,0.0,3.669278383255005,0.07185739278793335,0.1412038952112198,0.009226801805198193,0.0064910766668617725,0.008232468273490667,16,15,15,14,0,0,0,0
scan9,subset_uniform,3,24,10,0.01326053123921156,14.463786125183105,8.674205780029297,0.9999368786811829,653.9868774414062,0.0,3.3235459327697754,0.07145905494689941,0.141179159283638,0.015570194460451603,0.006245010532438755,0.007015520706772804,16,16,15,15,0,0,0,0
scan9,subset_uniform,4,32,10,0.010510011576116085,11.874800682067871,6.7443413734436035,1.0,649.0900268554688,0.0,0.0,0.07219507545232773,0.14232538640499115,0.027790499851107597,0.0059392573311924934,0.004570754244923592,16,16,15,14,0,0,0,0
scan9,subset_uniform,5,40,10,0.01295632217079401,11.825942039489746,7.804667949676514,1.0,657.2611083984375,0.0,4.2953691482543945,0.07758786529302597,0.15285681188106537,0.027766697108745575,0.005553250201046467,0.007403071969747543,16,15,14,14,0,0,0,0
scan9,subset_uniform,0,0,11,0.01563762128353119,15.803473472595215,9.952337265014648,1.0,633.3768920898438,0.0,0.0,0.06491190195083618,0.12778186798095703,0.008846160024404526,0.00868688989430666,0.006950731389224529,16,16,15,14,0,0,0,0
scan9,subset_uniform,1,8,11,0.013288530521094799,14.482943534851074,8.75019359588623,0.9994117617607117,646.8616943359375,0.0,0.0,0.06666749715805054,0.1309591829776764,0.006963853724300861,0.006972805131226778,0.006315725389868021,16,16,15,14,0,0,0,0
scan9,subset_uniform,2,16,11,0.011575785465538502,13.716883659362793,7.578282833099365,0.9995356202125549,649.1441650390625,0.0,1.441707968711853,0.06833144277334213,0.1336342692375183,0.008669755421578884,0.0064910766668617725,0.005084708798676729,16,15,15,14,0,0,0,0
scan9,subset_uniform,3,24,11,0.011037851683795452,13.020712852478027,7.2161760330200195,0.9999228715896606,653.97998046875,0.0,1.4875370264053345,0.06778665632009506,0.13348627090454102,0.014071173965930939,0.006245010532438755,0.004792841151356697,16,16,15,15,0,0,0,0
scan9,subset_uniform,4,32,11,0.009299635887145996,10.795084953308105,5.963858604431152,1.0,649.082275390625,0.0,3.8503599166870117,0.0686269998550415,0.13493898510932922,0.01869778335094452,0.0059392573311924934,0.0033603785559535027,16,16,15,14,0,0,0,0
scan9,subset_uniform,5,40,11,0.008974766358733177,9.91926097869873,5.4764227867126465,1.0,657.2503051757812,0.0,4.469534397125244,0.07292419672012329,0.14364615082740784,0.013604013249278069,0.005553250201046467,0.0034215161576867104,16,15,14,14,0,0,0,0
scan9,subset_uniform,0,0,12,0.012205168604850769,13.125344276428223,7.7042236328125,1.0,633.3720092773438,0.0,0.0,0.06387980282306671,0.12416353821754456,0.007329319603741169,0.00868688989430666,0.0035182787105441093,16,16,15,14,0,0,0,0
scan9,subset_uniform,1,8,12,0.010424135252833366,12.427291870117188,6.838152885437012,0.9995294213294983,646.8582153320312,0.0,0.0,0.06577765196561813,0.12759879231452942,0.006040757521986961,0.006972805131226778,0.0034513301216065884,16,16,15,14,0,0,0,0
scan9,subset_uniform,2,16,12,0.009169104509055614,12.014469146728516,5.988834381103516,0.9995437860488892,649.140869140625,0.0,0.0,0.06722352653741837,0.1299930065870285,0.008432680740952492,0.0064910766668617725,0.002678027842193842,16,15,15,14,0,0,0,0
scan9,subset_uniform,3,24,12,0.009163806214928627,11.830262184143066,5.992415904998779,0.9998737573623657,653.9772338867188,0.0,0.0,0.06688077747821808,0.1297948807477951,0.012722877785563469,0.006245010532438755,0.002918795682489872,16,16,15,15,0,0,0,0
scan9,subset_uniform,4,32,12,0.008140670135617256,9.94487476348877,5.221286296844482,1.0,649.0787963867188,0.0,0.0,0.06787872314453125,0.13144512474536896,0.01125949528068304,0.0059392573311924934,0.0022014128044247627,16,16,15,14,0,0,0,0
scan9,subset_uniform,5,40,12,0.00711870240047574,9.009685516357422,4.362570285797119,1.0,657.2495727539062,0.0,4.078903675079346,0.07108873128890991,0.13844773173332214,0.014077736996114254,0.005553250201046467,0.0015654521994292736,16,15,14,14,0,0,0,0
scan9,subset_uniform,0,0,13,0.010396142490208149,11.847968101501465,6.537496089935303,1.0,633.3671875,0.0,0.0,0.06070506200194359,0.12063273042440414,0.004642774350941181,0.00868688989430666,0.0017092525959014893,16,16,15,14,0,0,0,0
scan9,subset_uniform,1,8,13,0.008641657419502735,11.306447982788086,5.642630577087402,0.9995843172073364,646.8544311523438,0.0,4.176591873168945,0.06282126903533936,0.12436360120773315,0.004414192866533995,0.006972805131226778,0.001668852288275957,16,16,15,14,0,0,0,0
scan9,subset_uniform,2,16,13,0.007719078566879034,11.186802864074707,5.023483753204346,0.9995356202125549,649.1376953125,0.0,3.203324317932129,0.06450628489255905,0.12702666223049164,0.006224537268280983,0.0064910766668617725,0.0012280019000172615,16,15,15,14,0,0,0,0
scan9,subset_uniform,3,24,13,0.00777792651206255,11.032109260559082,5.086867809295654,0.9998597502708435,653.9744873046875,0.0,0.0,0.06440997868776321,0.12704986333847046,0.009779224172234535,0.006245010532438755,0.0015329159796237946,16,16,15,15,0,0,0,0
scan9,subset_uniform,4,32,13,0.0071684070862829685,9.354460716247559,4.601012706756592,1.0,649.0753173828125,0.0,3.651089668273926,0.06573762744665146,0.12909403443336487,0.007739267311990261,0.0059392573311924934,0.001229149755090475,16,16,15,14,0,0,0,0
scan9,subset_uniform,5,40,13,0.006220252253115177,8.534152030944824,3.8232858180999756,1.0,657.244140625,0.0,3.4138617515563965,0.06851933896541595,0.13482938706874847,0.011801676824688911,0.005553250201046467,0.0006670020520687103,16,15,14,14,0,0,0,0
scan9,subset_uniform,0,0,14,0.009412539191544056,11.195011138916016,5.903721809387207,1.0,633.3617553710938,0.0,0.0,0.06083197146654129,0.11796874552965164,0.0038239045534282923,0.00868688989430666,0.0007256492972373962,16,16,15,14,0,0,0,1
scan9,subset_uniform,1,8,14,0.007622078992426395,10.736590385437012,4.9517822265625,0.9995764493942261,646.8500366210938,0.0,2.2483792304992676,0.06318990886211395,0.12216232717037201,0.003556842915713787,0.006972805131226778,0.0006492738611996174,16,16,15,14,0,0,0,1
scan9,subset_uniform,2,16,14,0.006943905260413885,10.586760520935059,4.496160984039307,0.9995356202125549,649.1337890625,0.0,1.8716850280761719,0.0646931454539299,0.125026673078537,0.004930239636451006,0.0064910766668617725,0.0004528285935521126,16,15,15,14,0,0,0,1
scan9,subset_uniform,3,24,14,0.006902341730892658,10.487665176391602,4.512749195098877,0.99985271692276,653.970947265625,0.0,0.0,0.06473691761493683,0.12518097460269928,0.00818654801696539,0.006245010532438755,0.0006573311984539032,16,16,15,15,0,0,0,0
scan9,subset_uniform,4,32,14,0.006472372449934483,8.86841869354248,4.1563568115234375,1.0,649.0717163085938,0.0,3.0627963542938232,0.06603848189115524,0.12758928537368774,0.006690080277621746,0.0059392573311924934,0.0005331151187419891,16,16,15,14,0,0,0,1
scan9,subset_uniform,5,40,14,0.005808051209896803,8.244752883911133,3.5716137886047363,1.0,657.2416381835938,0.0,0.0,0.06837460398674011,0.13249213993549347,0.01218486949801445,0.005553250201046467,0.0002548010088503361,16,15,14,14,0,0,1,1
scan9,subset_uniform,0,0,15,0.00889956671744585,10.871349334716797,5.562961101531982,1.0,633.3557739257812,0.0,0.0,0.06242173910140991,0.11970905214548111,0.003401857567951083,0.00868688989430666,0.00021267682313919067,16,16,15,14,0,0,1,1
scan9,subset_uniform,1,8,15,0.007160136476159096,10.445868492126465,4.632920742034912,0.9995999932289124,646.8446655273438,0.0,0.0,0.06456317007541656,0.12394428253173828,0.0028736076783388853,0.006972805131226778,0.00018733134493231773,16,16,15,14,0,0,1,1
scan9,subset_uniform,2,16,15,0.0066115474328398705,10.329071998596191,4.262209892272949,0.9995356202125549,649.1293334960938,0.0,3.3736519813537598,0.0658930167555809,0.126517653465271,0.003730535041540861,0.0064910766668617725,0.00012047076597809792,16,15,15,14,0,1,1,1
scan9,subset_uniform,3,24,15,0.006452718283981085,10.235557556152344,4.2143473625183105,0.99985271692276,653.96630859375,0.0,2.5035839080810547,0.06615543365478516,0.1269405484199524,0.00713377958163619,0.006245010532438755,0.0002077077515423298,16,16,15,15,0,0,1,1
scan9,subset_uniform,4,32,15,0.0061036706902086735,8.552140235900879,3.9198546409606934,1.0,649.0671997070312,0.0,0.0,0.06737956404685974,0.12928694486618042,0.0068299975246191025,0.0059392573311924934,0.00016441335901618004,16,16,15,14,0,0,1,1
scan9,subset_uniform,5,40,15,0.005611225962638855,8.048295021057129,3.4528985023498535,1.0,657.237548828125,0.0,2.3528506755828857,0.06882727891206741,0.1328919231891632,0.010522694326937199,0.005553250201046467,5.797576159238815e-05,16,15,14,14,0,1,1,1
scan9,subset_uniform,0,0,16,0.00868688989430666,10.74161148071289,5.426607608795166,1.0,633.349365234375,0.0,0.0,0.06401818245649338,0.1226428970694542,0.003271979745477438,0.00868688989430666,0.0,16,16,15,14,1,1,1,1
scan9,subset_uniform,1,8,16,0.006972805131226778,10.359121322631836,4.49806547164917,0.999631404876709,646.8385009765625,0.0,0.0,0.06580281257629395,0.12630149722099304,0.002891660900786519,0.006972805131226778,0.0,16,16,15,14,1,1,1,1
scan9,subset_uniform,2,16,16,0.0064910766668617725,10.047806739807129,4.1680474281311035,0.9995437860488892,649.1236572265625,0.0,0.0,0.06668167561292648,0.1283513754606247,0.002863804344087839,0.0064910766668617725,0.0,16,15,15,14,1,1,1,1
scan9,subset_uniform,3,24,16,0.006245010532438755,10.179381370544434,4.074742794036865,0.9998456835746765,653.9602661132812,0.0,0.0,0.0667387992143631,0.12869152426719666,0.006581717636436224,0.006245010532438755,0.0,16,16,15,15,1,1,1,1
scan9,subset_uniform,4,32,16,0.0059392573311924934,8.383407592773438,3.8146634101867676,1.0,649.0614624023438,0.0,0.0,0.06779097765684128,0.13081641495227814,0.0072134328074753284,0.0059392573311924934,0.0,16,16,15,14,1,1,1,1
scan9,subset_uniform,5,40,16,0.005553250201046467,7.889715671539307,3.4185798168182373,1.0,657.2301025390625,0.0,0.0,0.06858019530773163,0.1329483538866043,0.008869845420122147,0.005553250201046467,0.0,16,15,14,14,1,1,1,1
scan10,subset_middle,0,24,8,0.009656990878283978,9.143174171447754,6.878093242645264,1.0,655.6434326171875,0.0,0.0,0.11225302517414093,0.21954457461833954,0.0,0.0038403773214668036,0.005816613556817174,15,15,14,14,0,0,0,0
scan10,subset_middle,1,0,8,0.010675689205527306,13.11195182800293,7.079922676086426,0.9989439845085144,627.3059692382812,0.0,3.1693472862243652,0.13425250351428986,0.253813236951828,0.0,0.004204561002552509,0.006471128202974796,15,14,14,14,0,0,0,0
scan10,subset_middle,2,1,8,0.009813785552978516,11.361065864562988,6.7443342208862305,1.0,630.7412719726562,0.0,2.2004261016845703,0.13069599866867065,0.24927963316440582,0.0,0.004530621226876974,0.0052831643261015415,14,14,13,12,0,0,0,0
scan10,subset_middle,3,2,8,0.008142960257828236,9.416303634643555,5.57851505279541,1.0,635.3385009765625,0.0,0.0,0.12933996319770813,0.2441824972629547,0.0,0.004848916083574295,0.0032940441742539406,14,13,12,12,0,0,0,0
scan10,subset_middle,4,3,8,0.010496831499040127,11.749107360839844,6.846645355224609,0.9995182156562805,644.523681640625,0.0,4.340590953826904,0.14894278347492218,0.26990067958831787,0.0,0.00398319261148572,0.006513638887554407,16,16,16,14,0,0,0,0
scan10,subset_middle,5,4,8,0.00864000990986824,9.331076622009277,5.525804042816162,1.0,640.108154296875,0.0,0.0,0.1480579674243927,0.27694088220596313,0.0,0.0032756798900663853,0.005364330019801855,16,16,16,13,0,0,0,0
scan10,subset_middle,0,24,9,0.007883257232606411,7.61632776260376,5.644543170928955,1.0,655.6134643554688,0.0,0.0,0.09645745903253555,0.18735286593437195,0.020743055269122124,0.0038403773214668036,0.004042879911139607,15,15,14,14,0,0,0,0
scan10,subset_middle,1,0,9,0.007817758247256279,10.984564781188965,5.168523788452148,0.9989544153213501,627.2762451171875,0.0,0.0,0.115245021879673,0.21969550848007202,0.017258839681744576,0.004204561002552509,0.0036131972447037697,15,14,14,14,0,0,0,0
scan10,subset_middle,2,1,9,0.008027920499444008,9.490939140319824,5.532347202301025,1.0,630.71337890625,0.0,2.4718761444091797,0.11226094514131546,0.21376413106918335,0.020762057974934578,0.004530621226876974,0.0034972992725670338,14,14,13,12,0,0,0,0
scan10,subset_middle,3,2,9,0.007473030127584934,8.7366304397583,5.137022972106934,1.0,635.3160400390625,0.0,2.042005777359009,0.10951991379261017,0.2082623988389969,0.013623378239572048,0.004848916083574295,0.002624114044010639,14,13,12,12,0,0,0,0
scan10,subset_middle,4,3,9,0.008180282078683376,9.56563663482666,5.340796947479248,0.9994811415672302,644.4992065429688,0.0,0.0,0.12441573292016983,0.23376300930976868,0.0210589412599802,0.00398319261148572,0.004197089467197657,16,16,16,14,0,0,0,0
scan10,subset_middle,5,4,9,0.0070410966873168945,7.17103910446167,4.4841694831848145,1.0,640.0858154296875,0.0,4.520127296447754,0.12191686779260635,0.2345883697271347,0.012548128142952919,0.0032756798900663853,0.0037654167972505093,16,16,16,13,0,0,0,0
scan10,subset_middle,0,24,10,0.0068087587133049965,6.773216247558594,4.881473064422607,1.0,655.5919799804688,0.0,0.0,0.0845222994685173,0.16719704866409302,0.016518982127308846,0.0038403773214668036,0.002968381391838193,15,15,14,14,0,0,0,0
scan10,subset_middle,1,0,10,0.0069509707391262054,9.816762924194336,4.56309175491333,0.9987662434577942,627.2552490234375,0.0,0.0,0.09873213618993759,0.19284379482269287,0.011567589826881886,0.004204561002552509,0.002746409736573696,15,14,14,14,0,0,0,0
scan10,subset_middle,2,1,10,0.006566996220499277,7.39958381652832,4.49455451965332,1.0,630.6942138671875,0.0,2.7911291122436523,0.09537949413061142,0.18800973892211914,0.01198544166982174,0.004530621226876974,0.002036374993622303,14,14,13,12,0,0,0,0
scan10,subset_middle,3,2,10,0.006633729673922062,7.385547637939453,4.529628276824951,1.0,635.298583984375,0.0,3.172804594039917,0.0945303738117218,0.1840265840291977,0.007608612533658743,0.004848916083574295,0.0017848135903477669,14,13,12,12,0,0,0,0
scan10,subset_middle,4,3,10,0.006951420567929745,7.944110870361328,4.51016092300415,0.9995182156562805,644.4794311523438,0.0,0.0,0.1054571270942688,0.20407088100910187,0.011148969642817974,0.00398319261148572,0.002968227956444025,16,16,16,14,0,0,0,0
scan10,subset_middle,5,4,10,0.005762024782598019,5.797977924346924,3.6713051795959473,1.0,640.0684814453125,0.0,3.6154675483703613,0.10324344038963318,0.2015308439731598,0.008673958480358124,0.0032756798900663853,0.0024863448925316334,16,16,16,13,0,0,0,0
scan10,subset_middle,0,24,11,0.005317851435393095,5.586490154266357,3.8232221603393555,1.0,655.5734252929688,0.0,0.0,0.07666370272636414,0.15101340413093567,0.012670904397964478,0.0038403773214668036,0.0014774741139262915,15,15,14,14,0,0,0,0
scan10,subset_middle,1,0,11,0.00604345602914691,8.801178932189941,3.925753355026245,0.9990171790122986,627.2359619140625,0.0,0.0,0.08705185353755951,0.1697133332490921,0.009250539354979992,0.004204561002552509,0.0018388950265944004,15,14,14,14,0,0,0,0
scan10,subset_middle,2,1,11,0.005531115923076868,5.594283580780029,3.7393035888671875,1.0,630.6756591796875,0.0,2.722539186477661,0.0832592323422432,0.16471780836582184,0.010349810123443604,0.004530621226876974,0.001000494696199894,14,14,13,12,0,0,0,0
scan10,subset_middle,3,2,11,0.005644575692713261,6.099517345428467,3.821528196334839,1.0,635.28076171875,0.0,2.601055860519409,0.08385226130485535,0.1639045625925064,0.008815261535346508,0.004848916083574295,0.0007956596091389656,14,13,12,12,0,0,0,0
scan10,subset_middle,4,3,11,0.006465339567512274,7.202620506286621,4.176074504852295,0.999505877494812,644.4613037109375,0.0,3.1344406604766846,0.09179843217134476,0.1763363480567932,0.00821368396282196,0.00398319261148572,0.002482146956026554,16,16,16,14,0,0,0,0
scan10,subset_middle,5,4,11,0.004789805505424738,4.755547523498535,3.048469305038452,1.0,640.0529174804688,0.0,4.251739978790283,0.0904238373041153,0.17555077373981476,0.007891961373388767,0.0032756798900663853,0.0015141256153583527,16,16,16,13,0,0,0,0
scan10,subset_middle,0,24,12,0.004640284460037947,4.996083736419678,3.3401381969451904,1.0,655.5614624023438,0.0,0.0,0.07171979546546936,0.13983775675296783,0.008541028015315533,0.0038403773214668036,0.0007999071385711432,15,15,14,14,0,0,0,0
scan10,subset_middle,1,0,12,0.005035583861172199,7.622801780700684,3.253527879714966,0.9995504021644592,627.2243041992188,0.0,0.9059023857116699,0.08121781796216965,0.15546995401382446,0.006764103192836046,0.004204561002552509,0.0008310228586196899,15,14,14,14,0,0,0,0
scan10,subset_middle,2,1,12,0.004872371908277273,4.853363513946533,3.2805676460266113,1.0,630.6630249023438,0.0,3.6206629276275635,0.07731806486845016,0.149873286485672,0.0076939440332353115,0.004530621226876974,0.00034175068140029907,14,14,13,12,0,0,0,1
scan10,subset_middle,3,2,12,0.005029561463743448,5.489563465118408,3.3959827423095703,1.0,635.2680053710938,0.0,0.0,0.07779326289892197,0.15080487728118896,0.007156732026487589,0.004848916083574295,0.0001806453801691532,14,13,12,12,0,0,1,1
scan10,subset_middle,4,3,12,0.005396815948188305,6.592647552490234,3.470923662185669,0.9994440674781799,644.4498901367188,0.0,0.0,0.08281534165143967,0.1601339876651764,0.005329511594027281,0.00398319261148572,0.0014136233367025852,16,16,16,14,0,0,0,0
scan10,subset_middle,5,4,12,0.0039665233343839645,3.8293509483337402,2.507798194885254,1.0,640.0428466796875,0.0,1.795150637626648,0.08276010304689407,0.15962763130664825,0.0066650486551225185,0.0032756798900663853,0.0006908434443175793,16,16,16,13,0,0,0,0
scan10,subset_middle,0,24,13,0.004272000398486853,4.610347747802734,3.0735671520233154,1.0,655.5509033203125,0.0,0.0,0.06753753870725632,0.13322624564170837,0.008146547712385654,0.0038403773214668036,0.0004316230770200491,15,15,14,14,0,0,0,0
scan10,subset_middle,1,0,13,0.004644967149943113,7.010368824005127,2.997135877609253,0.9997490048408508,627.21484375,0.0,2.3395025730133057,0.07531985640525818,0.1469922959804535,0.006331751588732004,0.004204561002552509,0.000440406147390604,15,14,14,14,0,0,0,0
scan10,subset_middle,2,1,13,0.004711680579930544,4.680939197540283,3.1682121753692627,1.0,630.6524658203125,0.0,4.862443923950195,0.07270430028438568,0.1422998607158661,0.006021619774401188,0.004530621226876974,0.0001810593530535698,14,14,13,12,0,0,1,1
scan10,subset_middle,3,2,13,0.004903980530798435,5.25783634185791,3.305227518081665,1.0,635.2572021484375,0.0,4.156474590301514,0.07262969017028809,0.14239519834518433,0.00661707716062665,0.004848916083574295,5.506444722414017e-05,14,13,12,12,0,1,1,1
scan10,subset_middle,4,3,13,0.004602912347763777,6.2144060134887695,2.9497427940368652,0.9994440674781799,644.4400634765625,0.0,3.0913617610931396,0.07600636780261993,0.148563951253891,0.005734581034630537,0.00398319261148572,0.0006197197362780571,16,16,16,14,0,0,0,0
scan10,subset_middle,5,4,13,0.0035961694084107876,3.4545891284942627,2.264937162399292,1.0,640.0328979492188,0.0,0.0,0.07592128217220306,0.14866884052753448,0.006898120045661926,0.0032756798900663853,0.0003204895183444023,16,16,16,13,0,0,0,1
scan10,subset_middle,0,24,14,0.003998677246272564,4.191491603851318,2.873728036880493,1.0,655.5402221679688,0.0,0.0,0.06719554960727692,0.129294753074646,0.008737282827496529,0.0038403773214668036,0.00015829992480576038,15,15,14,14,0,0,1,1
scan10,subset_middle,1,0,14,0.0042581879533827305,6.545738220214844,2.7394468784332275,0.9998117685317993,627.2053833007812,0.0,0.0,0.07280289381742477,0.14047150313854218,0.007231911178678274,0.004204561002552509,5.3626950830221176e-05,15,14,14,14,0,1,1,1
scan10,subset_middle,2,1,14,0.004515571519732475,4.450013160705566,3.0316691398620605,1.0,630.6415405273438,0.0,3.5492238998413086,0.07125391066074371,0.1372469663619995,0.006666845642030239,0.004530621226876974,-1.5049707144498825e-05,14,14,13,12,1,1,1,1
scan10,subset_middle,3,2,14,0.004773250315338373,5.016199111938477,3.2109291553497314,1.0,635.2462768554688,0.0,0.826615571975708,0.07132040709257126,0.1372823268175125,0.006665152031928301,0.004848916083574295,-7.566576823592186e-05,14,13,12,12,1,1,1,1
scan10,subset_middle,4,3,14,0.004300897940993309,6.009726047515869,2.7474472522735596,0.9994440674781799,644.4298095703125,0.0,3.130565881729126,0.07333954423666,0.1413164734840393,0.006372141186147928,0.00398319261148572,0.00031770532950758934,16,16,16,14,0,0,0,1
scan10,subset_middle,5,4,14,0.003537312150001526,3.285983085632324,2.2209858894348145,1.0,640.0236206054688,0.0,0.0,0.07345448434352875,0.14147961139678955,0.007709564175456762,0.0032756798900663853,0.0002616322599351406,16,16,16,13,0,0,0,1
scan10,subset_middle,0,24,15,0.0038621057756245136,3.988800048828125,2.7738442420959473,1.0,655.5320434570312,0.0,0.0,0.0686289370059967,0.1305481493473053,0.007514814846217632,0.0038403773214668036,2.1728454157710075e-05,15,15,14,14,1,1,1,1
scan10,subset_middle,1,0,15,0.00414126506075263,5.921027183532715,2.6599080562591553,0.999926745891571,627.1989135742188,0.0,0.0,0.07299918681383133,0.13930082321166992,0.0039248354732990265,0.004204561002552509,-6.329594179987907e-05,15,14,14,14,1,1,1,1
scan10,subset_middle,2,1,15,0.0044760615564882755,4.38985538482666,3.0029473304748535,1.0,630.6342163085938,0.0,0.0,0.07211299240589142,0.13729669153690338,0.00467965193092823,0.004530621226876974,-5.455967038869858e-05,14,14,13,12,1,1,1,1
scan10,subset_middle,3,2,15,0.004805398639291525,4.977758407592773,3.228379011154175,1.0,635.2384033203125,0.0,0.0,0.07208798825740814,0.13732683658599854,0.004033565055578947,0.004848916083574295,-4.351744428277016e-05,14,13,12,12,1,1,1,1
scan10,subset_middle,4,3,15,0.0042165000922977924,5.932836532592773,2.693929433822632,0.999505877494812,644.4229736328125,0.0,0.0,0.07402101904153824,0.1400180608034134,0.003359430003911257,0.00398319261148572,0.00023330748081207275,16,16,16,14,0,0,0,1
scan10,subset_middle,5,4,15,0.00355013320222497,3.249333143234253,2.226198673248291,1.0,640.0170288085938,0.0,0.7631016373634338,0.07340998947620392,0.13994595408439636,0.004928647540509701,0.0032756798900663853,0.0002744533121585846,16,16,16,13,0,0,0,1
scan10,subset_middle,0,24,16,0.0038403773214668036,3.915243148803711,2.7570462226867676,1.0,655.5244140625,0.0,0.0,0.06977637112140656,0.1335524171590805,0.007363592274487019,0.0038403773214668036,0.0,15,15,14,14,1,1,1,1
scan10,subset_middle,1,0,16,0.004204561002552509,5.853386402130127,2.697728395462036,0.9999372363090515,627.1931762695312,0.0,3.714465618133545,0.07193657755851746,0.13927215337753296,0.003234659554436803,0.004204561002552509,0.0,15,14,14,14,1,1,1,1
scan10,subset_middle,2,1,16,0.004530621226876974,4.475986003875732,3.039942979812622,1.0,630.6275634765625,0.0,0.0,0.07196247577667236,0.13862726092338562,0.004637045785784721,0.004530621226876974,0.0,14,14,13,12,1,1,1,1
scan10,subset_middle,3,2,16,0.004848916083574295,5.021844863891602,3.2584240436553955,1.0,635.2317504882812,0.0,4.2652153968811035,0.07216206192970276,0.13880982995033264,0.003482905449345708,0.004848916083574295,0.0,14,13,12,12,1,1,1,1
scan10,subset_middle,4,3,16,0.00398319261148572,5.831297874450684,2.5457351207733154,0.999530553817749,644.417236328125,0.0,1.6353025436401367,0.07230746746063232,0.14019669592380524,0.0024368579033762217,0.00398319261148572,0.0,16,16,16,14,1,1,1,1
scan10,subset_middle,5,4,16,0.0032756798900663853,3.0626626014709473,2.0548970699310303,1.0,640.0116577148438,0.0,0.0,0.07209251821041107,0.13938474655151367,0.00420934846624732,0.0032756798900663853,0.0,16,16,16,13,1,1,1,1
scan10,subset_uniform,0,0,8,0.006523072253912687,6.576313018798828,4.2354207038879395,0.999926745891571,627.3598022460938,0.12508152425289154,0.0,0.1135714128613472,0.22022829949855804,0.0,0.0030962012242525816,0.0034268710296601057,11,11,11,11,0,0,0,0
scan10,subset_uniform,1,8,8,0.007101754192262888,7.0008864402771,4.888512134552002,1.0,642.1846923828125,0.0,3.1740381717681885,0.12044040858745575,0.2337154895067215,0.0,0.0031796821858733892,0.003922072006389499,12,11,11,11,0,0,0,0
scan10,subset_uniform,2,16,8,0.007545100059360266,7.466075420379639,5.149036407470703,1.0,655.1910400390625,0.0,0.0,0.13394416868686676,0.2583408057689667,0.0,0.003264554077759385,0.004280545981600881,12,12,12,11,0,0,0,0
scan10,subset_uniform,3,24,8,0.00845471490174532,7.841858386993408,5.905592441558838,1.0,655.636962890625,0.0,4.2136125564575195,0.1190970167517662,0.23438791930675507,0.0,0.0032205490861088037,0.005234165815636516,16,15,14,13,0,0,0,0
scan10,subset_uniform,4,32,8,0.00906921923160553,8.341673851013184,6.259415626525879,1.0,659.7393188476562,0.12508152425289154,4.976616382598877,0.12373912334442139,0.24196849763393402,0.0,0.0036407606676220894,0.00542845856398344,14,13,13,12,0,0,0,0
scan10,subset_uniform,5,40,8,0.01231849379837513,13.015345573425293,8.189207077026367,1.0,681.3145141601562,0.12508152425289154,0.0,0.14549919962882996,0.28719380497932434,0.0,0.0058563100174069405,0.006462183780968189,14,14,13,13,0,0,0,0
scan10,subset_uniform,0,0,9,0.004982181824743748,4.791961193084717,3.224891185760498,0.9999685883522034,627.335693359375,0.12508152425289154,0.0,0.09965464472770691,0.19032886624336243,0.014610787853598595,0.0030962012242525816,0.0018859806004911661,11,11,11,11,0,0,0,0
scan10,subset_uniform,1,8,9,0.005109383724629879,4.84273099899292,3.505110502243042,1.0,642.1633911132812,0.0,1.169355869293213,0.10195811092853546,0.1999286264181137,0.01660322956740856,0.0031796821858733892,0.0019297015387564898,12,11,11,11,0,0,0,0
scan10,subset_uniform,2,16,9,0.006223123520612717,5.683443069458008,4.242027759552002,1.0,655.1722412109375,0.0,2.8503243923187256,0.11030193418264389,0.21574479341506958,0.01805238053202629,0.003264554077759385,0.0029585694428533316,12,12,12,11,0,0,0,0
scan10,subset_uniform,3,24,9,0.007039345800876617,6.909976482391357,4.985378742218018,1.0,655.615478515625,0.0,0.0,0.10038118809461594,0.1987278312444687,0.01415055338293314,0.0032205490861088037,0.0038187967147678137,16,15,14,13,0,0,0,0
scan10,subset_uniform,4,32,9,0.007211089134216309,7.096987247467041,5.029665946960449,1.0,659.7174072265625,0.0,4.153363227844238,0.1040329784154892,0.20383195579051971,0.01354030892252922,0.0036407606676220894,0.003570328466594219,14,13,13,12,0,0,0,0
scan10,subset_uniform,5,40,9,0.009893245063722134,12.252817153930664,6.705981731414795,1.0,681.293212890625,0.0,0.0,0.11955869942903519,0.2332722246646881,0.018124127760529518,0.0058563100174069405,0.004036935046315193,14,14,13,13,0,0,0,0
scan10,subset_uniform,0,0,10,0.003633353626355529,3.514350414276123,2.3333704471588135,0.9999999403953552,627.3146362304688,0.0,0.0,0.08685578405857086,0.170118048787117,0.010841676965355873,0.0030962012242525816,0.0005371524021029472,11,11,11,11,0,0,0,0
scan10,subset_uniform,1,8,10,0.003753150813281536,3.494845390319824,2.5658299922943115,1.0,642.1450805664062,0.0,0.0,0.0881287232041359,0.17427176237106323,0.009683528915047646,0.0031796821858733892,0.0005734686274081469,12,11,11,11,0,0,0,0
scan10,subset_uniform,2,16,10,0.004468933679163456,4.2357001304626465,3.058868885040283,1.0,655.1551513671875,0.0,0.0,0.09450787305831909,0.18477065861225128,0.008802233263850212,0.003264554077759385,0.0012043796014040709,12,12,12,11,0,0,0,0
scan10,subset_uniform,3,24,10,0.005623303819447756,5.892125606536865,4.004926681518555,1.0,655.59765625,0.0,3.6599278450012207,0.08785154670476913,0.17339475452899933,0.006415242329239845,0.0032205490861088037,0.002402754733338952,16,15,14,13,0,0,0,0
scan10,subset_uniform,4,32,10,0.005896522663533688,6.013025760650635,4.115701675415039,1.0,659.6993408203125,0.0,0.0,0.09058304131031036,0.17885097861289978,0.0065673161298036575,0.0036407606676220894,0.002255761995911598,14,13,13,12,0,0,0,0
scan10,subset_uniform,5,40,10,0.00874262023717165,12.245190620422363,6.034504413604736,1.0,681.2755737304688,0.0,0.0,0.10215111821889877,0.19968533515930176,0.008532675914466381,0.0058563100174069405,0.0028863102197647095,14,14,13,13,0,0,0,0
scan10,subset_uniform,0,0,11,0.0030172558035701513,3.025301933288574,1.9336967468261719,0.9999999403953552,627.2977905273438,0.0,0.0,0.07728689908981323,0.15234549343585968,0.007850248366594315,0.0030962012242525816,-7.894542068243027e-05,11,11,11,11,1,1,1,1
scan10,subset_uniform,1,8,11,0.003234179224818945,3.014862537384033,2.208085536956787,1.0,642.130859375,0.0,2.332296848297119,0.07892872393131256,0.15534180402755737,0.00744019215926528,0.0031796821858733892,5.449703894555569e-05,12,11,11,11,0,1,1,1
scan10,subset_uniform,2,16,11,0.003570342669263482,3.412870407104492,2.448537588119507,1.0,655.1417236328125,0.0,1.7459642887115479,0.08362806588411331,0.16371025145053864,0.007460326422005892,0.003264554077759385,0.000305788591504097,12,12,12,11,0,0,0,1
scan10,subset_uniform,3,24,11,0.004510057624429464,4.7470011711120605,3.2137787342071533,1.0,655.5838012695312,0.0,3.464358329772949,0.07943157851696014,0.15651579201221466,0.004085204564034939,0.0032205490861088037,0.0012895085383206606,16,15,14,13,0,0,0,0
scan10,subset_uniform,4,32,11,0.00470583513379097,4.868147373199463,3.283879280090332,1.0,659.685546875,0.0,0.0,0.08025366067886353,0.15939049422740936,0.005864058155566454,0.0036407606676220894,0.0010650744661688805,14,13,13,12,0,0,0,0
scan10,subset_uniform,5,40,11,0.007484415080398321,10.617341995239258,5.1274824142456055,1.0,681.2604370117188,0.0,1.060171365737915,0.08967974036931992,0.1739482432603836,0.010187173262238503,0.0058563100174069405,0.0016281050629913807,14,14,13,13,0,0,0,0
scan10,subset_uniform,0,0,12,0.003163480432704091,3.077989101409912,2.029195547103882,0.9999999403953552,627.2867431640625,0.0,0.0,0.07210435718297958,0.1406533122062683,0.005086829885840416,0.0030962012242525816,6.727920845150948e-05,11,11,11,11,0,0,1,1
scan10,subset_uniform,1,8,12,0.003115786239504814,2.8342020511627197,2.1197662353515625,1.0,642.1204223632812,0.0,0.0,0.07407234609127045,0.14444749057292938,0.0050507113337516785,0.0031796821858733892,-6.38959463685751e-05,12,11,11,11,1,1,1,1
scan10,subset_uniform,2,16,12,0.0032419811468571424,3.098179817199707,2.227841854095459,1.0,655.1325073242188,0.0,3.0076515674591064,0.077705979347229,0.15065328776836395,0.00536259775981307,0.003264554077759385,-2.257293090224266e-05,12,12,12,11,1,1,1,1
scan10,subset_uniform,3,24,12,0.00371933332644403,3.888336658477783,2.65055251121521,1.0,655.5735473632812,0.0,0.0,0.07474658638238907,0.1457872986793518,0.0037996440660208464,0.0032205490861088037,0.0004987842403352261,16,15,14,13,0,0,0,0
scan10,subset_uniform,4,32,12,0.003982162103056908,4.120522975921631,2.7852487564086914,1.0,659.6744384765625,0.0,0.0,0.07574168592691422,0.14769650995731354,0.0056343963369727135,0.0036407606676220894,0.00034140143543481827,14,13,13,12,0,0,0,1
scan10,subset_uniform,5,40,12,0.006726985331624746,9.709870338439941,4.576245307922363,1.0,681.2498168945312,0.0,3.1720023155212402,0.08209100365638733,0.15914897620677948,0.011151239275932312,0.0058563100174069405,0.0008706753142178059,14,14,13,13,0,0,0,0
scan10,subset_uniform,0,0,13,0.003382537979632616,3.200199842453003,2.1742448806762695,0.9999999403953552,627.2770385742188,0.0,0.0,0.06764344871044159,0.13281826674938202,0.0056747375056147575,0.0030962012242525816,0.00028633675538003445,11,11,11,11,0,0,0,1
scan10,subset_uniform,1,8,13,0.003206130350008607,2.8362832069396973,2.1700034141540527,1.0,642.110107421875,0.0,1.9160168170928955,0.06939039379358292,0.13681866228580475,0.006086229812353849,0.0031796821858733892,2.6448164135217667e-05,12,11,11,11,1,1,1,1
scan10,subset_uniform,2,16,13,0.0032513178884983063,3.1042466163635254,2.241302490234375,1.0,655.123046875,0.0,3.8641679286956787,0.07220930606126785,0.14217789471149445,0.006433529779314995,0.003264554077759385,-1.3236189261078835e-05,12,12,12,11,1,1,1,1
scan10,subset_uniform,3,24,13,0.003389208810403943,3.4624204635620117,2.408824920654297,1.0,655.5640258789062,0.0,3.1087276935577393,0.07058655470609665,0.13873985409736633,0.0049985917285084724,0.0032205490861088037,0.0001686597242951393,16,15,14,13,0,0,0,1
scan10,subset_uniform,4,32,13,0.0036870306357741356,3.757939577102661,2.5790083408355713,1.0,659.6646728515625,0.0,2.262004852294922,0.07157564163208008,0.14060884714126587,0.006112521514296532,0.0036407606676220894,4.6269968152046204e-05,14,13,13,12,0,1,1,1
scan10,subset_uniform,5,40,13,0.006016795057803392,8.705693244934082,4.039992809295654,1.0,681.2396850585938,0.0,1.1092405319213867,0.07604490965604782,0.1491769552230835,0.011978764086961746,0.0058563100174069405,0.00016048504039645195,14,14,13,13,0,0,1,1
scan10,subset_uniform,0,0,14,0.0033136915881186724,3.2066538333892822,2.134117841720581,0.9999999403953552,627.2684326171875,0.0,0.0,0.06691930443048477,0.1289598047733307,0.0062225437723100185,0.0030962012242525816,0.00021749036386609077,11,11,11,11,0,0,0,1
scan10,subset_uniform,1,8,14,0.0032634451054036617,2.8576157093048096,2.2014505863189697,1.0,642.101318359375,0.0,4.167861461639404,0.0687735453248024,0.13282419741153717,0.0060264416970312595,0.0031796821858733892,8.376291953027248e-05,12,11,11,11,0,0,1,1
scan10,subset_uniform,2,16,14,0.0033158166334033012,3.1602985858917236,2.286550521850586,1.0,655.115234375,0.0,0.0,0.07126551121473312,0.13731306791305542,0.005843098275363445,0.003264554077759385,5.126255564391613e-05,12,12,12,11,0,1,1,1
scan10,subset_uniform,3,24,14,0.003325359895825386,3.344841718673706,2.360039710998535,1.0,655.5557250976562,0.0,2.873511552810669,0.07037154585123062,0.135562926530838,0.005364247597754002,0.0032205490861088037,0.0001048108097165823,16,15,14,13,0,0,1,1
scan10,subset_uniform,4,32,14,0.003633648855611682,3.688920497894287,2.5443196296691895,1.0,659.6563720703125,0.0,0.0,0.07112795859575272,0.1372200846672058,0.005777136888355017,0.0036407606676220894,-7.111812010407448e-06,14,13,13,12,1,1,1,1
scan10,subset_uniform,5,40,14,0.005879520904272795,8.456038475036621,3.929337501525879,1.0,681.23193359375,0.0,2.7457351684570312,0.07333099097013474,0.14247165620326996,0.011907152831554413,0.0058563100174069405,2.3210886865854263e-05,14,14,13,13,1,1,1,1
scan10,subset_uniform,0,0,15,0.0032029529102146626,3.2101240158081055,2.06394100189209,0.9999999403953552,627.261474609375,0.0,0.0,0.06763739138841629,0.1295696198940277,0.00499010318890214,0.0030962012242525816,0.00010675168596208096,11,11,11,11,0,0,1,1
scan10,subset_uniform,1,8,15,0.003232646966353059,2.8362886905670166,2.181342601776123,1.0,642.093994140625,0.0,0.0,0.07041098922491074,0.13407114148139954,0.005220512859523296,0.0031796821858733892,5.296478047966957e-05,12,11,11,11,0,1,1,1
scan10,subset_uniform,2,16,15,0.003283389378339052,3.147920846939087,2.267824172973633,1.0,655.108642578125,0.0,3.903144121170044,0.07220704108476639,0.1377391517162323,0.005273126997053623,0.003264554077759385,1.883530057966709e-05,12,12,12,11,1,1,1,1
scan10,subset_uniform,3,24,15,0.0032699895091354847,3.2619779109954834,2.3193273544311523,1.0,655.548583984375,0.0,2.439115047454834,0.07164610177278519,0.1367616355419159,0.004523865878582001,0.0032205490861088037,4.9440423026680946e-05,16,15,14,13,0,1,1,1
scan10,subset_uniform,4,32,15,0.0035557905212044716,3.631232500076294,2.494795799255371,1.0,659.649169921875,0.0,2.229672908782959,0.07228201627731323,0.13817642629146576,0.0048779211938381195,0.0036407606676220894,-8.49701464176178e-05,14,13,13,12,1,1,1,1
scan10,subset_uniform,5,40,15,0.0058466470800340176,8.355385780334473,3.8942062854766846,1.0,681.2255249023438,0.0,3.615034341812134,0.07383519411087036,0.14130176603794098,0.013966257683932781,0.0058563100174069405,-9.662937372922897e-06,14,14,13,13,1,1,1,1
scan10,subset_uniform,0,0,16,0.0030962012242525816,3.2246968746185303,1.9931261539459229,0.9999999403953552,627.2552490234375,0.0,0.0,0.06622346490621567,0.12933363020420074,0.003927312325686216,0.0030962012242525816,0.0,11,11,11,11,1,1,1,1
scan10,subset_uniform,1,8,16,0.0031796821858733892,2.8066110610961914,2.1496224403381348,1.0,642.0868530273438,0.0,0.0,0.06983266025781631,0.1352538913488388,0.004970152396708727,0.0031796821858733892,0.0,12,11,11,11,1,1,1,1
scan10,subset_uniform,2,16,16,0.003264554077759385,3.1437833309173584,2.256734609603882,1.0,655.1019287109375,0.0,0.0,0.07108723372220993,0.13792088627815247,0.0054739126935601234,0.003264554077759385,0.0,12,12,12,11,1,1,1,1
scan10,subset_uniform,3,24,16,0.0032205490861088037,3.1541330814361572,2.280499219894409,1.0,655.5411376953125,0.0,2.7502942085266113,0.07115333527326584,0.13769803941249847,0.004553245380520821,0.0032205490861088037,0.0,16,15,14,13,1,1,1,1
scan10,subset_uniform,4,32,16,0.0036407606676220894,3.711122989654541,2.5595359802246094,1.0,659.6419677734375,0.0,0.0,0.07152244448661804,0.13872438669204712,0.004639379680156708,0.0036407606676220894,0.0,14,13,13,12,1,1,1,1
scan10,subset_uniform,5,40,16,0.0058563100174069405,8.389904022216797,3.903125524520874,1.0,681.2198486328125,0.0,0.0,0.07193717360496521,0.14022009074687958,0.015084232203662395,0.0058563100174069405,0.0,14,14,13,13,1,1,1,1
scan11,subset_middle,0,24,8,0.014257591217756271,15.046344757080078,9.26467227935791,0.9999589323997498,650.0245971679688,0.0,0.0,0.0809808298945427,0.16342267394065857,0.0,0.005807994399219751,0.00844959681853652,16,15,15,14,0,0,0,0
scan11,subset_middle,1,0,8,0.015160816721618176,15.430450439453125,9.655077934265137,1.0,624.3394165039062,0.0,0.0,0.08836685866117477,0.1736508011817932,0.0,0.007516474928706884,0.007644341792911291,15,15,14,13,0,0,0,0
scan11,subset_middle,2,1,8,0.015362436883151531,15.302648544311523,9.913317680358887,0.9999918937683105,630.033203125,0.0,1.8431313037872314,0.08478216081857681,0.16987119615077972,0.0,0.0067700669169425964,0.008592369966208935,15,15,14,13,0,0,0,0
scan11,subset_middle,3,2,8,0.013380974531173706,14.912339210510254,8.610048294067383,1.0,633.14697265625,0.0,0.0,0.08865416049957275,0.17621631920337677,0.0,0.00720139080658555,0.006179583724588156,13,13,12,12,0,0,0,0
scan11,subset_middle,4,3,8,0.012837463989853859,14.545051574707031,8.028360366821289,1.0,631.5987548828125,0.0,0.0,0.0957270935177803,0.18884429335594177,0.0,0.007466583978384733,0.005370880011469126,13,13,12,12,0,0,0,0
scan11,subset_middle,5,4,8,0.014280284754931927,16.083955764770508,8.535388946533203,0.9988062977790833,620.8020629882812,0.0,0.0,0.11414728313684464,0.21766498684883118,0.0,0.007515653967857361,0.006764630787074566,14,13,13,12,0,0,0,0
scan11,subset_middle,0,24,9,0.012019425630569458,13.909347534179688,7.837587833404541,0.9999753832817078,650.0161743164062,0.0,0.0,0.07076507061719894,0.14212091267108917,0.009739917702972889,0.005807994399219751,0.006211431231349707,16,15,15,14,0,0,0,0
scan11,subset_middle,1,0,9,0.013179194182157516,14.079160690307617,8.391641616821289,1.0,624.3318481445312,0.0,1.980310082435608,0.07916826754808426,0.153166264295578,0.010070945136249065,0.007516474928706884,0.005662719253450632,15,15,14,13,0,0,0,0
scan11,subset_middle,2,1,9,0.013029300607740879,13.489091873168945,8.395727157592773,0.9999918937683105,630.0252685546875,0.0,3.7943148612976074,0.07594446837902069,0.14787109196186066,0.009237290360033512,0.0067700669169425964,0.006259233690798283,15,15,14,13,0,0,0,0
scan11,subset_middle,3,2,9,0.011387957260012627,13.114493370056152,7.298460483551025,1.0,633.1388549804688,0.0,0.0,0.07991907745599747,0.15303152799606323,0.009386000223457813,0.00720139080658555,0.004186566453427076,13,13,12,12,0,0,0,0
scan11,subset_middle,4,3,9,0.011440346948802471,13.240743637084961,7.138268947601318,1.0,631.5922241210938,0.0,0.36584022641181946,0.08542503416538239,0.1630799025297165,0.009190971963107586,0.007466583978384733,0.003973762970417738,13,13,12,12,0,0,0,0
scan11,subset_middle,5,4,9,0.01300766784697771,15.069779396057129,7.79179048538208,0.9988252520561218,620.7958374023438,0.0,3.540275812149048,0.0987539142370224,0.186555415391922,0.01063922606408596,0.007515653967857361,0.00549201387912035,14,13,13,12,0,0,0,0
scan11,subset_middle,0,24,10,0.009882313199341297,12.963473320007324,6.470406532287598,0.9999753832817078,650.0108032226562,0.0,0.0,0.06562387198209763,0.12950395047664642,0.007997997105121613,0.005807994399219751,0.004074318800121546,16,15,15,14,0,0,0,0
scan11,subset_middle,1,0,10,0.010934830643236637,12.677617073059082,6.948093891143799,1.0,624.3274536132812,0.0,0.0,0.07335067540407181,0.14174197614192963,0.008018222637474537,0.007516474928706884,0.0034183557145297527,15,15,14,13,0,0,0,0
scan11,subset_middle,2,1,10,0.010641294531524181,12.057342529296875,6.839711666107178,1.0,630.0198364257812,0.0,2.46791410446167,0.07062716782093048,0.13748785853385925,0.007847250439226627,0.0067700669169425964,0.003871227614581585,15,15,14,13,0,0,0,0
scan11,subset_middle,3,2,10,0.009492083452641964,11.842698097229004,6.052992343902588,1.0,633.1326904296875,0.0,4.424077987670898,0.07322750240564346,0.1418919861316681,0.008174958638846874,0.00720139080658555,0.0022906926460564137,13,13,12,12,0,0,0,0
scan11,subset_middle,4,3,10,0.009644731879234314,12.146634101867676,6.0057806968688965,1.0,631.5872802734375,0.0,1.4509086608886719,0.07744258642196655,0.14901597797870636,0.009054231457412243,0.007466583978384733,0.0021781479008495808,13,13,12,12,0,0,0,0
scan11,subset_middle,5,4,10,0.010249889455735683,14.200286865234375,6.173995494842529,0.9988347291946411,620.7913208007812,0.0,0.0,0.09050903469324112,0.1688617616891861,0.010285147465765476,0.007515653967857361,0.0027342354878783226,14,13,13,12,0,0,0,0
scan11,subset_middle,0,24,11,0.008390682749450207,12.340568542480469,5.509376525878906,0.999991774559021,650.007080078125,0.0,0.0,0.061671480536460876,0.12202812731266022,0.0065688821487128735,0.005807994399219751,0.0025826883502304554,16,15,15,14,0,0,0,0
scan11,subset_middle,1,0,11,0.00943426787853241,11.808270454406738,5.985996723175049,1.0,624.324951171875,0.0,0.0,0.06822998076677322,0.13313542306423187,0.00573498010635376,0.007516474928706884,0.0019177929498255253,15,15,14,13,0,0,0,0
scan11,subset_middle,2,1,11,0.008962446823716164,11.195151329040527,5.7492523193359375,1.0,630.0166015625,0.0,4.217561721801758,0.06648783385753632,0.13026440143585205,0.005554279312491417,0.0067700669169425964,0.002192379906773567,15,15,14,13,0,0,0,0
scan11,subset_middle,3,2,11,0.008120840415358543,11.155895233154297,5.1579203605651855,1.0,633.12890625,0.0,0.0,0.0681440606713295,0.13321225345134735,0.006012602709233761,0.00720139080658555,0.0009194496087729931,13,13,12,12,0,0,0,0
scan11,subset_middle,4,3,11,0.008387201465666294,11.497522354125977,5.208464622497559,1.0,631.5846557617188,0.0,2.5462207794189453,0.07102406769990921,0.1385698765516281,0.006373219657689333,0.007466583978384733,0.0009206174872815609,13,13,12,12,0,0,0,0
scan11,subset_middle,5,4,11,0.008840835653245449,13.919668197631836,5.339073657989502,0.998863160610199,620.788330078125,0.0,4.263607501983643,0.08006268739700317,0.15515796840190887,0.006609707605093718,0.007515653967857361,0.0013251816853880882,14,13,13,12,0,0,0,0
scan11,subset_middle,0,24,12,0.007342908065766096,11.99621868133545,4.838383197784424,0.999991774559021,650.0036010742188,0.0,0.0,0.0612821951508522,0.11851977556943893,0.004933392163366079,0.005807994399219751,0.0015349136665463448,16,15,15,14,0,0,0,0
scan11,subset_middle,1,0,12,0.008551075123250484,11.333885192871094,5.423191547393799,1.0,624.3215942382812,0.0,0.0,0.06658808887004852,0.12844513356685638,0.003841957077383995,0.007516474928706884,0.0010346001945436,15,15,14,13,0,0,0,0
scan11,subset_middle,2,1,12,0.007842092774808407,10.685321807861328,5.0224456787109375,1.0,630.0133666992188,0.0,3.7611939907073975,0.06552661210298538,0.1263444721698761,0.003943358547985554,0.0067700669169425964,0.0010720258578658104,15,15,14,13,0,0,0,0
scan11,subset_middle,3,2,12,0.007476266473531723,10.83493423461914,4.734244346618652,1.0,633.1251831054688,0.0,2.1253199577331543,0.06688083708286285,0.12835891544818878,0.004110680427402258,0.00720139080658555,0.0002748756669461727,13,13,12,12,0,0,1,1
scan11,subset_middle,4,3,12,0.007626435719430447,11.0929536819458,4.7238240242004395,1.0,631.58203125,0.0,0.0,0.06923141330480576,0.1323879063129425,0.004081315360963345,0.007466583978384733,0.00015985174104571342,13,13,12,12,0,0,1,1
scan11,subset_middle,5,4,12,0.007952120155096054,13.597938537597656,4.81659460067749,0.9987305402755737,620.7857055664062,0.0,3.7088208198547363,0.07467535138130188,0.14348576962947845,0.005329231731593609,0.007515653967857361,0.00043646618723869324,14,13,13,12,0,0,0,1
scan11,subset_middle,0,24,13,0.006648688111454248,11.796971321105957,4.387986660003662,0.999991774559021,649.9981079101562,0.0,0.0,0.05981668829917908,0.1173427477478981,0.004000967368483543,0.005807994399219751,0.0008406937122344971,16,15,15,14,0,0,0,0
scan11,subset_middle,1,0,13,0.008060680702328682,11.10423755645752,5.113142967224121,1.0,624.3165283203125,0.0,2.3438491821289062,0.06472314894199371,0.12627024948596954,0.0028389974031597376,0.007516474928706884,0.0005442057736217976,15,15,14,13,0,0,0,1
scan11,subset_middle,2,1,13,0.007217950187623501,10.460345268249512,4.621850967407227,1.0,630.0084838867188,0.0,0.0,0.06399330496788025,0.12481551617383957,0.0034937486052513123,0.0067700669169425964,0.0004478832706809044,15,15,14,13,0,0,0,1
scan11,subset_middle,3,2,13,0.007185397669672966,10.645132064819336,4.546571254730225,1.0,633.1204833984375,0.0,3.9380574226379395,0.06478817015886307,0.125981405377388,0.0032172377686947584,0.00720139080658555,-1.5993136912584305e-05,13,13,12,12,1,1,1,1
scan11,subset_middle,4,3,13,0.007373534142971039,10.90359115600586,4.559969902038574,1.0,631.5777587890625,0.0,0.0,0.06691481918096542,0.12983451783657074,0.0027587544173002243,0.007466583978384733,-9.304983541369438e-05,13,13,12,12,1,1,1,1
scan11,subset_middle,5,4,13,0.007596204522997141,13.388081550598145,4.608564853668213,0.9987494945526123,620.7822265625,0.0,0.0,0.07080350071191788,0.13742473721504211,0.003357056062668562,0.007515653967857361,8.055055513978004e-05,14,13,13,12,0,1,1,1
scan11,subset_middle,0,24,14,0.006174576934427023,11.661705017089844,4.07988166809082,0.999991774559021,649.9922485351562,0.0,0.0,0.061011429876089096,0.11720789968967438,0.0043725441209971905,0.005807994399219751,0.0003665825352072716,16,15,15,14,0,0,0,1
scan11,subset_middle,1,0,14,0.00771703477948904,10.942319869995117,4.896963119506836,1.0,624.3112182617188,0.0,0.0,0.06576801091432571,0.12592977285385132,0.003727035829797387,0.007516474928706884,0.000200559850782156,15,15,14,13,0,0,1,1
scan11,subset_middle,2,1,14,0.006936514284461737,10.345588684082031,4.443210601806641,1.0,630.0029907226562,0.0,4.508368492126465,0.06545283645391464,0.12509086728096008,0.00465388922020793,0.0067700669169425964,0.00016644736751914024,15,15,14,13,0,0,1,1
scan11,subset_middle,3,2,14,0.007128460798412561,10.55886459350586,4.510351657867432,1.0,633.1150512695312,0.0,2.4782028198242188,0.06564927846193314,0.12557190656661987,0.004276261664927006,0.00720139080658555,-7.293000817298889e-05,13,13,12,12,1,1,1,1
scan11,subset_middle,4,3,14,0.0073486086912453175,10.837512016296387,4.541409492492676,1.0,631.572998046875,0.0,0.0,0.06729459017515182,0.1286695897579193,0.003565668361261487,0.007466583978384733,-0.00011797528713941574,13,13,12,12,1,1,1,1
scan11,subset_middle,5,4,14,0.007492156699299812,13.31884479522705,4.551253318786621,0.9987210631370544,620.778076171875,0.0,1.401512861251831,0.07004518806934357,0.13412941992282867,0.004245401360094547,0.007515653967857361,-2.3497268557548523e-05,14,13,13,12,1,1,1,1
scan11,subset_middle,0,24,15,0.005903529468923807,11.550413131713867,3.9002645015716553,0.999991774559021,649.9868774414062,0.0,0.0,0.0635434091091156,0.12094173580408096,0.0040404521860182285,0.005807994399219751,9.553506970405579e-05,16,15,15,14,0,1,1,1
scan11,subset_middle,1,0,15,0.007538121193647385,10.890606880187988,4.787660121917725,1.0,624.3060302734375,0.0,3.1467831134796143,0.06762269884347916,0.1290077567100525,0.0031859995797276497,0.007516474928706884,2.164626494050026e-05,15,15,14,13,1,1,1,1
scan11,subset_middle,2,1,15,0.0067777191288769245,10.28499698638916,4.345727443695068,1.0,629.9977416992188,0.0,0.0,0.06750302016735077,0.12871645390987396,0.004157771356403828,0.0067700669169425964,7.65221193432808e-06,15,15,14,13,1,1,1,1
scan11,subset_middle,3,2,15,0.007135630119591951,10.48164176940918,4.518197059631348,1.0,633.1097412109375,0.0,0.0,0.06745321303606033,0.12863901257514954,0.003720935434103012,0.00720139080658555,-6.576068699359894e-05,13,13,12,12,1,1,1,1
scan11,subset_middle,4,3,15,0.007379260379821062,10.80290699005127,4.561312675476074,1.0,631.5687255859375,0.0,2.0781075954437256,0.06874258071184158,0.13112908601760864,0.003064820310100913,0.007466583978384733,-8.732359856367111e-05,13,13,12,12,1,1,1,1
scan11,subset_middle,5,4,15,0.007503747474402189,13.293906211853027,4.5640645027160645,0.9987873435020447,620.7742309570312,0.0,2.7097835540771484,0.07066388428211212,0.13513219356536865,0.003468459937721491,0.007515653967857361,-1.1906493455171585e-05,14,13,13,12,1,1,1,1
scan11,subset_middle,0,24,16,0.005807994399219751,11.482669830322266,3.832146406173706,0.999991774559021,649.9812622070312,0.0,0.0,0.06537165492773056,0.12498865276575089,0.004189921077340841,0.005807994399219751,0.0,16,15,15,14,1,1,1,1
scan11,subset_middle,1,0,16,0.007516474928706884,10.888819694519043,4.777069568634033,1.0,624.3010864257812,0.0,0.0,0.06853511929512024,0.1316293627023697,0.0031342569272965193,0.007516474928706884,0.0,15,15,14,13,1,1,1,1
scan11,subset_middle,2,1,16,0.0067700669169425964,10.28679370880127,4.345003128051758,1.0,629.9922485351562,0.0,2.4164607524871826,0.06861093640327454,0.13163809478282928,0.0040701390244066715,0.0067700669169425964,0.0,15,15,14,13,1,1,1,1
scan11,subset_middle,3,2,16,0.00720139080658555,10.474849700927734,4.562338829040527,1.0,633.1041870117188,0.0,0.0,0.0683860331773758,0.1312747746706009,0.0033258656039834023,0.00720139080658555,0.0,13,13,12,12,1,1,1,1
scan11,subset_middle,4,3,16,0.007466583978384733,10.809172630310059,4.6166462898254395,1.0,631.56396484375,0.0,2.0590906143188477,0.06938225030899048,0.13335643708705902,0.00292529771104455,0.007466583978384733,0.0,13,13,12,12,1,1,1,1
scan11,subset_middle,5,4,16,0.007515653967857361,13.33768081665039,4.576088905334473,0.9988062977790833,620.7703247070312,0.0,2.7097835540771484,0.07023520767688751,0.13575850427150726,0.003163211513310671,0.007515653967857361,0.0,14,13,13,12,1,1,1,1
scan11,subset_uniform,0,0,8,0.010797807015478611,13.227663040161133,6.867953777313232,1.0,624.4033203125,0.0,0.0,0.07239969819784164,0.14361539483070374,0.0,0.006597071420401335,0.004200735595077276,15,14,13,12,0,0,0,0
scan11,subset_uniform,1,8,8,0.009465587325394154,11.692145347595215,6.071630001068115,0.9999999403953552,639.9962768554688,0.0,2.9620046615600586,0.07777192443609238,0.1542140692472458,0.0,0.005872352048754692,0.0035932352766394615,12,12,11,11,0,0,0,0
scan11,subset_uniform,2,16,8,0.009953481145203114,12.418156623840332,6.372479438781738,0.9999999403953552,643.0980224609375,0.0,0.0,0.0795372948050499,0.15716344118118286,0.0,0.005879092961549759,0.004074388183653355,12,12,12,11,0,0,0,0
scan11,subset_uniform,3,24,8,0.00926822330802679,12.684218406677246,6.084586143493652,0.999983549118042,649.9957275390625,0.0,2.7431674003601074,0.07961025834083557,0.15916316211223602,0.0,0.004998770076781511,0.004269453231245279,13,13,13,12,0,0,0,0
scan11,subset_uniform,4,32,8,0.008203623816370964,9.30309009552002,5.2851667404174805,0.9999269843101501,654.1468505859375,0.0,0.0,0.0811866819858551,0.16245213150978088,0.0,0.004356368910521269,0.003847254905849695,14,14,13,12,0,0,0,0
scan11,subset_uniform,5,40,8,0.015156077221035957,15.087153434753418,9.02701473236084,0.9989660382270813,661.8683471679688,0.0,0.0,0.08570275455713272,0.17435604333877563,0.0,0.005797107238322496,0.009358969982713461,15,15,14,13,0,0,0,0
scan11,subset_uniform,0,0,9,0.008924544788897038,12.29970932006836,5.6608805656433105,1.0,624.3900146484375,0.0,0.0,0.0669635534286499,0.1292123943567276,0.007713681552559137,0.006597071420401335,0.0023274733684957027,15,14,13,12,0,0,0,0
scan11,subset_uniform,1,8,9,0.007954156957566738,11.036491394042969,5.10486364364624,0.9999999403953552,639.98486328125,0.0,3.081657648086548,0.07096085697412491,0.13744615018367767,0.005086473189294338,0.005872352048754692,0.002081804908812046,12,12,11,11,0,0,0,0
scan11,subset_uniform,2,16,9,0.008364412933588028,11.802793502807617,5.370544910430908,0.9999999403953552,643.0875854492188,0.0,4.102457523345947,0.07271308451890945,0.1400621235370636,0.00449730409309268,0.005879092961549759,0.002485319972038269,12,12,12,11,0,0,0,0
scan11,subset_uniform,3,24,9,0.007722274865955114,12.219644546508789,5.082678318023682,0.999983549118042,649.983642578125,0.0,0.0,0.07206239551305771,0.1415262222290039,0.008306711912155151,0.004998770076781511,0.002723504789173603,13,13,13,12,0,0,0,0
scan11,subset_uniform,4,32,9,0.006967652123421431,8.115419387817383,4.444483757019043,0.9999908804893494,654.1344604492188,0.0,4.70914888381958,0.07370489835739136,0.1449512541294098,0.012020575813949108,0.004356368910521269,0.0026112832129001617,14,14,13,12,0,0,0,0
scan11,subset_uniform,5,40,9,0.012028519064188004,13.714048385620117,7.228870391845703,0.998953104019165,661.8604736328125,0.0,0.0,0.07552710175514221,0.1516682505607605,0.007893988862633705,0.005797107238322496,0.006231411825865507,15,15,14,13,0,0,0,0
scan11,subset_uniform,0,0,10,0.00796408299356699,11.772624969482422,5.044342517852783,1.0,624.3814697265625,0.0,0.0,0.0628601461648941,0.12185055762529373,0.005249690264463425,0.006597071420401335,0.0013670115731656551,15,14,13,12,0,0,0,0
scan11,subset_uniform,1,8,10,0.006850056815892458,10.62721061706543,4.406275749206543,0.9999999403953552,639.9778442382812,0.0,2.5229759216308594,0.06705859303474426,0.12876400351524353,0.00481131486594677,0.005872352048754692,0.0009777047671377659,12,12,11,11,0,0,0,0
scan11,subset_uniform,2,16,10,0.00712888827547431,11.382309913635254,4.597459316253662,0.9999999403953552,643.0814208984375,0.0,3.5345747470855713,0.06860817223787308,0.13104408979415894,0.005325497128069401,0.005879092961549759,0.001249795313924551,12,12,12,11,0,0,0,0
scan11,subset_uniform,3,24,10,0.006482608150690794,11.939751625061035,4.289141654968262,0.999991774559021,649.9767456054688,0.0,0.0,0.06775502115488052,0.13236165046691895,0.007369901053607464,0.004998770076781511,0.0014838380739092827,13,13,13,12,0,0,0,0
scan11,subset_uniform,4,32,10,0.0059592523612082005,7.338967800140381,3.764397382736206,0.9999908804893494,654.1272583007812,0.0,4.258091449737549,0.06895378232002258,0.1350959688425064,0.011988712474703789,0.004356368910521269,0.0016028834506869316,14,14,13,12,0,0,0,0
scan11,subset_uniform,5,40,10,0.009631110355257988,12.83027458190918,5.848813533782959,0.9989014267921448,661.8525390625,0.0,3.6017940044403076,0.07002245634794235,0.13850164413452148,0.013590076006948948,0.005797107238322496,0.0038340031169354916,15,15,14,13,0,0,0,0
scan11,subset_uniform,0,0,11,0.007339821197092533,11.432250022888184,4.648444175720215,1.0,624.3756103515625,0.0,0.0,0.06064368411898613,0.11765091866254807,0.0037459160666912794,0.006597071420401335,0.0007427497766911983,15,14,13,12,0,0,0,0
scan11,subset_uniform,1,8,11,0.006151279900223017,10.367724418640137,3.958528757095337,0.9999999403953552,639.973388671875,0.0,0.0,0.06398051232099533,0.1242017149925232,0.003681124886497855,0.005872352048754692,0.00027892785146832466,12,12,11,11,0,0,1,1
scan11,subset_uniform,2,16,11,0.006368585862219334,11.13841438293457,4.111016750335693,0.9999999403953552,643.0770874023438,0.0,0.820914626121521,0.0656789168715477,0.1262488067150116,0.00547404820099473,0.005879092961549759,0.0004894929006695747,12,12,12,11,0,0,0,1
scan11,subset_uniform,3,24,11,0.005694702733308077,11.7622652053833,3.781416177749634,0.999991774559021,649.9721069335938,0.0,0.0,0.06507883965969086,0.1271594911813736,0.0070977467112243176,0.004998770076781511,0.0006959326565265656,13,13,13,12,0,0,0,0
scan11,subset_uniform,4,32,11,0.0052132392302155495,6.897361755371094,3.2875263690948486,0.9999908804893494,654.122314453125,0.0,4.518826961517334,0.06623808294534683,0.12914754450321198,0.011349614709615707,0.004356368910521269,0.0008568703196942806,14,14,13,12,0,0,0,0
scan11,subset_uniform,5,40,11,0.00785346981137991,12.262967109680176,4.804193019866943,0.9990306496620178,661.8485717773438,0.0,3.8899776935577393,0.06694997102022171,0.13110347092151642,0.017825914546847343,0.005797107238322496,0.002056362573057413,15,15,14,13,0,0,0,0
scan11,subset_uniform,0,0,12,0.007039023097604513,11.252389907836914,4.461299419403076,1.0,624.3707885742188,0.0,0.0,0.060510024428367615,0.11634401977062225,0.002981665777042508,0.006597071420401335,0.0004419516772031784,15,14,13,12,0,0,0,1
scan11,subset_uniform,1,8,12,0.005801585037261248,10.20958137512207,3.7377355098724365,0.9999999403953552,639.9697265625,0.0,3.8459835052490234,0.06369265913963318,0.12194308638572693,0.0031934650614857674,0.005872352048754692,-7.076701149344444e-05,12,12,11,11,1,1,1,1
scan11,subset_uniform,2,16,12,0.00593117531388998,10.962985038757324,3.8317267894744873,0.9999999403953552,643.0734252929688,0.0,0.0,0.06457426398992538,0.12411084771156311,0.004750133026391268,0.005879092961549759,5.2082352340221405e-05,12,12,12,11,1,1,1,1
scan11,subset_uniform,3,24,12,0.005274979863315821,11.661981582641602,3.5165364742279053,1.0,649.9683837890625,0.0,2.6084201335906982,0.06437034904956818,0.12423540651798248,0.005085592623800039,0.004998770076781511,0.0002762097865343094,13,13,13,12,0,0,0,1
scan11,subset_uniform,4,32,12,0.004778715781867504,6.667069911956787,3.015571355819702,1.0,654.1179809570312,0.0,2.5010807514190674,0.06564147770404816,0.12667185068130493,0.008986901491880417,0.004356368910521269,0.0004223468713462353,14,14,13,12,0,0,0,1
scan11,subset_uniform,5,40,12,0.0068635051138699055,12.05060863494873,4.2187819480896,0.9991340637207031,661.8452758789062,0.12508152425289154,4.347354412078857,0.06579865515232086,0.12768907845020294,0.016275469213724136,0.005797107238322496,0.001066397875547409,15,15,14,13,0,0,0,0
scan11,subset_uniform,0,0,13,0.0067970165982842445,11.130773544311523,4.312338352203369,1.0,624.3651733398438,0.0,0.0,0.058835409581661224,0.11534387618303299,0.00316541432403028,0.006597071420401335,0.00019994517788290977,15,14,13,12,0,0,1,1
scan11,subset_uniform,1,8,13,0.005626740399748087,10.099699020385742,3.625051736831665,0.9999999403953552,639.9649047851562,0.0,0.0,0.061567701399326324,0.12045017629861832,0.0028218880761414766,0.005872352048754692,-0.00024561164900660515,12,12,11,11,1,1,1,1
scan11,subset_uniform,2,16,13,0.0057332273572683334,10.889670372009277,3.7048792839050293,0.9999999403953552,643.0687255859375,0.0,2.9275033473968506,0.062482573091983795,0.12246770411729813,0.00391559349372983,0.005879092961549759,-0.00014586560428142548,12,12,12,11,1,1,1,1
scan11,subset_uniform,3,24,13,0.005048486869782209,11.625384330749512,3.3758397102355957,1.0,649.964111328125,0.0,0.0,0.06253016740083694,0.12239472568035126,0.003948766738176346,0.004998770076781511,4.971679300069809e-05,13,13,13,12,1,1,1,1
scan11,subset_uniform,4,32,13,0.004503743257373571,6.548673629760742,2.8459649085998535,1.0,654.1134033203125,0.0,3.606520891189575,0.06420881301164627,0.12517108023166656,0.006751335691660643,0.004356368910521269,0.00014737434685230255,14,14,13,12,0,0,1,1
scan11,subset_uniform,5,40,13,0.006296735256910324,11.920788764953613,3.876582384109497,0.9991599321365356,661.8387451171875,0.0,4.347354412078857,0.06418842077255249,0.12565293908119202,0.01326710730791092,0.005797107238322496,0.0004996280185878277,15,15,14,13,0,0,0,1
scan11,subset_uniform,0,0,14,0.006699206307530403,11.069870948791504,4.252997398376465,1.0,624.3585815429688,0.0,0.0,0.06014092266559601,0.11531480401754379,0.003916688729077578,0.006597071420401335,0.00010213488712906837,15,14,13,12,0,1,1,1
scan11,subset_uniform,1,8,14,0.0056701707653701305,10.035962104797363,3.652742862701416,0.9999999403953552,639.9593505859375,0.0,2.018097162246704,0.06267236918210983,0.12001822888851166,0.003643312258645892,0.005872352048754692,-0.00020218128338456154,12,12,11,11,1,1,1,1
scan11,subset_uniform,2,16,14,0.005722141824662685,10.803474426269531,3.6970126628875732,0.9999999403953552,643.0634765625,0.0,2.2116048336029053,0.06366562843322754,0.12203799933195114,0.003991642035543919,0.005879092961549759,-0.00015695113688707352,12,12,12,11,1,1,1,1
scan11,subset_uniform,3,24,14,0.004946691915392876,11.574893951416016,3.3128409385681152,1.0,649.9590454101562,0.0,0.0,0.06354039162397385,0.12196315824985504,0.0038983782287687063,0.004998770076781511,-5.2078161388635635e-05,13,13,13,12,1,1,1,1
scan11,subset_uniform,4,32,14,0.0043301330879330635,6.488173007965088,2.7424941062927246,1.0,654.1085815429688,0.0,3.883629322052002,0.06528352200984955,0.12510311603546143,0.005688713863492012,0.004356368910521269,-2.6235822588205338e-05,14,14,13,12,1,1,1,1
scan11,subset_uniform,5,40,14,0.006009487900882959,11.887974739074707,3.7090952396392822,0.9991211295127869,661.832275390625,0.0,0.0,0.06533656269311905,0.12541252374649048,0.011119524016976357,0.005797107238322496,0.00021238066256046295,15,15,14,13,0,0,1,1
scan11,subset_uniform,0,0,15,0.006622719578444958,10.977946281433105,4.20591402053833,1.0,624.3524780273438,0.0,0.0,0.06261815875768661,0.1191456988453865,0.0035865416284650564,0.006597071420401335,2.564815804362297e-05,15,14,13,12,1,1,1,1
scan11,subset_uniform,1,8,15,0.0057532694190740585,9.98234748840332,3.705512523651123,0.9999999403953552,639.9539794921875,0.0,3.853410005569458,0.06476020067930222,0.12345553189516068,0.003363390453159809,0.005872352048754692,-0.00011908262968063354,12,12,11,11,1,1,1,1
scan11,subset_uniform,2,16,15,0.005765887442976236,10.751293182373047,3.723510503768921,0.9999999403953552,643.058837890625,0.0,3.560570001602173,0.06564223021268845,0.1251928210258484,0.003641068469733,0.005879092961549759,-0.00011320551857352257,12,12,12,11,1,1,1,1
scan11,subset_uniform,3,24,15,0.0049300845712423325,11.537118911743164,3.3018293380737305,1.0,649.9547119140625,0.0,0.6145305037498474,0.0658435970544815,0.12529850006103516,0.00365027179941535,0.004998770076781511,-6.868550553917885e-05,13,13,13,12,1,1,1,1
scan11,subset_uniform,4,32,15,0.0043020714074373245,6.450370788574219,2.724924087524414,1.0,654.1040649414062,0.0,2.040759563446045,0.06743553280830383,0.1284492462873459,0.004782248754054308,0.004356368910521269,-5.429750308394432e-05,14,14,13,12,1,1,1,1
scan11,subset_uniform,5,40,15,0.0058520520105957985,11.836750030517578,3.6159238815307617,0.9991081953048706,661.8284301757812,0.0,1.648532509803772,0.0670914500951767,0.1283564567565918,0.00924825668334961,0.005797107238322496,5.494477227330208e-05,15,15,14,13,1,1,1,1
scan11,subset_uniform,0,0,16,0.006597071420401335,10.937751770019531,4.188990116119385,1.0,624.3466186523438,0.0,0.0,0.06464288383722305,0.12335088849067688,0.0034320743288844824,0.006597071420401335,0.0,15,14,13,12,1,1,1,1
scan11,subset_uniform,1,8,16,0.005872352048754692,9.957401275634766,3.7811975479125977,0.9999999403953552,639.9483032226562,0.0,0.0,0.06623223423957825,0.12681138515472412,0.003320863237604499,0.005872352048754692,0.0,12,12,11,11,1,1,1,1
scan11,subset_uniform,2,16,16,0.005879092961549759,10.692482948303223,3.7931082248687744,0.9999999403953552,643.0535888671875,0.0,0.0,0.06680916994810104,0.128160297870636,0.0035405554808676243,0.005879092961549759,0.0,12,12,12,11,1,1,1,1
scan11,subset_uniform,3,24,16,0.004998770076781511,11.495235443115234,3.3448610305786133,1.0,649.9495849609375,0.0,0.0,0.06683806329965591,0.12841401994228363,0.0034852775279432535,0.004998770076781511,0.0,13,13,13,12,1,1,1,1
scan11,subset_uniform,4,32,16,0.004356368910521269,6.462902069091797,2.7602925300598145,1.0,654.0992431640625,0.0,4.151335716247559,0.06815242767333984,0.13113167881965637,0.004045896232128143,0.004356368910521269,0.0,14,14,13,12,1,1,1,1
scan11,subset_uniform,5,40,16,0.005797107238322496,11.820780754089355,3.586638927459717,0.9991469979286194,661.8216552734375,0.0,0.0,0.067722387611866,0.1305077224969864,0.008679501712322235,0.005797107238322496,0.0,15,15,14,13,1,1,1,1
scan12,subset_middle,0,24,8,0.02012121118605137,47.55312728881836,15.511656761169434,0.9709965586662292,664.892578125,0.0,0.0,0.10570579022169113,0.2095600664615631,0.0,0.012426581233739853,0.007694629952311516,16,15,14,13,0,0,0,0
scan12,subset_middle,1,0,8,0.01329247746616602,14.346245765686035,8.625288963317871,1.0,645.27734375,0.12508152425289154,2.4714012145996094,0.10541104525327682,0.20641525089740753,0.0,0.004975432530045509,0.00831704493612051,16,16,15,14,0,0,0,0
scan12,subset_middle,2,1,8,0.012758486904203892,13.630980491638184,8.355257034301758,1.0,645.7239990234375,0.0,2.598721981048584,0.09917351603507996,0.19710294902324677,0.0,0.005113944411277771,0.007644542492926121,16,16,15,15,0,0,0,0
scan12,subset_middle,3,2,8,0.013918791897594929,14.224893569946289,9.159549713134766,0.9999999403953552,648.3316040039062,0.0,0.0,0.10049009323120117,0.20041608810424805,0.0,0.005981894209980965,0.007936897687613964,16,15,15,14,0,0,0,0
scan12,subset_middle,4,3,8,0.014935505576431751,12.889914512634277,9.565446853637695,1.0,648.0897216796875,0.0,0.0,0.10665851831436157,0.20714719593524933,0.0,0.006030912045389414,0.008904593531042337,15,15,14,14,0,0,0,0
scan12,subset_middle,5,4,8,0.015377636067569256,14.781388282775879,9.608997344970703,0.9980319142341614,639.7760009765625,0.0,3.580967903137207,0.11529040336608887,0.22492589056491852,0.0,0.005781597923487425,0.009596038144081831,16,15,15,14,0,0,0,0
scan12,subset_middle,0,24,9,0.01838667131960392,47.32504653930664,14.433989524841309,0.9709965586662292,664.8960571289062,0.0,0.0,0.08675649017095566,0.17613597214221954,0.018794076517224312,0.012426581233739853,0.005960090085864067,16,15,14,13,0,0,0,0
scan12,subset_middle,1,0,9,0.010391371324658394,11.262106895446777,6.741264343261719,1.0,645.2821044921875,0.0,0.0,0.08873972296714783,0.17620539665222168,0.011832759715616703,0.004975432530045509,0.0054159387946128845,16,16,15,14,0,0,0,0
scan12,subset_middle,2,1,9,0.010991214774549007,11.006781578063965,7.166774272918701,1.0,645.727783203125,0.0,0.0,0.08525514602661133,0.16864342987537384,0.007785349152982235,0.005113944411277771,0.005877270363271236,16,16,15,15,0,0,0,0
scan12,subset_middle,3,2,9,0.01191763300448656,12.002204895019531,7.843667030334473,0.9999999403953552,648.3357543945312,0.0,2.739311456680298,0.08614005893468857,0.17174005508422852,0.007524922024458647,0.005981894209980965,0.005935738794505596,16,15,15,14,0,0,0,0
scan12,subset_middle,4,3,9,0.012386143207550049,10.628389358520508,7.957621097564697,1.0,648.094970703125,0.0,0.0,0.08988363295793533,0.17844289541244507,0.011069157160818577,0.006030912045389414,0.006355231162160635,15,15,14,14,0,0,0,0
scan12,subset_middle,5,4,9,0.013245628215372562,13.112444877624512,8.307439804077148,0.9982427954673767,639.7824096679688,0.0,0.0,0.09535010159015656,0.18905110657215118,0.012661170214414597,0.005781597923487425,0.0074640302918851376,16,15,15,14,0,0,0,0
scan12,subset_middle,0,24,10,0.016733545809984207,47.4669189453125,13.384602546691895,0.9709965586662292,664.8984985351562,0.0,0.0,0.07690894603729248,0.1530044674873352,0.007761126849800348,0.012426581233739853,0.004306964576244354,16,15,14,13,0,0,0,0
scan12,subset_middle,1,0,10,0.008868111297488213,9.485696792602539,5.749487400054932,1.0,645.2889404296875,0.0,2.0055480003356934,0.07955410331487656,0.1561717838048935,0.007910409942269325,0.004975432530045509,0.0038926787674427032,16,16,15,14,0,0,0,0
scan12,subset_middle,2,1,10,0.009638351388275623,9.438023567199707,6.275204181671143,1.0,645.7330932617188,0.0,5.438443183898926,0.07789849489927292,0.15208405256271362,0.0052448902279138565,0.005113944411277771,0.004524406976997852,16,16,15,15,0,0,0,0
scan12,subset_middle,3,2,10,0.010399910621345043,10.281859397888184,6.836381912231445,0.9999999403953552,648.3414306640625,0.0,0.0,0.07712623476982117,0.15274861454963684,0.005065321456640959,0.005981894209980965,0.0044180164113640785,16,15,15,14,0,0,0,0
scan12,subset_middle,4,3,10,0.010357694700360298,9.201151847839355,6.666743755340576,1.0,648.1000366210938,0.0,0.9024397134780884,0.08027807623147964,0.15836787223815918,0.007824502885341644,0.006030912045389414,0.004326782654970884,15,15,14,14,0,0,0,0
scan12,subset_middle,5,4,10,0.01146742794662714,11.868099212646484,7.199834823608398,0.9984185099601746,639.7888793945312,0.0,4.046511173248291,0.08460946381092072,0.16513778269290924,0.009761195629835129,0.005781597923487425,0.005685830023139715,16,15,15,14,0,0,0,0
scan12,subset_middle,0,24,11,0.015237904153764248,47.7591552734375,12.429959297180176,0.9709965586662292,664.8933715820312,0.0,0.0,0.07216301560401917,0.14120697975158691,0.02138219214975834,0.012426581233739853,0.002811322920024395,16,15,14,13,0,0,0,0
scan12,subset_middle,1,0,11,0.007565765641629696,8.361659049987793,4.913421630859375,1.0,645.287841796875,0.0,3.3296079635620117,0.07540129870176315,0.14584268629550934,0.005250133108347654,0.004975432530045509,0.0025903331115841866,16,16,15,14,0,0,0,0
scan12,subset_middle,2,1,11,0.008272554725408554,8.169501304626465,5.385899543762207,1.0,645.7301635742188,0.0,3.790184259414673,0.07345282286405563,0.14303478598594666,0.003680027090013027,0.005113944411277771,0.003158610314130783,16,16,15,15,0,0,0,0
scan12,subset_middle,3,2,11,0.008913133293390274,9.048672676086426,5.866840839385986,0.9999999403953552,648.3384399414062,0.0,1.6108264923095703,0.07250050455331802,0.14174452424049377,0.0035324569325894117,0.005981894209980965,0.0029312390834093094,16,15,15,14,0,0,0,0
scan12,subset_middle,4,3,11,0.008449398912489414,7.970730781555176,5.456003665924072,1.0,648.09716796875,0.0,2.420264482498169,0.07586167752742767,0.14712746441364288,0.003944575786590576,0.006030912045389414,0.0024184868671000004,15,15,14,14,0,0,0,0
scan12,subset_middle,5,4,11,0.009247834794223309,10.916584014892578,5.8380126953125,0.9983599781990051,639.7890625,0.0,2.9385826587677,0.07854098081588745,0.1526053547859192,0.005675851367413998,0.005781597923487425,0.0034662368707358837,16,15,15,14,0,0,0,0
scan12,subset_middle,0,24,12,0.014192098751664162,48.10172653198242,11.775723457336426,0.9709965586662292,664.8901977539062,0.0,0.0,0.0692024901509285,0.13476605713367462,0.015540368854999542,0.012426581233739853,0.0017655175179243088,16,15,14,13,0,0,0,0
scan12,subset_middle,1,0,12,0.006679142825305462,7.513906002044678,4.3413262367248535,1.0,645.285400390625,0.0,0.0,0.07197043299674988,0.13986366987228394,0.004228230100125074,0.004975432530045509,0.0017037102952599525,16,16,15,14,0,0,0,0
scan12,subset_middle,2,1,12,0.0072825513780117035,7.1440558433532715,4.7372918128967285,1.0,645.727783203125,0.0,3.67231822013855,0.07085590064525604,0.13723242282867432,0.0030090855434536934,0.005113944411277771,0.0021686069667339325,16,16,15,15,0,0,0,0
scan12,subset_middle,3,2,12,0.007709367200732231,8.00093936920166,5.073675155639648,0.9999999403953552,648.3359375,0.0,3.5069360733032227,0.07054687291383743,0.13646405935287476,0.002779936883598566,0.005981894209980965,0.0017274729907512665,16,15,15,14,0,0,0,0
scan12,subset_middle,4,3,12,0.007273716852068901,7.054432392120361,4.701079368591309,1.0,648.0950927734375,0.0,2.811742067337036,0.07220856845378876,0.1403316706418991,0.0037321308627724648,0.006030912045389414,0.0012428048066794872,15,15,14,14,0,0,0,0
scan12,subset_middle,5,4,12,0.007741671986877918,10.216951370239258,4.912437438964844,0.9985239505767822,639.7876586914062,0.0,3.497152090072632,0.0745767131447792,0.14476804435253143,0.0055838399566709995,0.005781597923487425,0.0019600740633904934,16,15,15,14,0,0,0,0
scan12,subset_middle,0,24,13,0.013439682312309742,48.30295181274414,11.31104564666748,0.9709965586662292,664.88916015625,0.0,0.0,0.06684289872646332,0.13069695234298706,0.009265056811273098,0.012426581233739853,0.001013101078569889,16,15,14,13,0,0,0,1
scan12,subset_middle,1,0,13,0.006007600575685501,6.78505802154541,3.9044222831726074,1.0,645.2843017578125,0.0,0.0,0.06901734322309494,0.13523128628730774,0.0035337030421942472,0.004975432530045509,0.0010321680456399918,16,16,15,14,0,0,0,0
scan12,subset_middle,2,1,13,0.006511888932436705,6.338533878326416,4.2319135665893555,1.0,645.7274780273438,0.0,5.089466571807861,0.06856993585824966,0.13379688560962677,0.002536893356591463,0.005113944411277771,0.0013979445211589336,16,16,15,15,0,0,0,0
scan12,subset_middle,3,2,13,0.006982726044952869,7.228811740875244,4.590890407562256,0.9999999403953552,648.3349609375,0.0,0.0,0.0685666874051094,0.13362568616867065,0.0026526199653744698,0.005981894209980965,0.0010008318349719048,16,15,15,14,0,0,0,0
scan12,subset_middle,4,3,13,0.006659745704382658,6.484201908111572,4.302143096923828,1.0,648.0949096679688,0.0,0.0,0.06955483555793762,0.1359257996082306,0.0027830610051751137,0.006030912045389414,0.0006288336589932442,15,15,14,14,0,0,0,0
scan12,subset_middle,5,4,13,0.006970812100917101,9.78952407836914,4.43204402923584,0.9985825419425964,639.7874755859375,0.0,3.9806416034698486,0.07110816240310669,0.13933159410953522,0.003799893893301487,0.005781597923487425,0.001189214177429676,16,15,15,14,0,0,0,0
scan12,subset_middle,0,24,14,0.012869104743003845,48.47141647338867,10.959465026855469,0.9709965586662292,664.8865966796875,0.0,0.0,0.06542106717824936,0.1272374838590622,0.0061705345287919044,0.012426581233739853,0.0004425235092639923,16,15,14,13,0,0,1,1
scan12,subset_middle,1,0,14,0.005378857720643282,6.164297580718994,3.4975106716156006,1.0,645.2814331054688,0.0,0.0,0.0691126361489296,0.13291220366954803,0.004222019575536251,0.004975432530045509,0.0004034251905977726,16,16,15,14,0,0,0,1
scan12,subset_middle,2,1,14,0.005830687470734119,5.660068511962891,3.785287857055664,1.0,645.7247314453125,0.0,0.0,0.06824876368045807,0.13162711262702942,0.0037509233225136995,0.005113944411277771,0.0007167430594563484,16,16,15,15,0,0,0,0
scan12,subset_middle,3,2,14,0.006431491579860449,6.546594142913818,4.219599723815918,0.9999999403953552,648.3323364257812,0.0,2.566892385482788,0.06836122274398804,0.13185904920101166,0.0033642908092588186,0.005981894209980965,0.0004495973698794842,16,15,15,14,0,0,0,1
scan12,subset_middle,4,3,14,0.006205770652741194,6.055849552154541,4.004313945770264,1.0,648.093017578125,0.0,0.489389568567276,0.06936828047037125,0.133736714720726,0.003393688006326556,0.006030912045389414,0.00017485860735177994,15,15,14,14,0,0,1,1
scan12,subset_middle,5,4,14,0.006334319245070219,9.365920066833496,4.0373215675354,0.9987699389457703,639.78564453125,0.0,0.9741790890693665,0.07043419033288956,0.13582992553710938,0.003400590270757675,0.005781597923487425,0.0005527213215827942,16,15,15,14,0,0,0,1
scan12,subset_middle,0,24,15,0.012565992772579193,48.59025192260742,10.773332595825195,0.9709965586662292,664.884521484375,0.0,0.0,0.06655966490507126,0.12751801311969757,0.005469865165650845,0.012426581233739853,0.0001394115388393402,16,15,14,13,0,1,1,1
scan12,subset_middle,1,0,15,0.0050960625521838665,5.7528181076049805,3.310567855834961,1.0,645.2794799804688,0.0,3.039055109024048,0.07056596875190735,0.13483718037605286,0.0032029927242547274,0.004975432530045509,0.00012063002213835716,16,16,15,14,0,0,1,1
scan12,subset_middle,2,1,15,0.005334109999239445,5.150893688201904,3.4593889713287354,1.0,645.7227783203125,0.0,4.96246337890625,0.06983720511198044,0.13336999714374542,0.002616421552374959,0.005113944411277771,0.00022016558796167374,16,16,15,15,0,0,1,1
scan12,subset_middle,3,2,15,0.006071047857403755,6.078349590301514,3.9766509532928467,0.9999999403953552,648.33056640625,0.0,4.338785648345947,0.06981495022773743,0.13345938920974731,0.002654237439855933,0.005981894209980965,8.915364742279053e-05,16,15,15,14,0,1,1,1
scan12,subset_middle,4,3,15,0.005984263028949499,5.755941390991211,3.857464075088501,1.0,648.09130859375,0.0,3.2943177223205566,0.07047777622938156,0.1350448727607727,0.0025944532826542854,0.006030912045389414,-4.66490164399147e-05,15,15,14,14,1,1,1,1
scan12,subset_middle,5,4,15,0.005896877031773329,8.945051193237305,3.7620134353637695,0.9990159869194031,639.7843017578125,0.0,0.0,0.07111076265573502,0.13643793761730194,0.002809884026646614,0.005781597923487425,0.00011527910828590393,16,15,15,14,0,1,1,1
scan12,subset_middle,0,24,16,0.012426581233739853,48.6202278137207,10.684797286987305,0.9709965586662292,664.8828125,0.0,0.0,0.06778088957071304,0.12981253862380981,0.004139457829296589,0.012426581233739853,0.0,16,15,14,13,1,1,1,1
scan12,subset_middle,1,0,16,0.004975432530045509,5.512521743774414,3.228224039077759,1.0,645.2774047851562,0.0,1.2963371276855469,0.07119118422269821,0.13686197996139526,0.0028905910439789295,0.004975432530045509,0.0,16,16,15,14,1,1,1,1
scan12,subset_middle,2,1,16,0.005113944411277771,4.896920204162598,3.313588857650757,1.0,645.7211303710938,0.0,1.4926588535308838,0.07060226798057556,0.1356469839811325,0.0018190479604527354,0.005113944411277771,0.0,16,16,15,15,1,1,1,1
scan12,subset_middle,3,2,16,0.005981894209980965,5.882970333099365,3.913382053375244,0.9999999403953552,648.3294067382812,0.0,1.7513362169265747,0.07073239237070084,0.1357448548078537,0.0017292369157075882,0.005981894209980965,0.0,16,15,15,14,1,1,1,1
scan12,subset_middle,4,3,16,0.006030912045389414,5.686173439025879,3.8855702877044678,1.0,648.0905151367188,0.0,0.0,0.07111351191997528,0.13670319318771362,0.0016356437699869275,0.006030912045389414,0.0,15,15,14,14,1,1,1,1
scan12,subset_middle,5,4,16,0.005781597923487425,8.652953147888184,3.6912662982940674,0.9991214275360107,639.7832641601562,0.0,0.0,0.0713222399353981,0.1373845636844635,0.002148684812709689,0.005781597923487425,0.0,16,15,15,14,1,1,1,1
scan12,subset_uniform,0,0,8,0.015784988179802895,13.711841583251953,10.158941268920898,1.0,645.3887939453125,0.0,0.0,0.09401809424161911,0.1690717190504074,0.0,0.004606348928064108,0.011178639251738787,16,15,15,14,0,0,0,0
scan12,subset_uniform,1,8,8,0.012278961949050426,16.729990005493164,8.225774765014648,0.9941207766532898,653.1149291992188,0.0,5.069718360900879,0.10309944301843643,0.18407665193080902,0.0,0.0054995291866362095,0.006779432762414217,15,15,14,14,0,0,0,0
scan12,subset_uniform,2,16,8,0.013165951706469059,15.458783149719238,8.561563491821289,0.996555745601654,658.12939453125,0.0,0.0,0.10423432290554047,0.1874997615814209,0.0,0.004734836984425783,0.008431114722043276,15,15,15,14,0,0,0,0
scan12,subset_uniform,3,24,8,0.01964316889643669,46.68075942993164,15.16274642944336,0.9709965586662292,664.925048828125,0.0,4.894009113311768,0.11047116667032242,0.20596325397491455,0.0,0.012192447669804096,0.007450721226632595,15,15,13,13,0,0,0,0
scan12,subset_uniform,4,32,8,0.021111546084284782,54.08299255371094,16.397186279296875,0.9807651042938232,666.9789428710938,0.0,4.270079612731934,0.11953571438789368,0.21264415979385376,0.0,0.011099510826170444,0.010012035258114338,15,15,14,13,0,0,0,0
scan12,subset_uniform,5,40,8,0.06422232836484909,128.5550537109375,50.05046081542969,0.9090945720672607,686.3434448242188,0.0,1.5691016912460327,0.12947629392147064,0.22989988327026367,0.0,0.046667613089084625,0.017554715275764465,15,15,13,12,0,0,0,0
scan12,subset_uniform,0,0,9,0.011613431386649609,10.769745826721191,7.489640712738037,1.0,645.3762817382812,0.12508152425289154,0.0,0.08113282173871994,0.14727044105529785,0.018586138263344765,0.004606348928064108,0.007007082458585501,16,15,15,14,0,0,0,0
scan12,subset_uniform,1,8,9,0.0104453656822443,15.994894027709961,7.042031288146973,0.9941207766532898,653.102294921875,0.0,0.0,0.08533117920160294,0.15950839221477509,0.011853884905576706,0.0054995291866362095,0.004945836495608091,15,15,14,14,0,0,0,0
scan12,subset_uniform,2,16,9,0.01073149312287569,14.382038116455078,7.028952121734619,0.996555745601654,658.1192626953125,0.0,4.063510894775391,0.09004878997802734,0.1633196622133255,0.016904333606362343,0.004734836984425783,0.005996656138449907,15,15,15,14,0,0,0,0
scan12,subset_uniform,3,24,9,0.017726846039295197,46.9998664855957,13.987369537353516,0.9709965586662292,664.913330078125,0.0,0.0,0.09557294845581055,0.18021151423454285,0.023790841922163963,0.012192447669804096,0.0055343983694911,15,15,13,13,0,0,0,0
scan12,subset_uniform,4,32,9,0.019314270466566086,54.761173248291016,15.286816596984863,0.9807651042938232,666.9668579101562,0.0,1.365157127380371,0.09623423218727112,0.18708066642284393,0.027598779648542404,0.011099510826170444,0.008214759640395641,15,15,14,13,0,0,0,0
scan12,subset_uniform,5,40,9,0.06121883541345596,126.75745391845703,48.156253814697266,0.9090945720672607,686.33056640625,0.0,0.0,0.10564577579498291,0.20050792396068573,0.02025090903043747,0.046667613089084625,0.014551222324371338,15,15,13,12,0,0,0,0
scan12,subset_uniform,0,0,10,0.008664565160870552,8.310233116149902,5.592911243438721,1.0,645.3668212890625,0.0,0.0,0.07192624360322952,0.1368933767080307,0.008687496185302734,0.004606348928064108,0.004058216232806444,16,15,15,14,0,0,0,0
scan12,subset_uniform,1,8,10,0.009187377989292145,15.60594367980957,6.233366012573242,0.9941207766532898,653.0913696289062,0.0,0.0,0.0752733126282692,0.1439991593360901,0.006209400482475758,0.0054995291866362095,0.0036878488026559353,15,15,14,14,0,0,0,0
scan12,subset_uniform,2,16,10,0.00966793391853571,13.93610668182373,6.337264537811279,0.996555745601654,658.1098022460938,0.0,0.0,0.07980355620384216,0.15092378854751587,0.014396949671208858,0.004734836984425783,0.004933096934109926,15,15,15,14,0,0,0,0
scan12,subset_uniform,3,24,10,0.015755902975797653,47.59330749511719,12.764411926269531,0.9709965586662292,664.9038696289062,0.0,4.574873924255371,0.08584737032651901,0.16440124809741974,0.03448554873466492,0.012192447669804096,0.003563455305993557,15,15,13,13,0,0,0,0
scan12,subset_uniform,4,32,10,0.015817783772945404,55.78172302246094,13.206576347351074,0.9807651042938232,666.9568481445312,0.0,4.0932817459106445,0.08718525618314743,0.16680851578712463,0.035177264362573624,0.011099510826170444,0.0047182729467749596,15,15,14,13,0,0,0,0
scan12,subset_uniform,5,40,10,0.058392614126205444,125.21959686279297,46.38916778564453,0.9090945720672607,686.3197631835938,0.0,3.8700923919677734,0.0928061306476593,0.17813128232955933,0.019058678299188614,0.046667613089084625,0.011725001037120819,15,15,13,12,0,0,0,0
scan12,subset_uniform,0,0,11,0.007054909132421017,6.733952522277832,4.54655122756958,1.0,645.356201171875,0.0,0.0,0.06794534623622894,0.13109233975410461,0.009390038438141346,0.004606348928064108,0.002448560204356909,16,15,15,14,0,0,0,0
scan12,subset_uniform,1,8,11,0.007915129885077477,15.246987342834473,5.399772644042969,0.9941207766532898,653.0814208984375,0.0,3.440312623977661,0.07080330699682236,0.13687896728515625,0.008749273605644703,0.0054995291866362095,0.002415600698441267,15,15,14,14,0,0,0,0
scan12,subset_uniform,2,16,11,0.007877820171415806,13.175995826721191,5.179680824279785,0.996555745601654,658.1002197265625,0.0,2.786215305328369,0.07455562055110931,0.1429583579301834,0.015081946738064289,0.004734836984425783,0.0031429831869900227,15,15,15,14,0,0,0,0
scan12,subset_uniform,3,24,11,0.01440404448658228,47.929256439208984,11.918246269226074,0.9709965586662292,664.8939208984375,0.0,3.6517868041992188,0.08206801116466522,0.15532298386096954,0.014610446989536285,0.012192447669804096,0.002211596816778183,15,15,13,13,0,0,0,0
scan12,subset_uniform,4,32,11,0.013872886076569557,56.343109130859375,12.025670051574707,0.9807651042938232,666.947021484375,0.0,3.9522039890289307,0.08074583858251572,0.1564275175333023,0.01603112928569317,0.011099510826170444,0.0027733752503991127,15,15,14,13,0,0,0,0
scan12,subset_uniform,5,40,11,0.05409867689013481,123.25282287597656,43.69003677368164,0.9090945720672607,686.3108520507812,0.0,4.166780471801758,0.08474944531917572,0.16258077323436737,0.016630344092845917,0.046667613089084625,0.007431063801050186,15,15,13,12,0,0,0,0
scan12,subset_uniform,0,0,12,0.006131625268608332,5.762369155883789,3.945533275604248,1.0,645.3466796875,0.0,0.0,0.06723742932081223,0.12884511053562164,0.006660627666860819,0.004606348928064108,0.0015252763405442238,16,15,15,14,0,0,0,0
scan12,subset_uniform,1,8,12,0.006944619584828615,15.068892478942871,4.7629194259643555,0.9941207766532898,653.07275390625,0.0,3.3585877418518066,0.0697169080376625,0.13386692106723785,0.004482385702431202,0.0054995291866362095,0.0014450903981924057,15,15,14,14,0,0,0,0
scan12,subset_uniform,2,16,12,0.006625051144510508,12.731697082519531,4.369930744171143,0.996555745601654,658.0911865234375,0.0,2.218320369720459,0.07274957001209259,0.13900507986545563,0.012117584235966206,0.004734836984425783,0.0018902141600847244,15,15,15,14,0,0,0,0
scan12,subset_uniform,3,24,12,0.013432425446808338,48.160430908203125,11.30289077758789,0.9709965586662292,664.8862915039062,0.0,3.510953426361084,0.07789715379476547,0.1497620940208435,0.01745898835361004,0.012192447669804096,0.001239977777004242,15,15,13,13,0,0,0,0
scan12,subset_uniform,4,32,12,0.012608152814209461,56.77382278442383,11.246285438537598,0.9807651042938232,666.939453125,0.0,2.308086395263672,0.07694553583860397,0.14896246790885925,0.015760432928800583,0.011099510826170444,0.0015086419880390167,15,15,14,13,0,0,0,0
scan12,subset_uniform,5,40,12,0.05079948157072067,121.93907165527344,41.611976623535156,0.9090945720672607,686.302734375,0.0,0.39167115092277527,0.07964539527893066,0.15424829721450806,0.0164414644241333,0.046667613089084625,0.004131868481636047,15,15,13,12,0,0,0,1
scan12,subset_uniform,0,0,13,0.005452278535813093,5.2126994132995605,3.504761219024658,1.0,645.3397827148438,0.0,0.0,0.06522631645202637,0.12722280621528625,0.004433161579072475,0.004606348928064108,0.0008459296077489853,16,15,15,14,0,0,0,0
scan12,subset_uniform,1,8,13,0.006175123620778322,15.009247779846191,4.263772487640381,0.9941207766532898,653.0667724609375,0.0,3.2401490211486816,0.06766975671052933,0.13170349597930908,0.005735318176448345,0.0054995291866362095,0.0006755944341421127,15,15,14,14,0,0,0,0
scan12,subset_uniform,2,16,13,0.005587164778262377,12.449372291564941,3.702303171157837,0.996555745601654,658.0845336914062,0.0,0.0,0.07004882395267487,0.13562968373298645,0.015007412061095238,0.004734836984425783,0.0008523277938365936,15,15,15,14,0,0,0,0
scan12,subset_uniform,3,24,13,0.012801292352378368,48.336326599121094,10.90854549407959,0.9709965586662292,664.8807373046875,0.0,3.2547378540039062,0.07475204020738602,0.14470133185386658,0.028308192268013954,0.012192447669804096,0.0006088446825742722,15,15,13,13,0,0,1,1
scan12,subset_uniform,4,32,13,0.01189153827726841,57.0439453125,10.79902172088623,0.9807651042938232,666.9337158203125,0.0,0.0,0.07414336502552032,0.14420662820339203,0.025392964482307434,0.011099510826170444,0.0007920274510979652,15,15,14,13,0,0,0,1
scan12,subset_uniform,5,40,13,0.04886123165488243,121.13909149169922,40.372196197509766,0.9090945720672607,686.2952270507812,0.12508152425289154,1.7983092069625854,0.07553628832101822,0.14774972200393677,0.022150211036205292,0.046667613089084625,0.002193618565797806,15,15,13,12,0,0,1,1
scan12,subset_uniform,0,0,14,0.00495112594217062,4.8636932373046875,3.1834640502929688,1.0,645.334228515625,0.0,0.0,0.0650448352098465,0.12585920095443726,0.004684560466557741,0.004606348928064108,0.00034477701410651207,16,15,15,14,0,0,0,1
scan12,subset_uniform,1,8,14,0.0056954422034323215,15.017168045043945,3.9538421630859375,0.9941207766532898,653.062255859375,0.0,2.9297759532928467,0.06707178801298141,0.12999758124351501,0.005267936736345291,0.0054995291866362095,0.00019591301679611206,15,15,14,14,0,0,1,1
scan12,subset_uniform,2,16,14,0.004973195493221283,12.302820205688477,3.3052408695220947,0.996555745601654,658.080078125,0.0,0.0,0.06916950643062592,0.13362672924995422,0.0081147700548172,0.004734836984425783,0.0002383585087954998,15,15,15,14,0,0,0,1
scan12,subset_uniform,3,24,14,0.01247319020330906,48.49400329589844,10.706029891967773,0.9709965586662292,664.876953125,0.0,3.6259584426879883,0.07218138873577118,0.14078083634376526,0.022322336211800575,0.012192447669804096,0.0002807425335049629,15,15,13,13,0,0,1,1
scan12,subset_uniform,4,32,14,0.011468532495200634,57.249061584472656,10.539134979248047,0.9807651042938232,666.9302368164062,0.0,0.0,0.07214567810297012,0.14076335728168488,0.022703813388943672,0.011099510826170444,0.0003690216690301895,15,15,14,13,0,0,1,1
scan12,subset_uniform,5,40,14,0.047637682408094406,120.58235931396484,39.58003616333008,0.9090945720672607,686.2894897460938,0.0,0.0,0.0732887014746666,0.14285753667354584,0.016668805852532387,0.046667613089084625,0.0009700693190097809,15,15,13,12,0,0,1,1
scan12,subset_uniform,0,0,15,0.004668722860515118,4.68847131729126,3.004932403564453,1.0,645.3299560546875,0.0,0.0,0.06646677851676941,0.12721504271030426,0.002583130495622754,0.004606348928064108,6.237393245100975e-05,16,15,15,14,0,1,1,1
scan12,subset_uniform,1,8,15,0.005526926834136248,15.080940246582031,3.847994804382324,0.9941207766532898,653.0591430664062,0.0,0.0,0.06840138137340546,0.13096624612808228,0.003930182661861181,0.0054995291866362095,2.7397647500038147e-05,15,15,14,14,1,1,1,1
scan12,subset_uniform,2,16,15,0.0047134580090641975,12.243755340576172,3.139890193939209,0.996555745601654,658.076904296875,0.0,0.0,0.07042111456394196,0.1345004141330719,0.007795845158398151,0.004734836984425783,-2.1378975361585617e-05,15,15,15,14,1,1,1,1
scan12,subset_uniform,3,24,15,0.012241272255778313,48.57533645629883,10.561446189880371,0.9709965586662292,664.8743286132812,0.0,2.9038705825805664,0.07216572016477585,0.13907739520072937,0.01782912015914917,0.012192447669804096,4.882458597421646e-05,15,15,13,13,1,1,1,1
scan12,subset_uniform,4,32,15,0.011191071942448616,57.34326934814453,10.36940860748291,0.9807651042938232,666.9281005859375,0.0,0.0,0.07244179397821426,0.13957923650741577,0.018763519823551178,0.011099510826170444,9.156111627817154e-05,15,15,14,13,1,1,1,1
scan12,subset_uniform,5,40,15,0.04689663276076317,120.2135238647461,39.09530258178711,0.9090945720672607,686.2861938476562,0.0,0.0,0.07297474890947342,0.14099723100662231,0.015656469389796257,0.046667613089084625,0.0002290196716785431,15,15,13,12,1,1,1,1
scan12,subset_uniform,0,0,16,0.004606348928064108,4.646332263946533,2.966737985610962,1.0,645.3258056640625,0.0,0.0,0.06745865195989609,0.12957803905010223,0.0022849361412227154,0.004606348928064108,0.0,16,15,15,14,1,1,1,1
scan12,subset_uniform,1,8,16,0.0054995291866362095,15.100403785705566,3.8322622776031494,0.9941207766532898,653.0554809570312,0.0,2.322288990020752,0.06858854740858078,0.13239483535289764,0.0027748579159379005,0.0054995291866362095,0.0,15,15,14,14,1,1,1,1
scan12,subset_uniform,2,16,16,0.004734836984425783,12.222994804382324,3.154261350631714,0.996555745601654,658.0731811523438,0.0,1.705938696861267,0.07037807255983353,0.13570359349250793,0.005556996446102858,0.004734836984425783,0.0,15,15,15,14,1,1,1,1
scan12,subset_uniform,3,24,16,0.012192447669804096,48.5724983215332,10.531976699829102,0.9709965586662292,664.87109375,0.0,3.4310808181762695,0.07099210470914841,0.13796526193618774,0.011302206665277481,0.012192447669804096,0.0,15,15,13,13,1,1,1,1
scan12,subset_uniform,4,32,16,0.011099510826170444,57.3758659362793,10.315450668334961,0.9807651042938232,666.9249877929688,0.0,0.0,0.07063852250576019,0.13812759518623352,0.01422354020178318,0.011099510826170444,0.0,15,15,14,13,1,1,1,1
scan12,subset_uniform,5,40,16,0.046667613089084625,120.03367614746094,38.939964294433594,0.9090945720672607,686.2809448242188,0.0,2.5711591243743896,0.07123339921236038,0.13912397623062134,0.01084496732801199,0.046667613089084625,0.0,15,15,13,12,1,1,1,1
scan15,subset_middle,0,24,8,0.021852388978004456,19.60854721069336,14.752908706665039,0.9999999403953552,662.8558959960938,0.0,0.0,0.0744936466217041,0.1515025943517685,0.0,0.010590092279016972,0.011262296698987484,16,16,15,14,0,0,0,0
scan15,subset_middle,1,0,8,0.029430590569972992,30.07391357421875,20.372865676879883,0.9995442628860474,644.5712890625,0.0,3.1287519931793213,0.07990489900112152,0.1645565778017044,0.0,0.007616203743964434,0.02181438682600856,16,16,15,15,0,0,0,0
scan15,subset_middle,2,1,8,0.028586694970726967,27.088499069213867,19.72447395324707,0.9998868703842163,652.090087890625,0.0,0.0,0.0784592479467392,0.16095773875713348,0.0,0.008999649435281754,0.019587045535445213,16,16,15,15,0,0,0,0
scan15,subset_middle,3,2,8,0.029288679361343384,29.22959327697754,20.247644424438477,0.9999470114707947,645.9739379882812,0.0,3.8406338691711426,0.07580201327800751,0.15370900928974152,0.0,0.009506492875516415,0.01978218648582697,16,16,15,14,0,0,0,0
scan15,subset_middle,4,3,8,0.03546849638223648,34.46755599975586,24.004426956176758,0.9968280792236328,650.053466796875,0.0,1.671520709991455,0.07903024554252625,0.16030307114124298,0.0,0.011225986294448376,0.024242510087788105,16,16,15,14,0,0,0,0
scan15,subset_middle,5,4,8,0.04044758901000023,39.3848762512207,26.721214294433594,0.9991106390953064,635.3388061523438,0.0,0.0,0.08716242760419846,0.17554862797260284,0.0,0.01268815528601408,0.02775943372398615,16,16,15,15,0,0,0,0
scan15,subset_middle,0,24,9,0.02122192084789276,19.172832489013672,14.342123985290527,0.9999999403953552,662.8349609375,0.0,0.0,0.07035771757364273,0.13790090382099152,0.025166554376482964,0.010590092279016972,0.01063182856887579,16,16,15,14,0,0,0,0
scan15,subset_middle,1,0,9,0.02361450158059597,24.558650970458984,16.34147834777832,0.9997023940086365,644.5532836914062,0.0,3.6435201168060303,0.0743819922208786,0.14563679695129395,0.01323403138667345,0.007616203743964434,0.015998297836631536,16,16,15,15,0,0,0,0
scan15,subset_middle,2,1,9,0.024430107325315475,22.968826293945312,16.781757354736328,0.9999434351921082,652.0704956054688,0.0,1.8958913087844849,0.07340746372938156,0.14461523294448853,0.016813427209854126,0.008999649435281754,0.015430457890033722,16,16,15,15,0,0,0,0
scan15,subset_middle,3,2,9,0.025386352092027664,25.36774253845215,17.512502670288086,0.9999646544456482,645.9552612304688,0.0,0.0,0.07191132754087448,0.14004585146903992,0.01263017114251852,0.009506492875516415,0.01587985921651125,16,16,15,14,0,0,0,0
scan15,subset_middle,4,3,9,0.030147334560751915,29.739852905273438,20.425960540771484,0.9982249736785889,650.0361328125,0.0,0.0,0.07416597008705139,0.14464512467384338,0.009348718449473381,0.011225986294448376,0.01892134826630354,16,16,15,14,0,0,0,0
scan15,subset_middle,5,4,9,0.034680452197790146,33.69894790649414,22.880529403686523,0.9994422197341919,635.3202514648438,0.0,4.899250507354736,0.0814230665564537,0.15790311992168427,0.009292475879192352,0.01268815528601408,0.021992296911776066,16,16,15,15,0,0,0,0
scan15,subset_middle,0,24,10,0.019105074927210808,17.548126220703125,12.913435935974121,0.9999999403953552,662.8199462890625,0.0,0.0,0.0663825049996376,0.13093021512031555,0.021458951756358147,0.010590092279016972,0.008514982648193836,16,16,15,14,0,0,0,0
scan15,subset_middle,1,0,10,0.01772640272974968,18.50567054748535,12.202448844909668,0.9998604655265808,644.5399169921875,0.0,0.0,0.07101882249116898,0.1385778784751892,0.010003827512264252,0.007616203743964434,0.010110198985785246,16,16,15,15,0,0,0,0
scan15,subset_middle,2,1,10,0.01945868507027626,18.206140518188477,13.300061225891113,0.9999434351921082,652.0567016601562,0.0,0.0,0.06953728944063187,0.1367393583059311,0.011329559609293938,0.008999649435281754,0.010459035634994507,16,16,15,15,0,0,0,0
scan15,subset_middle,3,2,10,0.020173141732811928,20.31594467163086,13.875306129455566,0.9999999403953552,645.9415283203125,0.0,0.7287365198135376,0.06837736070156097,0.13383853435516357,0.008851940743625164,0.009506492875516415,0.010666648857295513,16,16,15,14,0,0,0,0
scan15,subset_middle,4,3,10,0.02368771843612194,23.967815399169922,16.032127380371094,0.9988131523132324,650.0228271484375,0.0,1.3731610774993896,0.07019992172718048,0.13735584914684296,0.008315826766192913,0.011225986294448376,0.012461732141673565,16,16,15,14,0,0,0,0
scan15,subset_middle,5,4,10,0.02766420505940914,27.22641372680664,18.25660514831543,0.9995778799057007,635.3056030273438,0.0,1.5169771909713745,0.07485184818506241,0.14768631756305695,0.011256027035415173,0.01268815528601408,0.014976049773395061,16,16,15,15,0,0,0,0
scan15,subset_middle,0,24,11,0.016393452882766724,15.506054878234863,11.075881958007812,0.9999999403953552,662.8114624023438,0.0,0.0,0.06345134228467941,0.12461497634649277,0.016719885170459747,0.010590092279016972,0.005803360603749752,16,16,15,14,0,0,0,0
scan15,subset_middle,1,0,11,0.013528093695640564,14.1611328125,9.224273681640625,0.9998976588249207,644.5321655273438,0.0,4.638316631317139,0.06763535737991333,0.13270427286624908,0.007064034231007099,0.007616203743964434,0.00591188995167613,16,16,15,15,0,0,0,0
scan15,subset_middle,2,1,11,0.015323512256145477,14.373045921325684,10.409144401550293,0.9999514818191528,652.0494995117188,0.0,3.3613264560699463,0.06608539074659348,0.13018450140953064,0.006824691779911518,0.008999649435281754,0.006323862820863724,16,16,15,15,0,0,0,0
scan15,subset_middle,3,2,11,0.01572290249168873,16.047487258911133,10.762574195861816,0.9999999403953552,645.9336547851562,0.0,0.7401925921440125,0.06542888283729553,0.12820588052272797,0.006163726560771465,0.009506492875516415,0.006216409616172314,16,16,15,14,0,0,0,0
scan15,subset_middle,4,3,11,0.01855676993727684,19.3059139251709,12.502091407775879,0.9991597533226013,650.0147705078125,0.0,4.357344627380371,0.06690223515033722,0.13107694685459137,0.007015889044851065,0.011225986294448376,0.0073307836428284645,16,16,15,14,0,0,0,0
scan15,subset_middle,5,4,11,0.021961873397231102,21.871253967285156,14.43947982788086,0.9998643398284912,635.29736328125,0.0,0.0,0.07021033763885498,0.1379549205303192,0.009541883133351803,0.01268815528601408,0.009273718111217022,16,16,15,15,0,0,0,0
scan15,subset_middle,0,24,12,0.014175084419548512,13.964607238769531,9.57347297668457,0.9999999403953552,662.8087158203125,0.0,0.0,0.06293034553527832,0.12176487594842911,0.011290845461189747,0.010590092279016972,0.00358499214053154,16,16,15,14,0,0,0,0
scan15,subset_middle,1,0,12,0.010869653895497322,11.533473014831543,7.3309102058410645,0.9998604655265808,644.5287475585938,0.0,3.735020160675049,0.06675512343645096,0.1292516589164734,0.004751957021653652,0.007616203743964434,0.0032534501515328884,16,16,15,15,0,0,0,0
scan15,subset_middle,2,1,12,0.01261528767645359,11.993678092956543,8.517037391662598,0.9999514818191528,652.0473022460938,0.0,4.811167240142822,0.06579955667257309,0.12706343829631805,0.003683718154206872,0.008999649435281754,0.003615638241171837,16,16,15,15,0,0,0,0
scan15,subset_middle,3,2,12,0.012915815226733685,13.344315528869629,8.779890060424805,0.9999999403953552,645.931396484375,0.0,3.672264814376831,0.06518197804689407,0.12565849721431732,0.004065506625920534,0.009506492875516415,0.00340932235121727,16,16,15,14,0,0,0,0
scan15,subset_middle,4,3,12,0.01528299693018198,16.334482192993164,10.210572242736816,0.9992122650146484,650.0120849609375,0.0,0.0,0.06624842435121536,0.12798956036567688,0.0053428299725055695,0.011225986294448376,0.004057010635733604,16,16,15,14,0,0,0,0
scan15,subset_middle,5,4,12,0.01803559623658657,18.229053497314453,11.771507263183594,0.9999396800994873,635.2941284179688,0.0,0.0,0.06864521652460098,0.13297325372695923,0.00680231349542737,0.01268815528601408,0.005347440950572491,16,16,15,15,0,0,0,0
scan15,subset_middle,0,24,13,0.012584088370203972,12.996708869934082,8.499770164489746,0.9999999403953552,662.805419921875,0.0,0.0,0.06011047586798668,0.11907108873128891,0.007217186037451029,0.010590092279016972,0.0019939960911870003,16,16,15,14,0,0,0,0
scan15,subset_middle,1,0,13,0.00938351359218359,10.150593757629395,6.269484519958496,0.9998418688774109,644.525146484375,0.0,3.468594551086426,0.06382874399423599,0.12610799074172974,0.003670096630230546,0.007616203743964434,0.0017673098482191563,16,16,15,15,0,0,0,0
scan15,subset_middle,2,1,13,0.010965469293296337,10.703411102294922,7.3707709312438965,0.9999514818191528,652.0446166992188,0.0,0.0,0.06318097561597824,0.12473979592323303,0.0025146743282675743,0.008999649435281754,0.0019658198580145836,16,16,15,15,0,0,0,0
scan15,subset_middle,3,2,13,0.011307593435049057,11.860318183898926,7.632570266723633,0.9999999403953552,645.9291381835938,0.0,0.0,0.06271377950906754,0.12357413023710251,0.002418000716716051,0.009506492875516415,0.0018011005595326424,16,16,15,14,0,0,0,0
scan15,subset_middle,4,3,13,0.013402245938777924,14.788289070129395,8.888274192810059,0.9992227554321289,650.0094604492188,0.0,3.5293638706207275,0.06347227841615677,0.1252196878194809,0.0029053911566734314,0.011225986294448376,0.002176259644329548,16,16,15,14,0,0,0,0
scan15,subset_middle,5,4,13,0.01566258631646633,16.11750030517578,10.150328636169434,0.9999246001243591,635.2909545898438,0.0,2.323805570602417,0.06538689881563187,0.1290004700422287,0.0036267575342208147,0.01268815528601408,0.0029744310304522514,16,16,15,15,0,0,0,0
scan15,subset_middle,0,24,14,0.011549137532711029,12.420011520385742,7.799680709838867,0.9999999403953552,662.8011474609375,0.0,0.0,0.06040346994996071,0.1168530136346817,0.006398806348443031,0.010590092279016972,0.0009590452536940575,16,16,15,14,0,0,0,1
scan15,subset_middle,1,0,14,0.008528837002813816,9.407613754272461,5.653655052185059,0.9998418688774109,644.5205688476562,0.0,0.0,0.06461681425571442,0.12436944991350174,0.005653253756463528,0.007616203743964434,0.0009126332588493824,16,16,15,15,0,0,0,0
scan15,subset_middle,2,1,14,0.009972098283469677,9.979211807250977,6.6810503005981445,0.9999514818191528,652.0408935546875,0.0,3.80173921585083,0.06375308334827423,0.12303850799798965,0.003553768154233694,0.008999649435281754,0.0009724488481879234,16,16,15,15,0,0,0,0
scan15,subset_middle,3,2,14,0.010443883948028088,11.054104804992676,7.006056308746338,0.9999999403953552,645.9255981445312,0.0,3.832825183868408,0.06360077112913132,0.12236880511045456,0.0027524069882929325,0.009506492875516415,0.000937391072511673,16,16,15,14,0,0,0,1
scan15,subset_middle,4,3,14,0.012343193404376507,13.975189208984375,8.126886367797852,0.9992333054542542,650.0061645507812,0.0,0.0,0.06412091106176376,0.12348812073469162,0.003375743981450796,0.011225986294448376,0.001117207109928131,16,16,15,14,0,0,0,1
scan15,subset_middle,5,4,14,0.014274817891418934,14.918601989746094,9.19589900970459,0.9998944401741028,635.28759765625,0.0,1.6914225816726685,0.06589633226394653,0.12682095170021057,0.004498338792473078,0.01268815528601408,0.0015866626054048538,16,16,15,15,0,0,0,0
scan15,subset_middle,0,24,15,0.010944186709821224,12.135387420654297,7.389460563659668,0.9999999403953552,662.795654296875,0.0,0.0,0.06225453317165375,0.11913031339645386,0.0065148682333528996,0.010590092279016972,0.0003540944308042526,16,16,15,14,0,0,1,1
scan15,subset_middle,1,0,15,0.00795404426753521,8.924882888793945,5.237332344055176,0.9998418688774109,644.5158081054688,0.0,4.200811386108398,0.06639362871646881,0.12696576118469238,0.006166283972561359,0.007616203743964434,0.000337840523570776,16,16,15,15,0,0,1,1
scan15,subset_middle,2,1,15,0.009421959519386292,9.59060287475586,6.292944431304932,0.9999353289604187,652.03662109375,0.0,0.0,0.06557763367891312,0.12543711066246033,0.003473450895398855,0.008999649435281754,0.00042231008410453796,16,16,15,15,0,0,1,1
scan15,subset_middle,3,2,15,0.009873319417238235,10.549171447753906,6.590404510498047,0.9999999403953552,645.9215087890625,0.0,4.839505195617676,0.06549284607172012,0.12518316507339478,0.0029058281797915697,0.009506492875516415,0.00036682654172182083,16,16,15,14,0,0,1,1
scan15,subset_middle,4,3,15,0.011659650132060051,13.470873832702637,7.645001411437988,0.9992437958717346,650.0023803710938,0.0,4.041475296020508,0.06600646674633026,0.1261046826839447,0.0036918597761541605,0.011225986294448376,0.00043366383761167526,16,16,15,14,0,0,1,1
scan15,subset_middle,5,4,15,0.013311433605849743,14.040169715881348,8.519562721252441,0.9998944401741028,635.2838745117188,0.0,4.508455753326416,0.06738578528165817,0.12897460162639618,0.004742039367556572,0.01268815528601408,0.0006232783198356628,16,16,15,15,0,0,1,1
scan15,subset_middle,0,24,16,0.010590092279016972,11.963955879211426,7.149331092834473,0.9999999403953552,662.7894287109375,0.0,0.0,0.06409354507923126,0.12249869108200073,0.007023914717137814,0.010590092279016972,0.0,16,16,15,14,1,1,1,1
scan15,subset_middle,1,0,16,0.007616203743964434,8.649591445922852,4.982945919036865,0.9998418688774109,644.5103149414062,0.0,4.7833991050720215,0.06708455830812454,0.12922444939613342,0.007092956453561783,0.007616203743964434,0.0,16,16,15,15,1,1,1,1
scan15,subset_middle,2,1,16,0.008999649435281754,9.32254409790039,5.995231628417969,0.999927282333374,652.0314331054688,0.0,3.1451027393341064,0.06640256196260452,0.12773972749710083,0.0035876426845788956,0.008999649435281754,0.0,16,16,15,15,1,1,1,1
scan15,subset_middle,3,2,16,0.009506492875516415,10.254992485046387,6.321958065032959,0.9999999403953552,645.9161376953125,0.0,0.6382712721824646,0.06665097922086716,0.12797851860523224,0.0036212168633937836,0.009506492875516415,0.0,16,16,15,14,1,1,1,1
scan15,subset_middle,4,3,16,0.011225986294448376,13.187981605529785,7.339008808135986,0.9992542862892151,649.9973754882812,0.0,1.9933125972747803,0.06689076125621796,0.12868709862232208,0.004532649181783199,0.011225986294448376,0.0,16,16,15,14,1,1,1,1
scan15,subset_middle,5,4,16,0.01268815528601408,13.466111183166504,8.071154594421387,0.9998643398284912,635.279296875,0.0,4.513449192047119,0.06789812445640564,0.13087409734725952,0.0056397570297122,0.01268815528601408,0.0,16,16,15,15,1,1,1,1
scan15,subset_uniform,0,0,8,0.025290459394454956,24.6208553314209,17.2789363861084,0.9995163679122925,644.6343994140625,0.0,0.0,0.07282455265522003,0.14684799313545227,0.0,0.00725763151422143,0.018032827880233526,16,16,15,15,0,0,0,0
scan15,subset_uniform,1,8,8,0.02309873141348362,21.542945861816406,15.71438980102539,0.9998143911361694,651.5502319335938,0.0,4.873027801513672,0.07600084692239761,0.15236544609069824,0.0,0.0089966906234622,0.01410204079002142,16,16,16,15,0,0,0,0
scan15,subset_uniform,2,16,8,0.025029577314853668,22.50208282470703,16.67321014404297,0.998534619808197,654.5083618164062,0.0,2.300952196121216,0.07904628664255142,0.1590069830417633,0.0,0.009982212446630001,0.015047364868223667,16,16,16,15,0,0,0,0
scan15,subset_uniform,3,24,8,0.019747091457247734,18.54930877685547,13.319478034973145,0.9999933838844299,662.883056640625,0.0,2.436063766479492,0.07851909101009369,0.15838538110256195,0.0,0.009118740446865559,0.010628351010382175,16,16,16,15,0,0,0,0
scan15,subset_uniform,4,32,8,0.016687186434864998,18.290691375732422,11.172172546386719,0.9989013075828552,660.9403076171875,0.0,0.0,0.08173051476478577,0.16599494218826294,0.0,0.00846855528652668,0.008218631148338318,16,16,16,15,0,0,0,0
scan15,subset_uniform,5,40,8,0.03528338298201561,30.225688934326172,22.490297317504883,0.9951168894767761,664.7613525390625,0.0,1.6846987009048462,0.08905767649412155,0.1794586330652237,0.0,0.010578017681837082,0.024705365300178528,16,16,16,15,0,0,0,0
scan15,subset_uniform,0,0,9,0.02064608968794346,20.196584701538086,14.052716255187988,0.9996559023857117,644.6195068359375,0.0,0.0,0.06774871796369553,0.13294805586338043,0.010385211557149887,0.00725763151422143,0.013388458173722029,16,16,15,15,0,0,0,0
scan15,subset_uniform,1,8,9,0.021791474893689156,20.130422592163086,14.787172317504883,0.9999691247940063,651.5360107421875,0.0,0.0,0.06987976282835007,0.13697169721126556,0.0068620056845247746,0.0089966906234622,0.012794784270226955,16,16,16,15,0,0,0,0
scan15,subset_uniform,2,16,9,0.023013807833194733,21.01697540283203,15.391986846923828,0.9986296892166138,654.4945068359375,0.0,2.9515440464019775,0.0726155936717987,0.14256685972213745,0.005963040515780449,0.009982212446630001,0.013031595386564732,16,16,16,15,0,0,0,0
scan15,subset_uniform,3,24,9,0.01930437982082367,17.922019958496094,13.00350570678711,0.9999933838844299,662.8683471679688,0.0,0.0,0.0712747797369957,0.14084778726100922,0.011387531645596027,0.009118740446865559,0.01018563937395811,16,16,16,15,0,0,0,0
scan15,subset_uniform,4,32,9,0.016481632366776466,17.15084457397461,11.004258155822754,0.9997130632400513,660.9263305664062,0.0,0.0,0.07381826639175415,0.14651212096214294,0.01434619165956974,0.00846855528652668,0.008013077080249786,16,16,16,15,0,0,0,0
scan15,subset_uniform,5,40,9,0.031088735908269882,27.184789657592773,19.79907989501953,0.9954240322113037,664.739990234375,0.0,0.0,0.08081955462694168,0.16009245812892914,0.025989102199673653,0.010578017681837082,0.0205107182264328,16,16,16,15,0,0,0,0
scan15,subset_uniform,0,0,10,0.01661045476794243,16.574935913085938,11.283556938171387,0.9996837973594666,644.6096801757812,0.0,0.0,0.06439100950956345,0.12645882368087769,0.0077745928429067135,0.00725763151422143,0.009352823253720999,16,16,15,15,0,0,0,0
scan15,subset_uniform,1,8,10,0.019102793186903,17.7838191986084,12.947922706604004,1.0,651.527099609375,0.0,0.0,0.06607475876808167,0.1290627270936966,0.004278191365301609,0.0089966906234622,0.0101061025634408,16,16,16,15,0,0,0,0
scan15,subset_uniform,2,16,10,0.019959211349487305,18.46628189086914,13.366186141967773,0.999952495098114,654.4862670898438,0.0,3.8714585304260254,0.06823369115591049,0.1340780258178711,0.006017311941832304,0.009982212446630001,0.009976998902857304,16,16,16,15,0,0,0,0
scan15,subset_uniform,3,24,10,0.01762882061302662,16.583757400512695,11.86193561553955,0.9999933838844299,662.8599243164062,0.0,0.0,0.06712030619382858,0.13168805837631226,0.009706520475447178,0.009118740446865559,0.00851008016616106,16,16,16,15,0,0,0,0
scan15,subset_uniform,4,32,10,0.01540953665971756,15.91608715057373,10.271358489990234,0.9998740553855896,660.9172973632812,0.0,4.07357120513916,0.0690121203660965,0.13592910766601562,0.019243109971284866,0.00846855528652668,0.00694098137319088,16,16,16,15,0,0,0,0
scan15,subset_uniform,5,40,10,0.025552598759531975,23.659969329833984,16.318971633911133,0.9955405592918396,664.733642578125,0.0,3.646743059158325,0.07520536333322525,0.14854462444782257,0.012730070389807224,0.010578017681837082,0.014974581077694893,16,16,16,15,0,0,0,0
scan15,subset_uniform,0,0,11,0.013342594727873802,13.506462097167969,9.003499031066895,0.9999162554740906,644.6005859375,0.0,0.0,0.06167708337306976,0.1215197741985321,0.006161617115139961,0.00725763151422143,0.006084963213652372,16,16,15,15,0,0,0,0
scan15,subset_uniform,1,8,11,0.016314486041665077,15.428110122680664,11.023630142211914,1.0,651.5191650390625,0.0,3.5534141063690186,0.06331128627061844,0.12420748174190521,0.004516856744885445,0.0089966906234622,0.007317795418202877,16,16,16,15,0,0,0,0
scan15,subset_uniform,2,16,11,0.017085310071706772,16.242748260498047,11.44137191772461,0.9999920725822449,654.4791870117188,0.0,3.847510814666748,0.06490454822778702,0.1280583143234253,0.006402126979082823,0.009982212446630001,0.007103097625076771,16,16,16,15,0,0,0,0
scan15,subset_uniform,3,24,11,0.015615437179803848,15.222549438476562,10.496452331542969,0.9999999403953552,662.8525390625,0.0,0.0,0.06422293931245804,0.1262032687664032,0.009560332633554935,0.009118740446865559,0.00649669673293829,16,16,16,15,0,0,0,0
scan15,subset_uniform,4,32,11,0.01396904792636633,14.862846374511719,9.307482719421387,0.9999510049819946,660.9098510742188,0.0,4.688470840454102,0.06604184210300446,0.12952430546283722,0.02202536165714264,0.00846855528652668,0.005500492639839649,16,16,16,15,0,0,0,0
scan15,subset_uniform,5,40,11,0.02047896385192871,20.63916778564453,13.146883964538574,0.9959006905555725,664.7281494140625,0.0,3.6958107948303223,0.07077183574438095,0.14018411934375763,0.01391748245805502,0.010578017681837082,0.009900946170091629,16,16,16,15,0,0,0,0
scan15,subset_uniform,0,0,12,0.010806011967360973,11.247443199157715,7.225898265838623,0.9999162554740906,644.594482421875,0.0,0.0,0.061656344681978226,0.11927825957536697,0.004833335522562265,0.00725763151422143,0.0035483804531395435,16,16,15,15,0,0,0,0
scan15,subset_uniform,1,8,12,0.013780444860458374,13.387312889099121,9.274017333984375,1.0,651.51416015625,0.0,1.73978853225708,0.06323320418596268,0.12212783098220825,0.004040950909256935,0.0089966906234622,0.004783754236996174,16,16,16,15,0,0,0,0
scan15,subset_uniform,2,16,12,0.014610271900892258,14.597400665283203,9.768138885498047,0.9999604225158691,654.474609375,0.0,0.0,0.06462403386831284,0.1250954568386078,0.005910548847168684,0.009982212446630001,0.004628059454262257,16,16,16,15,0,0,0,0
scan15,subset_uniform,3,24,12,0.013642828911542892,13.978045463562012,9.165454864501953,0.9999999403953552,662.8482666015625,0.0,1.0330613851547241,0.06430459022521973,0.12406570464372635,0.009425733238458633,0.009118740446865559,0.004524088464677334,16,16,16,15,0,0,0,0
scan15,subset_uniform,4,32,12,0.012359602376818657,13.883408546447754,8.238597869873047,0.9999720454216003,660.9053344726562,0.0,0.0,0.0658406987786293,0.12702472507953644,0.02410191297531128,0.00846855528652668,0.003891047090291977,16,16,16,15,0,0,0,0
scan15,subset_uniform,5,40,12,0.016497792676091194,18.387649536132812,10.640499114990234,0.9963032007217407,664.7235107421875,0.0,3.742666721343994,0.06930091977119446,0.13509982824325562,0.014877201057970524,0.010578017681837082,0.005919774994254112,16,16,16,15,0,0,0,0
scan15,subset_uniform,0,0,13,0.009273321367800236,9.969075202941895,6.144820690155029,0.9999255537986755,644.587646484375,0.0,0.0,0.05935667082667351,0.11740297079086304,0.00404053321108222,0.00725763151422143,0.002015689853578806,16,16,15,15,0,0,0,0
scan15,subset_uniform,1,8,13,0.011909081600606441,11.97378158569336,7.982747554779053,1.0,651.5083618164062,0.0,0.0,0.060986652970314026,0.12036888301372528,0.004273559898138046,0.0089966906234622,0.0029123909771442413,16,16,16,15,0,0,0,0
scan15,subset_uniform,2,16,13,0.012792525812983513,13.6821870803833,8.542924880981445,0.9999366402626038,654.4693603515625,0.0,3.8391549587249756,0.06237674131989479,0.1229897290468216,0.004219177644699812,0.009982212446630001,0.002810313366353512,16,16,16,15,0,0,0,0
scan15,subset_uniform,3,24,13,0.01199067197740078,13.00417709350586,8.056265830993652,0.9999999403953552,662.8432006835938,0.0,3.8085319995880127,0.06264165788888931,0.12287896126508713,0.008931410498917103,0.009118740446865559,0.002871931530535221,16,16,16,15,0,0,0,0
scan15,subset_uniform,4,32,13,0.010980237275362015,13.113737106323242,7.323486328125,0.9999720454216003,660.9004516601562,0.0,0.6173895597457886,0.06430884450674057,0.12573347985744476,0.023093851283192635,0.00846855528652668,0.0025116819888353348,16,16,16,15,0,0,0,0
scan15,subset_uniform,5,40,13,0.013845467008650303,16.949764251708984,8.94614028930664,0.997351884841919,664.7181396484375,0.0,4.023116588592529,0.06697211414575577,0.13186782598495483,0.013725175522267818,0.010578017681837082,0.003267449326813221,16,16,16,15,0,0,0,0
scan15,subset_uniform,0,0,14,0.00827613566070795,9.212325096130371,5.434839725494385,0.9999162554740906,644.5811157226562,0.0,0.0,0.06012405827641487,0.11611204594373703,0.003961897920817137,0.00725763151422143,0.0010185041464865208,16,16,15,15,0,0,0,0
scan15,subset_uniform,1,8,14,0.010564930737018585,11.008854866027832,7.047821998596191,1.0,651.5026245117188,0.0,2.3177330493927,0.06206300109624863,0.11949145048856735,0.004490632098168135,0.0089966906234622,0.001568240113556385,16,16,16,15,0,0,0,0
scan15,subset_uniform,2,16,14,0.011532807722687721,12.997368812561035,7.678949356079102,0.9999287128448486,654.4644775390625,0.0,0.0,0.06349469721317291,0.1221018061041832,0.0033510890789330006,0.009982212446630001,0.0015505952760577202,16,16,16,15,0,0,0,0
scan15,subset_uniform,3,24,14,0.010707973502576351,12.280735969543457,7.19076681137085,0.9999999403953552,662.8385009765625,0.0,0.0,0.06380104273557663,0.1226019561290741,0.008351736702024937,0.009118740446865559,0.0015892330557107925,16,16,16,15,0,0,0,0
scan15,subset_uniform,4,32,14,0.00989505648612976,12.569052696228027,6.604028224945068,0.9999859929084778,660.8963012695312,0.0,3.380319356918335,0.06568960100412369,0.12580208480358124,0.02096662111580372,0.00846855528652668,0.0014265011996030807,16,16,16,15,0,0,0,0
scan15,subset_uniform,5,40,14,0.012235580943524837,16.095436096191406,7.914182662963867,0.9977331757545471,664.7128295898438,0.0,3.8621914386749268,0.06751605123281479,0.13021278381347656,0.010037762112915516,0.010578017681837082,0.0016575632616877556,16,16,16,15,0,0,0,0
scan15,subset_uniform,0,0,15,0.007615750655531883,8.743087768554688,4.962082862854004,0.9999162554740906,644.5742797851562,0.0,0.0,0.06190494820475578,0.11860191822052002,0.003949182108044624,0.00725763151422143,0.0003581191413104534,16,16,15,15,0,0,1,1
scan15,subset_uniform,1,8,15,0.009651494212448597,10.405524253845215,6.412755012512207,1.0,651.496826171875,0.0,4.221043109893799,0.06388261169195175,0.1223071813583374,0.004298659972846508,0.0089966906234622,0.0006548035889863968,16,16,16,15,0,0,0,1
scan15,subset_uniform,2,16,15,0.010631407611072063,12.545272827148438,7.060861587524414,0.9999287128448486,654.4594116210938,0.0,2.5636115074157715,0.06527254730463028,0.12491872161626816,0.0031450465321540833,0.009982212446630001,0.0006491951644420624,16,16,16,15,0,0,0,1
scan15,subset_uniform,3,24,15,0.009772769175469875,11.780925750732422,6.560526371002197,0.9999999403953552,662.8335571289062,0.0,4.001739501953125,0.06553048640489578,0.12547357380390167,0.007584390230476856,0.009118740446865559,0.0006540287286043167,16,16,16,15,0,0,0,1
scan15,subset_uniform,4,32,15,0.00907390657812357,12.152134895324707,6.058986186981201,0.9999790191650391,660.8917846679688,0.0,0.0,0.06732914596796036,0.1286972314119339,0.016723453998565674,0.00846855528652668,0.0006053512915968895,16,16,16,15,0,0,0,1
scan15,subset_uniform,5,40,15,0.011205810122191906,15.562692642211914,7.248554706573486,0.9979026913642883,664.7094116210938,0.0,4.137063980102539,0.06847259402275085,0.13176332414150238,0.008128762245178223,0.010578017681837082,0.0006277924403548241,16,16,16,15,0,0,0,1
scan15,subset_uniform,0,0,16,0.00725763151422143,8.534934997558594,4.706145763397217,0.9999162554740906,644.5672607421875,0.0,0.0,0.06338108330965042,0.12158012390136719,0.003941482864320278,0.00725763151422143,0.0,16,16,15,15,1,1,1,1
scan15,subset_uniform,1,8,16,0.0089966906234622,9.995071411132812,5.9609222412109375,1.0,651.4903564453125,0.0,0.0,0.0652906596660614,0.1252288669347763,0.004145725630223751,0.0089966906234622,0.0,16,16,16,15,1,1,1,1
scan15,subset_uniform,2,16,16,0.009982212446630001,12.293042182922363,6.623233795166016,0.9999287128448486,654.45361328125,0.0,2.1996254920959473,0.06638555973768234,0.12753291428089142,0.003104395465925336,0.009982212446630001,0.0,16,16,16,15,1,1,1,1
scan15,subset_uniform,3,24,16,0.009118740446865559,11.478842735290527,6.119638442993164,0.9999999403953552,662.827392578125,0.0,2.5255348682403564,0.0664093941450119,0.1278012990951538,0.00719281192868948,0.009118740446865559,0.0,16,16,16,15,1,1,1,1
scan15,subset_uniform,4,32,16,0.00846855528652668,11.868313789367676,5.657534122467041,0.9999790191650391,660.8863525390625,0.0,0.0,0.0678117573261261,0.1305968314409256,0.015864593908190727,0.00846855528652668,0.0,16,16,16,15,1,1,1,1
scan15,subset_uniform,5,40,16,0.010578017681837082,15.254783630371094,6.843565464019775,0.9979768395423889,664.7022094726562,0.0,0.0,0.06861889362335205,0.13266269862651825,0.008119087666273117,0.010578017681837082,0.0,16,16,16,15,1,1,1,1
scan23,subset_middle,0,24,8,0.02052566036581993,18.594871520996094,14.513201713562012,1.0,677.75,0.0,0.0,0.06340742856264114,0.12725724279880524,0.0,0.006856135092675686,0.013669525273144245,16,16,15,15,0,0,0,0
scan23,subset_middle,1,0,8,0.03395819291472435,28.94086456298828,22.022157669067383,0.9999011754989624,689.1060791015625,0.0,3.1393086910247803,0.06999187916517258,0.14111903309822083,0.0,0.008910669945180416,0.025047522969543934,16,16,16,15,0,0,0,0
scan23,subset_middle,2,1,8,0.02885095775127411,24.222980499267578,19.37065887451172,1.0,684.6055908203125,0.0,0.0,0.0685700848698616,0.13801519572734833,0.0,0.007579379249364138,0.02127157850190997,16,16,16,15,0,0,0,0
scan23,subset_middle,3,2,8,0.023807745426893234,20.002626419067383,16.46868896484375,1.0,677.904541015625,0.0,2.6697585582733154,0.06566515564918518,0.13394564390182495,0.0,0.007196406368166208,0.016611339058727026,16,16,16,15,0,0,0,0
scan23,subset_middle,4,3,8,0.021218745037913322,18.70509910583496,14.796255111694336,1.0,669.665771484375,0.0,3.1470937728881836,0.07308430969715118,0.14793165028095245,0.0,0.006839199457317591,0.014379545580595732,16,16,15,15,0,0,0,0
scan23,subset_middle,5,4,8,0.019163552671670914,18.60142707824707,13.450560569763184,0.999433696269989,670.6703491210938,0.0,0.0,0.07406637817621231,0.14962033927440643,0.0,0.007461511995643377,0.011702040676027536,16,16,15,15,0,0,0,0
scan23,subset_middle,0,24,9,0.0168658085167408,15.551836967468262,11.927374839782715,1.0,677.7410278320312,0.0,0.0,0.06024263799190521,0.11802694201469421,0.007177038583904505,0.006856135092675686,0.010009673424065113,16,16,15,15,0,0,0,0
scan23,subset_middle,1,0,9,0.0280714500695467,24.33046531677246,18.2469539642334,1.0,689.0980224609375,0.0,0.0,0.0657493993639946,0.12896938621997833,0.009120432659983635,0.008910669945180416,0.019160780124366283,16,16,16,15,0,0,0,0
scan23,subset_middle,2,1,9,0.02421201951801777,20.575220108032227,16.323440551757812,1.0,684.596923828125,0.0,3.755931854248047,0.06441789120435715,0.12650293111801147,0.007326414808630943,0.007579379249364138,0.01663264026865363,16,16,16,15,0,0,0,0
scan23,subset_middle,3,2,9,0.020346645265817642,17.49591827392578,14.085594177246094,1.0,677.8953857421875,0.0,1.8902053833007812,0.062151048332452774,0.12208761274814606,0.00559018412604928,0.007196406368166208,0.013150238897651434,16,16,16,15,0,0,0,0
scan23,subset_middle,4,3,9,0.017993152141571045,16.24675941467285,12.567983627319336,1.0,669.6570434570312,0.0,0.0,0.06721705198287964,0.13323809206485748,0.005745593458414078,0.006839199457317591,0.011153952684253454,16,16,15,15,0,0,0,0
scan23,subset_middle,5,4,9,0.017346277832984924,16.998353958129883,12.18233585357666,0.9994819164276123,670.6636352539062,0.0,0.0,0.06808142364025116,0.13391202688217163,0.005100042559206486,0.007461511995643377,0.009884765837341547,16,16,15,15,0,0,0,0
scan23,subset_middle,0,24,10,0.013697700574994087,12.965986251831055,9.713799476623535,1.0,677.7349853515625,0.0,0.0,0.058545954525470734,0.11417965590953827,0.005088443402200937,0.006856135092675686,0.006841565482318401,16,16,15,15,0,0,0,0
scan23,subset_middle,1,0,10,0.022562049329280853,20.048696517944336,14.699026107788086,1.0,689.0921020507812,0.0,0.0,0.063003309071064,0.12320002168416977,0.005007496569305658,0.008910669945180416,0.013651379384100437,16,16,16,15,0,0,0,0
scan23,subset_middle,2,1,10,0.01932276226580143,16.929166793823242,13.093377113342285,1.0,684.5910034179688,0.0,0.0,0.06188812106847763,0.12095405906438828,0.0045242332853376865,0.007579379249364138,0.011743383016437292,16,16,16,15,0,0,0,0
scan23,subset_middle,3,2,10,0.016620082780718803,14.67314624786377,11.528424263000488,1.0,677.889404296875,0.0,0.0,0.060471244156360626,0.11769010871648788,0.0034000698942691088,0.007196406368166208,0.009423676412552595,16,16,16,15,0,0,0,0
scan23,subset_middle,4,3,10,0.014622429385781288,13.621724128723145,10.230793952941895,1.0,669.6507568359375,0.0,3.0672671794891357,0.06372734904289246,0.1252792775630951,0.003235119627788663,0.006839199457317591,0.007783229928463697,16,16,15,15,0,0,0,0
scan23,subset_middle,5,4,10,0.014822911471128464,14.934894561767578,10.434874534606934,0.9995903372764587,670.6578369140625,0.0,0.0,0.06478665769100189,0.1267089694738388,0.003834065282717347,0.007461511995643377,0.0073613994754850864,16,16,15,15,0,0,0,0
scan23,subset_middle,0,24,11,0.01110643520951271,11.033761024475098,7.891124725341797,1.0,677.728759765625,0.0,0.0,0.05750216916203499,0.11219197511672974,0.004527307581156492,0.006856135092675686,0.004250300116837025,16,16,15,15,0,0,0,0
scan23,subset_middle,1,0,11,0.01814945600926876,16.72100257873535,11.841843605041504,1.0,689.086181640625,0.0,2.9639205932617188,0.060854967683553696,0.11899713426828384,0.00434050802141428,0.008910669945180416,0.009238786064088345,16,16,16,15,0,0,0,0
scan23,subset_middle,2,1,11,0.015301945619285107,13.998140335083008,10.421501159667969,1.0,684.5847778320312,0.0,3.213270664215088,0.06012842059135437,0.11730626970529556,0.004453133326023817,0.007579379249364138,0.007722566369920969,16,16,16,15,0,0,0,0
scan23,subset_middle,3,2,11,0.013387324288487434,12.317699432373047,9.323567390441895,1.0,677.8834228515625,0.0,1.2049601078033447,0.05942283198237419,0.11558152735233307,0.003302325028926134,0.007196406368166208,0.006190917920321226,16,16,16,15,0,0,0,0
scan23,subset_middle,4,3,11,0.011762176640331745,11.454651832580566,8.244087219238281,1.0,669.6448364257812,0.0,2.4594132900238037,0.06131461262702942,0.12018728256225586,0.0030429132748395205,0.006839199457317591,0.0049229771830141544,16,16,15,15,0,0,0,0
scan23,subset_middle,5,4,11,0.012471664696931839,13.240750312805176,8.82454776763916,0.9996867179870605,670.6520385742188,0.0,0.0,0.06230125203728676,0.12173561006784439,0.002572194207459688,0.007461511995643377,0.005010152701288462,16,16,15,15,0,0,0,0
scan23,subset_middle,0,24,12,0.009480712935328484,9.890738487243652,6.740675926208496,1.0,677.724365234375,0.0,0.0,0.05826534330844879,0.11211156845092773,0.0032078830990940332,0.006856135092675686,0.0026245778426527977,16,16,15,15,0,0,0,0
scan23,subset_middle,1,0,12,0.014838259667158127,14.28730583190918,9.704774856567383,1.0,689.0826416015625,0.0,1.5506597757339478,0.06141327694058418,0.11793521046638489,0.0035417310427874327,0.008910669945180416,0.005927589721977711,16,16,16,15,0,0,0,0
scan23,subset_middle,2,1,12,0.012480057775974274,12.022785186767578,8.544145584106445,1.0,684.5803833007812,0.0,3.4646975994110107,0.06074491888284683,0.11675012111663818,0.0039010299369692802,0.007579379249364138,0.004900678526610136,16,16,16,15,0,0,0,0
scan23,subset_middle,3,2,12,0.010985203087329865,10.618420600891113,7.678876876831055,1.0,677.8797607421875,0.0,3.25203013420105,0.06038493663072586,0.11590283364057541,0.0031081349588930607,0.007196406368166208,0.0037887967191636562,16,16,16,15,0,0,0,0
scan23,subset_middle,4,3,12,0.00975294690579176,9.944051742553711,6.851910591125488,1.0,669.6417846679688,0.0,1.6731590032577515,0.06158367916941643,0.1186143159866333,0.002746458863839507,0.006839199457317591,0.0029137474484741688,16,16,15,15,0,0,0,0
scan23,subset_middle,5,4,12,0.010648098774254322,11.88395881652832,7.556314945220947,0.9996867179870605,670.6490478515625,0.0,4.263469696044922,0.06215118616819382,0.11992333829402924,0.0019507748074829578,0.007461511995643377,0.0031865867786109447,16,16,15,15,0,0,0,0
scan23,subset_middle,0,24,13,0.008454415015876293,9.217763900756836,6.013485431671143,1.0,677.7168579101562,0.0,0.0,0.05673423036932945,0.11166217923164368,0.004821786191314459,0.006856135092675686,0.0015982799232006073,16,16,15,15,0,0,0,0
scan23,subset_middle,1,0,13,0.012559694238007069,12.736345291137695,8.254204750061035,1.0,689.0764770507812,0.0,0.0,0.06016622483730316,0.11767265200614929,0.004775030538439751,0.008910669945180416,0.0036490242928266525,16,16,16,15,0,0,0,0
scan23,subset_middle,2,1,13,0.010578818619251251,10.741171836853027,7.271285533905029,1.0,684.57373046875,0.0,2.9750618934631348,0.059486377984285355,0.11650902032852173,0.005484018009155989,0.007579379249364138,0.0029994393698871136,16,16,16,15,0,0,0,0
scan23,subset_middle,3,2,13,0.009422283619642258,9.552298545837402,6.608999729156494,1.0,677.8734741210938,0.0,0.0,0.059568241238594055,0.11632032692432404,0.004989461041986942,0.007196406368166208,0.0022258772514760494,16,16,16,15,0,0,0,0
scan23,subset_middle,4,3,13,0.008507179096341133,9.007457733154297,5.9886016845703125,1.0,669.6362915039062,0.0,2.336740255355835,0.06034478172659874,0.11806213855743408,0.0043752314522862434,0.006839199457317591,0.0016679796390235424,16,16,15,15,0,0,0,0
scan23,subset_middle,5,4,13,0.009297572076320648,10.889404296875,6.609964370727539,0.9997830986976624,670.64404296875,0.0,2.4101345539093018,0.060853563249111176,0.11899887770414352,0.0029721304308623075,0.007461511995643377,0.0018360600806772709,16,16,15,15,0,0,0,0
scan23,subset_middle,0,24,14,0.007659803610295057,8.758798599243164,5.449857711791992,1.0,677.7090454101562,0.0,0.0,0.058549486100673676,0.11205776035785675,0.005434853490442038,0.006856135092675686,0.0008036685176193714,16,16,15,15,0,0,0,0
scan23,subset_middle,1,0,14,0.010851776227355003,11.633880615234375,7.182052135467529,1.0,689.0699462890625,0.0,4.159300327301025,0.062188006937503815,0.11866327375173569,0.0061141327023506165,0.008910669945180416,0.0019411062821745872,16,16,16,15,0,0,0,0
scan23,subset_middle,2,1,14,0.00912183616310358,9.812068939208984,6.294053077697754,1.0,684.5667724609375,0.0,0.0,0.06156309321522713,0.11750295758247375,0.006126909516751766,0.007579379249364138,0.0015424569137394428,16,16,16,15,0,0,0,0
scan23,subset_middle,3,2,14,0.008300061337649822,8.783024787902832,5.834033012390137,1.0,677.8667602539062,0.0,0.0,0.06195123866200447,0.1179778054356575,0.006141168065369129,0.007196406368166208,0.001103654969483614,16,16,16,15,0,0,0,0
scan23,subset_middle,4,3,14,0.007638528477400541,8.363018989562988,5.387458801269531,1.0,669.630615234375,0.0,0.0,0.06268611550331116,0.11926280707120895,0.005458952859044075,0.006839199457317591,0.0007993290200829506,16,16,15,15,0,0,0,0
scan23,subset_middle,5,4,14,0.008315985091030598,10.193914413452148,5.925509929656982,0.9998674392700195,670.639404296875,0.0,0.0,0.06309414654970169,0.12010649591684341,0.004491603933274746,0.007461511995643377,0.0008544730953872204,16,16,15,15,0,0,0,0
scan23,subset_middle,0,24,15,0.007193966303020716,8.471785545349121,5.118049144744873,1.0,677.701171875,0.0,0.0,0.061229243874549866,0.11643949151039124,0.004992308560758829,0.006856135092675686,0.00033783121034502983,16,16,15,15,0,0,1,1
scan23,subset_middle,1,0,15,0.009606578387320042,10.88320255279541,6.405664443969727,1.0,689.0635375976562,0.0,0.0,0.06476188451051712,0.12316004186868668,0.005217497702687979,0.008910669945180416,0.0006959084421396255,16,16,16,15,0,0,0,1
scan23,subset_middle,2,1,15,0.008148252964019775,9.200387954711914,5.6393351554870605,1.0,684.5601806640625,0.0,1.8043931722640991,0.0641949251294136,0.1220845878124237,0.0053329020738601685,0.007579379249364138,0.0005688737146556377,16,16,16,15,0,0,0,1
scan23,subset_middle,3,2,15,0.007604907266795635,8.283879280090332,5.349966049194336,1.0,677.8605346679688,0.0,2.8973917961120605,0.06473647803068161,0.12296982854604721,0.005381819326430559,0.007196406368166208,0.00040850089862942696,16,16,16,15,0,0,0,1
scan23,subset_middle,4,3,15,0.007134614046663046,7.977427005767822,5.033648490905762,1.0,669.62548828125,0.0,0.0,0.06544356048107147,0.12422683089971542,0.004583860747516155,0.006839199457317591,0.00029541458934545517,16,16,15,15,0,0,1,1
scan23,subset_middle,5,4,15,0.007716280873864889,9.756468772888184,5.498805522918701,0.9999036192893982,670.6346435546875,0.0,0.0,0.06572584807872772,0.12485501915216446,0.004044038243591785,0.007461511995643377,0.00025476887822151184,16,16,15,15,0,0,1,1
scan23,subset_middle,0,24,16,0.006856135092675686,8.292993545532227,4.878609657287598,1.0,677.6936645507812,0.0,0.0,0.06361924856901169,0.12112712115049362,0.004666564986109734,0.006856135092675686,0.0,16,16,15,15,1,1,1,1
scan23,subset_middle,1,0,16,0.008910669945180416,10.509223937988281,5.978943347930908,1.0,689.0574951171875,0.0,2.879840135574341,0.06610975414514542,0.12676627933979034,0.0052179004997015,0.008910669945180416,0.0,16,16,16,15,1,1,1,1
scan23,subset_middle,2,1,16,0.007579379249364138,8.850183486938477,5.256807804107666,1.0,684.5535278320312,0.0,4.562483310699463,0.0657351091504097,0.12591347098350525,0.005435004830360413,0.007579379249364138,0.0,16,16,16,15,1,1,1,1
scan23,subset_middle,3,2,16,0.007196406368166208,8.011093139648438,5.066381454467773,1.0,677.85400390625,0.0,0.0,0.06643333286046982,0.12709033489227295,0.005344575736671686,0.007196406368166208,0.0,16,16,16,15,1,1,1,1
scan23,subset_middle,4,3,16,0.006839199457317591,7.744962692260742,4.82790994644165,1.0,669.6201171875,0.0,0.0,0.0667388066649437,0.12799927592277527,0.004579984117299318,0.006839199457317591,0.0,16,16,15,15,1,1,1,1
scan23,subset_middle,5,4,16,0.007461511995643377,9.561625480651855,5.318628311157227,0.9999156594276428,670.6295776367188,0.0,0.0,0.06714236736297607,0.12861469388008118,0.004268682096153498,0.007461511995643377,0.0,16,16,15,15,1,1,1,1
scan23,subset_uniform,0,0,8,0.03630658984184265,30.71242332458496,23.759754180908203,0.9998418688774109,689.236328125,0.12508152425289154,0.0,0.06924116611480713,0.13853122293949127,0.0,0.009008300490677357,0.027298289351165295,16,16,15,15,0,0,0,0
scan23,subset_uniform,1,8,8,0.021002154797315598,18.634990692138672,14.802879333496094,0.9998668432235718,677.021728515625,0.0,3.076953172683716,0.07059946656227112,0.14338575303554535,0.0,0.005757079925388098,0.0152450748719275,16,15,15,14,0,0,0,0
scan23,subset_uniform,2,16,8,0.01659015566110611,17.114402770996094,11.91126537322998,0.999359667301178,664.7557373046875,0.0,2.4388742446899414,0.07656826823949814,0.15424993634223938,0.0,0.005787381436675787,0.010802774224430323,15,15,14,14,0,0,0,0
scan23,subset_uniform,3,24,8,0.016594775021076202,16.074954986572266,11.945262908935547,1.0,677.8856811523438,0.0,4.506152629852295,0.07427170127630234,0.151171013712883,0.0,0.005543164908885956,0.011051610112190247,14,14,14,13,0,0,0,0
scan23,subset_uniform,4,32,8,0.013670101761817932,15.221147537231445,9.869013786315918,0.9996142387390137,679.6986083984375,0.0,7.058969974517822,0.07686803489923477,0.15661996603012085,0.0,0.005437466315925121,0.00823263544589281,14,14,14,13,0,0,0,0
scan23,subset_uniform,5,40,8,0.00814376212656498,9.530109405517578,5.854916572570801,1.0,647.6490478515625,0.12508152425289154,5.835394382476807,0.08496864140033722,0.17231722176074982,0.0,0.00569620355963707,0.00244755856692791,16,16,15,14,0,0,0,0
scan23,subset_uniform,0,0,9,0.03014446794986725,25.963102340698242,19.836233139038086,1.0,689.2213745117188,0.0,0.0,0.06503184139728546,0.1265769749879837,0.012271068058907986,0.009008300490677357,0.021136167459189892,16,16,15,15,0,0,0,0
scan23,subset_uniform,1,8,9,0.017900418490171432,16.23371696472168,12.634689331054688,0.9998668432235718,677.0057373046875,0.0,5.651734352111816,0.06580473482608795,0.1289289891719818,0.008575618267059326,0.005757079925388098,0.012143338564783335,16,15,15,14,0,0,0,0
scan23,subset_uniform,2,16,9,0.014660032466053963,15.696417808532715,10.526269912719727,0.9993321299552917,664.7387084960938,0.0,4.033714294433594,0.06993237137794495,0.13807795941829681,0.0075669484212994576,0.005787381436675787,0.008872651029378176,15,15,14,14,0,0,0,0
scan23,subset_uniform,3,24,9,0.013750794343650341,13.703362464904785,9.912829399108887,0.9999175071716309,677.8692626953125,0.0,6.163034439086914,0.06850451231002808,0.13465015590190887,0.008556813932955265,0.005543164908885956,0.008207629434764385,14,14,14,13,0,0,0,0
scan23,subset_uniform,4,32,9,0.011752661317586899,13.919781684875488,8.465838432312012,0.999620795249939,679.6819458007812,0.0,5.858559608459473,0.07049528509378433,0.13892149925231934,0.005327585153281689,0.005437466315925121,0.0063151950016617775,14,14,14,13,0,0,0,0
scan23,subset_uniform,5,40,9,0.00733428867533803,8.996158599853516,5.270669460296631,1.0,647.62939453125,0.0,7.252659320831299,0.07672922313213348,0.15164683759212494,0.0032728149089962244,0.00569620355963707,0.0016380851157009602,16,16,15,14,0,0,0,0
scan23,subset_uniform,0,0,10,0.02345305122435093,20.98011016845703,15.515546798706055,1.0,689.2064819335938,0.0,0.0,0.06426666676998138,0.12336136400699615,0.009838770143687725,0.009008300490677357,0.014444750733673573,16,16,15,15,0,0,0,0
scan23,subset_uniform,1,8,10,0.01428173203021288,13.499032974243164,10.10802936553955,0.9998668432235718,676.9900512695312,0.0,3.653662919998169,0.06443378329277039,0.1245085597038269,0.007397600449621677,0.005757079925388098,0.008524652104824781,16,15,15,14,0,0,0,0
scan23,subset_uniform,2,16,10,0.012144352309405804,13.8845853805542,8.722711563110352,0.9993252754211426,664.721923828125,0.0,2.6685850620269775,0.0672096461057663,0.13058173656463623,0.006837572902441025,0.005787381436675787,0.006356970872730017,15,15,14,14,0,0,0,0
scan23,subset_uniform,3,24,10,0.010942301712930202,11.701096534729004,7.893454551696777,0.9998794794082642,677.85400390625,0.0,5.264177322387695,0.06644526869058609,0.1285674124956131,0.0077476901933550835,0.005543164908885956,0.005399136804044247,14,14,14,13,0,0,0,0
scan23,subset_uniform,4,32,10,0.009575347416102886,12.127578735351562,6.891904354095459,0.9996272921562195,679.667236328125,0.0,3.0559496879577637,0.06815531849861145,0.13219022750854492,0.009205156937241554,0.005437466315925121,0.004137881100177765,14,14,14,13,0,0,0,0
scan23,subset_uniform,5,40,10,0.007057338021695614,8.737892150878906,5.052569389343262,1.0,647.61376953125,0.0,7.311127662658691,0.07215876132249832,0.14141516387462616,0.009038014337420464,0.00569620355963707,0.0013611344620585442,16,16,15,14,0,0,0,0
scan23,subset_uniform,0,0,11,0.017877692356705666,16.938945770263672,11.848002433776855,1.0,689.1917724609375,0.0,0.0,0.06300131976604462,0.1223725751042366,0.009105213917791843,0.009008300490677357,0.008869391866028309,16,16,15,15,0,0,0,0
scan23,subset_uniform,1,8,11,0.01088434737175703,11.070019721984863,7.728103160858154,0.9998668432235718,676.9751586914062,0.0,2.4419219493865967,0.06343990564346313,0.12307297438383102,0.006987446919083595,0.005757079925388098,0.005127267446368933,16,15,15,14,0,0,0,0
scan23,subset_uniform,2,16,11,0.009694644249975681,12.228782653808594,6.96058464050293,0.9993252754211426,664.7064819335938,0.0,3.7601523399353027,0.0652795061469078,0.12721039354801178,0.006129555404186249,0.005787381436675787,0.003907262813299894,15,15,14,14,0,0,0,0
scan23,subset_uniform,3,24,11,0.008612205274403095,9.79019546508789,6.210742473602295,0.999866783618927,677.839111328125,0.0,2.920943021774292,0.06453079730272293,0.12564720213413239,0.005353463348001242,0.005543164908885956,0.0030690403655171394,14,14,14,13,0,0,0,0
scan23,subset_uniform,4,32,11,0.007738559506833553,10.719773292541504,5.562527179718018,0.9996272921562195,679.6532592773438,0.0,2.963524341583252,0.06606560200452805,0.12893657386302948,0.010094073601067066,0.005437466315925121,0.002301093190908432,14,14,14,13,0,0,0,0
scan23,subset_uniform,5,40,11,0.006940561346709728,8.61842155456543,4.952704429626465,1.0,647.5953369140625,0.0,5.752649784088135,0.06895431131124496,0.13521967828273773,0.013157683424651623,0.00569620355963707,0.0012443577870726585,16,16,15,14,0,0,0,0
scan23,subset_uniform,0,0,12,0.01384479645639658,14.220203399658203,9.218632698059082,1.0,689.1822509765625,0.0,0.0,0.06256934255361557,0.12087421119213104,0.005916213616728783,0.009008300490677357,0.004836495965719223,16,16,15,15,0,0,0,0
scan23,subset_uniform,1,8,12,0.008314769715070724,9.37491512298584,5.918827056884766,0.9998668432235718,676.9656372070312,0.0,0.0,0.0634639784693718,0.12222184240818024,0.005015568342059851,0.005757079925388098,0.0025576897896826267,16,15,15,14,0,0,0,0
scan23,subset_uniform,2,16,12,0.007784625049680471,11.025175094604492,5.586391925811768,0.9993321299552917,664.6972045898438,0.0,0.0,0.0650869682431221,0.12532338500022888,0.004644346423447132,0.005787381436675787,0.0019972436130046844,15,15,14,14,0,0,0,0
scan23,subset_uniform,3,24,12,0.0069292886182665825,8.54135513305664,4.987232208251953,0.999866783618927,677.8298950195312,0.0,4.912707328796387,0.06428653746843338,0.1239614337682724,0.0034161892253905535,0.005543164908885956,0.0013861237093806267,14,14,14,13,0,0,0,0
scan23,subset_uniform,4,32,12,0.006466522812843323,9.938860893249512,4.639496326446533,0.999620795249939,679.6453247070312,0.0,4.595677852630615,0.06563402712345123,0.1266700178384781,0.008771335706114769,0.005437466315925121,0.0010290564969182014,14,14,14,13,0,0,0,0
scan23,subset_uniform,5,40,12,0.006788930855691433,8.512572288513184,4.83573579788208,1.0,647.5896606445312,0.0,6.644463062286377,0.06820888072252274,0.13173165917396545,0.013922411948442459,0.00569620355963707,0.0010927272960543633,16,16,15,14,0,0,0,0
scan23,subset_uniform,0,0,13,0.01151992566883564,12.759681701660156,7.716034412384033,1.0,689.1751098632812,0.0,0.0,0.05971492826938629,0.11821256577968597,0.004445025231689215,0.009008300490677357,0.0025116251781582832,16,16,15,15,0,0,0,0
scan23,subset_uniform,1,8,13,0.006864526774734259,8.481634140014648,4.889022350311279,0.9998668432235718,676.9588012695312,0.0,0.0,0.06118826940655708,0.12053071707487106,0.004365481436252594,0.005757079925388098,0.0011074468493461609,16,15,15,14,0,0,0,0
scan23,subset_uniform,2,16,13,0.0066381837241351604,10.374931335449219,4.764894008636475,0.9993252754211426,664.6905517578125,0.0,2.0726375579833984,0.0627521201968193,0.12349557876586914,0.0047815581783652306,0.005787381436675787,0.0008508022874593735,15,15,14,14,0,0,0,0
scan23,subset_uniform,3,24,13,0.005961451213806868,7.854604721069336,4.283505916595459,0.999866783618927,677.823486328125,0.0,3.6678900718688965,0.06213148310780525,0.12215732783079147,0.002848968841135502,0.005543164908885956,0.0004182863049209118,14,14,14,13,0,0,0,1
scan23,subset_uniform,4,32,13,0.005785247310996056,9.520780563354492,4.141061782836914,0.9996142387390137,679.6400146484375,0.0,1.6366184949874878,0.06380046159029007,0.12491356581449509,0.005604133475571871,0.005437466315925121,0.0003477809950709343,14,14,14,13,0,0,0,1
scan23,subset_uniform,5,40,13,0.006498186849057674,8.32938003540039,4.627416610717773,1.0,647.585693359375,0.0,4.79141902923584,0.0664079338312149,0.12991361320018768,0.00999892596155405,0.00569620355963707,0.0008019832894206047,16,16,15,14,0,0,0,0
scan23,subset_uniform,0,0,14,0.01013538334518671,11.954947471618652,6.8323588371276855,1.0,689.1686401367188,0.0,0.0,0.06011347100138664,0.11621212959289551,0.004412536043673754,0.009008300490677357,0.0011270828545093536,16,16,15,15,0,0,0,0
scan23,subset_uniform,1,8,14,0.006090307142585516,7.991894245147705,4.33778190612793,0.9998668432235718,676.9528198242188,0.0,3.7776095867156982,0.062056075781583786,0.11951486766338348,0.004717275500297546,0.005757079925388098,0.0003332272171974182,16,15,15,14,0,0,0,1
scan23,subset_uniform,2,16,14,0.005964639130979776,10.014846801757812,4.281735897064209,0.9993183612823486,664.68505859375,0.0,3.245944023132324,0.06330209225416183,0.12215492874383926,0.005489904433488846,0.005787381436675787,0.0001772576943039894,15,15,14,14,0,0,1,1
scan23,subset_uniform,3,24,14,0.005537598393857479,7.543817520141602,3.9720897674560547,0.9998540878295898,677.8182373046875,0.0,0.0,0.06286584585905075,0.12110999971628189,0.003253319300711155,0.005543164908885956,-5.566515028476715e-06,14,14,14,13,1,1,1,1
scan23,subset_uniform,4,32,14,0.005461976397782564,9.264731407165527,3.902198553085327,0.9996076822280884,679.6357421875,0.0,2.2046024799346924,0.06469812989234924,0.12437861412763596,0.005149265751242638,0.005437466315925121,2.4510081857442856e-05,14,14,14,13,1,1,1,1
scan23,subset_uniform,5,40,14,0.00616583414375782,8.114145278930664,4.391674041748047,1.0,647.58154296875,0.0,4.718664646148682,0.0670974850654602,0.12910817563533783,0.006307028234004974,0.00569620355963707,0.00046963058412075043,16,16,15,14,0,0,0,1
scan23,subset_uniform,0,0,15,0.009370697662234306,11.495373725891113,6.338850975036621,1.0,689.1619873046875,0.0,0.0,0.061863698065280914,0.11850821226835251,0.004094765055924654,0.009008300490677357,0.0003623971715569496,16,16,15,15,0,0,1,1
scan23,subset_uniform,1,8,15,0.005832822062075138,7.830995559692383,4.155150890350342,0.9998668432235718,676.9470825195312,0.0,0.0,0.06402581185102463,0.12239281833171844,0.004182079341262579,0.005757079925388098,7.574213668704033e-05,16,15,15,14,0,1,1,1
scan23,subset_uniform,2,16,15,0.00576989958062768,9.875795364379883,4.1430745124816895,0.9993183612823486,664.6798095703125,0.0,2.919736385345459,0.06506218761205673,0.12451151758432388,0.004777292255312204,0.005787381436675787,-1.7481856048107147e-05,15,15,14,14,1,1,1,1
scan23,subset_uniform,3,24,15,0.005461872089654207,7.460329532623291,3.9152183532714844,0.999860405921936,677.8131103515625,0.0,2.191959857940674,0.06480306386947632,0.1238728016614914,0.00294014741666615,0.005543164908885956,-8.129281923174858e-05,14,14,14,13,1,1,1,1
scan23,subset_uniform,4,32,15,0.005368216894567013,9.165250778198242,3.8318722248077393,0.9996011853218079,679.6314697265625,0.0,4.887439727783203,0.06635896116495132,0.1270243227481842,0.005095088388770819,0.005437466315925121,-6.924942135810852e-05,14,14,14,13,1,1,1,1
scan23,subset_uniform,5,40,15,0.0059059420600533485,7.963015079498291,4.205920219421387,1.0,647.5781860351562,0.0,4.718664646148682,0.068478524684906,0.13130059838294983,0.0044664982706308365,0.00569620355963707,0.00020973850041627884,16,16,15,14,0,0,1,1
scan23,subset_uniform,0,0,16,0.009008300490677357,11.269953727722168,6.102160930633545,1.0,689.1557006835938,0.0,0.0,0.06374001502990723,0.12187770754098892,0.003748166374862194,0.009008300490677357,0.0,16,16,15,15,1,1,1,1
scan23,subset_uniform,1,8,16,0.005757079925388098,7.793869972229004,4.104059219360352,0.9998668432235718,676.94091796875,0.0,2.4597315788269043,0.06572508811950684,0.12575334310531616,0.003977046813815832,0.005757079925388098,0.0,16,15,15,14,1,1,1,1
scan23,subset_uniform,2,16,16,0.005787381436675787,9.864569664001465,4.1574625968933105,0.9992977380752563,664.674072265625,0.0,0.0,0.06607844680547714,0.12700772285461426,0.004304615780711174,0.005787381436675787,0.0,15,15,14,14,1,1,1,1
scan23,subset_uniform,3,24,16,0.005543164908885956,7.466434001922607,3.9716694355010986,0.999860405921936,677.8073120117188,0.0,0.0,0.06602329760789871,0.12674714624881744,0.002806859789416194,0.005543164908885956,0.0,14,14,14,13,1,1,1,1
scan23,subset_uniform,4,32,16,0.005437466315925121,9.133505821228027,3.883568286895752,0.9996011853218079,679.6266479492188,0.0,4.000565052032471,0.06722889095544815,0.12929129600524902,0.005199592560529709,0.005437466315925121,0.0,14,14,14,13,1,1,1,1
scan23,subset_uniform,5,40,16,0.00569620355963707,7.84727668762207,4.0580830574035645,1.0,647.5730590820312,0.0,4.043799877166748,0.0688738003373146,0.13285432755947113,0.0036911198403686285,0.00569620355963707,0.0,16,16,15,14,1,1,1,1
scan24,subset_middle,0,24,8,0.004551628138870001,5.2440361976623535,3.099374771118164,0.9999999403953552,649.1019287109375,0.0,0.0,0.06456676870584488,0.1323513239622116,0.0,0.004045342560857534,0.0005062855780124664,9,9,9,9,0,0,0,0
scan24,subset_middle,1,0,8,0.007797845173627138,8.781930923461914,4.96495246887207,0.9994467496871948,631.1389770507812,0.0,0.0,0.07496096938848495,0.15213145315647125,0.0,0.006050230469554663,0.0017476147040724754,10,10,9,9,0,0,0,0
scan24,subset_middle,2,1,8,0.0075402213260531425,9.381298065185547,5.000635147094727,0.9995977282524109,639.6682739257812,0.0,0.0,0.07178964465856552,0.1468203216791153,0.0,0.005256598349660635,0.0022836229763925076,11,10,10,10,0,0,0,0
scan24,subset_middle,3,2,8,0.006661437451839447,7.898440361022949,4.391633987426758,1.0,641.5365600585938,0.0,4.478116035461426,0.0722329318523407,0.1487616002559662,0.0,0.005348315928131342,0.001313121523708105,10,10,10,9,0,0,0,0
scan24,subset_middle,4,3,8,0.008493566885590553,8.477089881896973,5.4460954666137695,0.9999441504478455,646.3457641601562,0.0,2.8508052825927734,0.07940077036619186,0.1618736982345581,0.0,0.005589742213487625,0.002903824672102928,12,12,11,11,0,0,0,0
scan24,subset_middle,5,4,8,0.009255721233785152,11.355267524719238,5.589907646179199,0.9989175796508789,629.4202270507812,0.0,3.0348007678985596,0.0860513225197792,0.17425595223903656,0.0,0.00631324015557766,0.002942481078207493,14,14,13,12,0,0,0,0
scan24,subset_middle,0,24,9,0.00406059343367815,4.9735331535339355,2.7580149173736572,0.9999999403953552,649.0916748046875,0.0,0.0,0.05991976335644722,0.11854224652051926,0.00737615954130888,0.004045342560857534,1.5250872820615768e-05,9,9,9,9,1,1,1,1
scan24,subset_middle,1,0,9,0.006278191227465868,8.130546569824219,4.011780738830566,0.9994181394577026,631.1290283203125,0.0,1.6232916116714478,0.06766463816165924,0.13458387553691864,0.005135302431881428,0.006050230469554663,0.0002279607579112053,10,10,9,9,0,0,1,1
scan24,subset_middle,2,1,9,0.006204450037330389,8.542105674743652,4.10259485244751,0.9996342658996582,639.6590576171875,0.0,5.042904376983643,0.06553936004638672,0.1299952268600464,0.00409978162497282,0.005256598349660635,0.000947851687669754,11,10,10,10,0,0,0,0
scan24,subset_middle,3,2,9,0.005736138671636581,7.374898910522461,3.7542457580566406,1.0,641.5285034179688,0.0,3.5832090377807617,0.06591980159282684,0.13098153471946716,0.003536281641572714,0.005348315928131342,0.0003878227435052395,10,10,10,9,0,0,0,1
scan24,subset_middle,4,3,9,0.007288666907697916,7.851966857910156,4.628385066986084,0.9999217987060547,646.338623046875,0.0,0.0,0.07131204009056091,0.14072450995445251,0.003177572740241885,0.005589742213487625,0.001698924694210291,12,12,11,11,0,0,0,0
scan24,subset_middle,5,4,9,0.008521619252860546,11.096562385559082,5.110025882720947,0.9988402724266052,629.4119262695312,0.0,1.589547038078308,0.07550570368766785,0.1507188081741333,0.0031728248577564955,0.00631324015557766,0.0022083790972828865,14,14,13,12,0,0,0,0
scan24,subset_middle,0,24,10,0.0038365451619029045,4.852262020111084,2.602548599243164,0.9999999403953552,649.0833740234375,0.0,0.0,0.057481199502944946,0.11263003945350647,0.005671109072864056,0.004045342560857534,-0.0002087973989546299,9,9,9,9,1,1,1,1
scan24,subset_middle,1,0,10,0.005512766074389219,7.795232772827148,3.5296614170074463,0.9994372129440308,631.1207885742188,0.0,0.0,0.06349856406450272,0.1251567155122757,0.0042165410704910755,0.006050230469554663,-0.0005374643951654434,10,10,9,9,1,1,1,1
scan24,subset_middle,2,1,10,0.005317322444170713,7.983623027801514,3.500638723373413,0.9996708631515503,639.6514282226562,0.0,0.0,0.06220126524567604,0.12212172895669937,0.0032272764947265387,0.005256598349660635,6.072409451007843e-05,11,10,10,10,0,1,1,1
scan24,subset_middle,3,2,10,0.005197690334171057,7.0875630378723145,3.3851780891418457,1.0,641.5214233398438,0.0,2.128540515899658,0.062104642391204834,0.12255191802978516,0.003403367241844535,0.005348315928131342,-0.0001506255939602852,10,10,10,9,1,1,1,1
scan24,subset_middle,4,3,10,0.006303800269961357,7.5652055740356445,3.988464832305908,0.9998882412910461,646.3319702148438,0.0,0.0,0.06641694158315659,0.1303175538778305,0.003162848297506571,0.005589742213487625,0.000714058056473732,12,12,11,11,0,0,0,0
scan24,subset_middle,5,4,10,0.007758875843137503,10.952075958251953,4.628695011138916,0.9988660216331482,629.4049682617188,0.0,3.9412386417388916,0.06857699900865555,0.13627058267593384,0.003012726316228509,0.00631324015557766,0.001445635687559843,14,14,13,12,0,0,0,0
scan24,subset_middle,0,24,11,0.0037623709067702293,4.808617115020752,2.5504236221313477,0.9999999403953552,649.07568359375,0.0,0.0,0.056761763989925385,0.1101868525147438,0.005419022403657436,0.004045342560857534,-0.00028297165408730507,9,9,9,9,1,1,1,1
scan24,subset_middle,1,0,11,0.005262145306915045,7.739814281463623,3.381801128387451,0.9994372129440308,631.11279296875,0.0,3.1970231533050537,0.061629392206668854,0.12022744119167328,0.004319772124290466,0.006050230469554663,-0.0007880851626396179,10,10,9,9,1,1,1,1
scan24,subset_middle,2,1,11,0.004932107403874397,7.73041296005249,3.2444276809692383,0.9996891617774963,639.6439208984375,0.0,0.0,0.060731690376996994,0.11820189654827118,0.0036736850161105394,0.005256598349660635,-0.0003244909457862377,11,10,10,10,1,1,1,1
scan24,subset_middle,3,2,11,0.004928778391331434,6.979002952575684,3.2052390575408936,1.0,641.5143432617188,0.0,0.0,0.06085347384214401,0.11832678318023682,0.0039948634803295135,0.005348315928131342,-0.0004195375367999077,10,10,10,9,1,1,1,1
scan24,subset_middle,4,3,11,0.005755787715315819,7.422529697418213,3.6412885189056396,0.9998994469642639,646.3252563476562,0.0,0.0,0.06418218463659286,0.12477953732013702,0.003976753447204828,0.005589742213487625,0.00016604550182819366,12,12,11,11,0,0,1,1
scan24,subset_middle,5,4,11,0.007116948254406452,10.897839546203613,4.238100051879883,0.9986985325813293,629.3983764648438,0.0,0.0,0.06558312475681305,0.12823008000850677,0.004026943352073431,0.00631324015557766,0.0008037080988287926,14,14,13,12,0,0,0,0
scan24,subset_middle,0,24,12,0.0037113220896571875,4.7789788246154785,2.5154244899749756,0.9999999403953552,649.0687866210938,0.0,0.0,0.05811381712555885,0.11118737608194351,0.004884255118668079,0.004045342560857534,-0.00033402047120034695,9,9,9,9,1,1,1,1
scan24,subset_middle,1,0,12,0.005203139502555132,7.768673419952393,3.35298228263855,0.9994086027145386,631.1060180664062,0.0,1.9785304069519043,0.062463756650686264,0.1197308897972107,0.0037690403405576944,0.006050230469554663,-0.0008470909669995308,10,10,9,9,1,1,1,1
scan24,subset_middle,2,1,12,0.004755950532853603,7.610807418823242,3.1324622631073,0.9996799826622009,639.6372680664062,0.0,2.064595937728882,0.06170564144849777,0.1182161197066307,0.0034181366208940744,0.005256598349660635,-0.0005006478168070316,11,10,10,10,1,1,1,1
scan24,subset_middle,3,2,12,0.004858174826949835,6.995181560516357,3.1593992710113525,1.0,641.5081176757812,0.0,0.0,0.06195645406842232,0.11862470209598541,0.003814465831965208,0.005348315928131342,-0.0004901411011815071,10,10,10,9,1,1,1,1
scan24,subset_middle,4,3,12,0.005491300486028194,7.3117289543151855,3.4798107147216797,0.9998994469642639,646.3196411132812,0.0,0.0,0.06438014656305313,0.12356054782867432,0.0033281752839684486,0.005589742213487625,-9.84417274594307e-05,12,12,11,11,1,1,1,1
scan24,subset_middle,5,4,12,0.006710429210215807,10.82028865814209,3.994978427886963,0.9986598491668701,629.3921508789062,0.0,0.7730374336242676,0.06527068465948105,0.12576256692409515,0.0034459654707461596,0.00631324015557766,0.00039718905463814735,14,14,13,12,0,0,0,1
scan24,subset_middle,0,24,13,0.0037255240604281425,4.751058578491211,2.524914264678955,0.9999999403953552,649.0615234375,0.0,0.0,0.05814536660909653,0.11271055042743683,0.005092081613838673,0.004045342560857534,-0.00031981850042939186,9,9,9,9,1,1,1,1
scan24,subset_middle,1,0,13,0.005271662026643753,7.82192325592041,3.4085373878479004,0.9993895292282104,631.0987548828125,0.0,0.0,0.06209850683808327,0.12029097974300385,0.003984615672379732,0.006050230469554663,-0.0007785684429109097,10,10,9,9,1,1,1,1
scan24,subset_middle,2,1,13,0.004678454250097275,7.586138725280762,3.082075357437134,0.9996708631515503,639.6304321289062,0.0,0.0,0.06145928055047989,0.11922100931406021,0.0036682807840406895,0.005256598349660635,-0.0005781440995633602,11,10,10,10,1,1,1,1
scan24,subset_middle,3,2,13,0.004856548737734556,7.0343146324157715,3.162998676300049,1.0,641.5014038085938,0.0,3.9864425659179688,0.06185248866677284,0.1198577731847763,0.0042330739088356495,0.005348315928131342,-0.0004917671903967857,10,10,10,9,1,1,1,1
scan24,subset_middle,4,3,13,0.005328649189323187,7.190988540649414,3.380340337753296,0.9998658895492554,646.3135986328125,0.0,0.0,0.06359712779521942,0.12351497262716293,0.003781332168728113,0.005589742213487625,-0.00026109302416443825,12,12,11,11,1,1,1,1
scan24,subset_middle,5,4,13,0.006447333376854658,10.747147560119629,3.8412556648254395,0.9986727237701416,629.3860473632812,0.0,3.095348596572876,0.0642351359128952,0.12502314150333405,0.0039628418162465096,0.00631324015557766,0.00013409322127699852,14,14,13,12,0,0,1,1
scan24,subset_middle,0,24,14,0.0038147044833749533,4.758974552154541,2.584428548812866,0.9999999403953552,649.0545654296875,0.0,0.0,0.06094792112708092,0.11565788090229034,0.0054455106146633625,0.004045342560857534,-0.00023063807748258114,9,9,9,9,1,1,1,1
scan24,subset_middle,1,0,14,0.005472976714372635,7.845990180969238,3.558022975921631,0.9994181394577026,631.0918579101562,0.0,0.0,0.06457384675741196,0.12267711013555527,0.00423978129401803,0.006050230469554663,-0.0005772537551820278,10,10,9,9,1,1,1,1
scan24,subset_middle,2,1,14,0.004749394487589598,7.605538845062256,3.1336216926574707,0.9996708631515503,639.6235961914062,0.0,0.0,0.06402600556612015,0.12166766077280045,0.004198051523417234,0.005256598349660635,-0.0005072038620710373,11,10,10,10,1,1,1,1
scan24,subset_middle,3,2,14,0.00495791295543313,7.0664567947387695,3.2428457736968994,1.0,641.4947509765625,0.0,3.08076810836792,0.06455730646848679,0.12256767600774765,0.004596241749823093,0.005348315928131342,-0.00039040297269821167,10,10,10,9,1,1,1,1
scan24,subset_middle,4,3,14,0.005312768742442131,7.028253555297852,3.382540225982666,0.9999105930328369,646.3079223632812,0.0,0.44980478286743164,0.065735824406147,0.12516869604587555,0.0041025676764547825,0.005589742213487625,-0.0002769734710454941,12,12,11,11,1,1,1,1
scan24,subset_middle,5,4,14,0.0063219256699085236,10.683207511901855,3.773627996444702,0.9986985325813293,629.3803100585938,0.0,3.832467794418335,0.06609147042036057,0.12615779042243958,0.004255357664078474,0.00631324015557766,8.685514330863953e-06,14,14,13,12,1,1,1,1
scan24,subset_middle,0,24,15,0.00391776068136096,4.783755779266357,2.655992031097412,0.9999999403953552,649.0479736328125,0.0,0.0,0.0641261488199234,0.12144500017166138,0.0048725237138569355,0.004045342560857534,-0.0001275818794965744,9,9,9,9,1,1,1,1
scan24,subset_middle,1,0,15,0.005787205416709185,7.887205600738525,3.7801547050476074,0.9994562864303589,631.08544921875,0.0,2.597968816757202,0.06736033409833908,0.1278989017009735,0.0036875640507787466,0.006050230469554663,-0.00026302505284547806,10,10,9,9,1,1,1,1
scan24,subset_middle,2,1,15,0.004979375749826431,7.6748456954956055,3.291271686553955,0.9996525645256042,639.6172485351562,0.0,0.0,0.06698285788297653,0.1269071251153946,0.0035470621660351753,0.005256598349660635,-0.0002772225998342037,11,10,10,10,1,1,1,1
scan24,subset_middle,3,2,15,0.0051556979306042194,7.117499828338623,3.3903121948242188,1.0,641.4888305664062,0.0,0.6611601710319519,0.06732197850942612,0.12784579396247864,0.003831586567685008,0.005348315928131342,-0.0001926179975271225,10,10,10,9,1,1,1,1
scan24,subset_middle,4,3,15,0.0054054269567132,6.961811542510986,3.4601569175720215,0.9999329447746277,646.3025512695312,0.0,0.0,0.06829923391342163,0.12974515557289124,0.0032568718306720257,0.005589742213487625,-0.0001843152567744255,12,12,11,11,1,1,1,1
scan24,subset_middle,5,4,15,0.006278136279433966,10.616514205932617,3.758450984954834,0.9987500309944153,629.375,0.0,0.0,0.0682617798447609,0.13013947010040283,0.003287836443632841,0.00631324015557766,-3.5103876143693924e-05,14,14,13,12,1,1,1,1
scan24,subset_middle,0,24,16,0.004045342560857534,4.806511878967285,2.7429311275482178,0.9999999403953552,649.0414428710938,0.0,0.0,0.06669506430625916,0.12674766778945923,0.004689784254878759,0.004045342560857534,0.0,9,9,9,9,1,1,1,1
scan24,subset_middle,1,0,16,0.006050230469554663,7.861161231994629,3.961421012878418,0.9995230436325073,631.0797119140625,0.0,0.0,0.06897512078285217,0.13193881511688232,0.0035113468766212463,0.006050230469554663,0.0,10,10,9,9,1,1,1,1
scan24,subset_middle,2,1,16,0.005256598349660635,7.763556480407715,3.482590675354004,0.9996160268783569,639.6109008789062,0.0,0.0,0.06853862851858139,0.13112007081508636,0.0034702520351856947,0.005256598349660635,0.0,11,10,10,10,1,1,1,1
scan24,subset_middle,3,2,16,0.005348315928131342,7.181193828582764,3.5319807529449463,1.0,641.4824829101562,0.0,4.591328144073486,0.06893295049667358,0.13183172047138214,0.003592552850022912,0.005348315928131342,0.0,10,10,10,9,1,1,1,1
scan24,subset_middle,4,3,16,0.005589742213487625,6.950552463531494,3.5954229831695557,0.9999329447746277,646.2970581054688,0.0,0.0,0.06938289850950241,0.13314948976039886,0.00302109494805336,0.005589742213487625,0.0,12,12,11,11,1,1,1,1
scan24,subset_middle,5,4,16,0.00631324015557766,10.581061363220215,3.794621706008911,0.9987500309944153,629.36962890625,0.0,0.0,0.06923993676900864,0.13301512598991394,0.0029757919255644083,0.00631324015557766,0.0,14,14,13,12,1,1,1,1
scan24,subset_uniform,0,0,8,0.010355934500694275,11.01371955871582,6.549137592315674,0.9994944334030151,631.19970703125,0.0,0.0,0.06678956747055054,0.1333284229040146,0.0,0.00922782439738512,0.0011281101033091545,9,9,9,9,0,0,0,0
scan24,subset_uniform,1,8,8,0.007094875443726778,7.511913776397705,4.743875980377197,0.9999999403953552,645.0642700195312,0.0,0.0,0.06886623054742813,0.13962361216545105,0.0,0.006157055031508207,0.0009378204122185707,9,9,9,9,0,0,0,0
scan24,subset_uniform,2,16,8,0.005990529432892799,6.435597896575928,4.003222942352295,0.9999999403953552,644.9669189453125,0.0,3.1032443046569824,0.07394455373287201,0.14821113646030426,0.0,0.005858118645846844,0.00013241078704595566,9,9,8,8,0,0,1,1
scan24,subset_uniform,3,24,8,0.005468202754855156,5.833419322967529,3.7062807083129883,0.9999999403953552,649.1270751953125,0.0,0.0,0.06874137371778488,0.1400245726108551,0.0,0.005154709797352552,0.00031349295750260353,9,9,9,8,0,0,0,1
scan24,subset_uniform,4,32,8,0.004964245483279228,5.673875331878662,3.360492706298828,1.0,649.5623168945312,0.0,0.0,0.07157769054174423,0.14511632919311523,0.0,0.0047574774362146854,0.00020676804706454277,9,9,8,8,0,0,1,1
scan24,subset_uniform,5,40,8,0.005334989167749882,7.716662883758545,3.4621975421905518,0.9995405673980713,647.0298461914062,0.0,0.0,0.08461229503154755,0.1721147894859314,0.0,0.005506996996700764,-0.00017200782895088196,8,8,8,8,1,1,1,1
scan24,subset_uniform,0,0,9,0.009086749516427517,10.525579452514648,5.711615562438965,0.9993323087692261,631.1919555664062,0.0,0.0,0.06152166426181793,0.12133906781673431,0.004595753271132708,0.00922782439738512,-0.00014107488095760345,9,9,9,9,1,1,1,1
scan24,subset_uniform,1,8,9,0.006127307191491127,6.908596515655518,4.087385177612305,0.9999999403953552,645.0591430664062,0.0,0.6087720990180969,0.06269069761037827,0.12482693791389465,0.0032234382815659046,0.006157055031508207,-2.9747840017080307e-05,9,9,9,9,1,1,1,1
scan24,subset_uniform,2,16,9,0.005547733511775732,6.190328598022461,3.698136329650879,0.9999999403953552,644.9617919921875,0.0,0.0,0.06670745462179184,0.13214483857154846,0.0031786656472831964,0.005858118645846844,-0.0003103851340711117,9,9,8,8,1,1,1,1
scan24,subset_uniform,3,24,9,0.004751799628138542,5.4586920738220215,3.2191905975341797,0.9999999403953552,649.1209106445312,0.0,0.0,0.06219407171010971,0.12492541968822479,0.006892004050314426,0.005154709797352552,-0.00040291016921401024,9,9,9,8,1,1,1,1
scan24,subset_uniform,4,32,9,0.004518631845712662,5.4517035484313965,3.0581486225128174,1.0,649.5559692382812,0.0,0.0,0.06490988284349442,0.12986941635608673,0.007991311140358448,0.0047574774362146854,-0.0002388455905020237,9,9,8,8,1,1,1,1
scan24,subset_uniform,5,40,9,0.005028220359236002,7.616234302520752,3.284433603286743,0.9993909597396851,647.0242309570312,0.0,0.0,0.07610630244016647,0.15119974315166473,0.009414376690983772,0.005506996996700764,-0.00047877663746476173,8,8,8,8,1,1,1,1
scan24,subset_uniform,0,0,10,0.007992064580321312,9.977925300598145,5.005521297454834,0.9993323087692261,631.1856079101562,0.0,0.0,0.05901734530925751,0.1147850751876831,0.004046463407576084,0.00922782439738512,-0.0012357598170638084,9,9,9,9,1,1,1,1
scan24,subset_uniform,1,8,10,0.005223928950726986,6.347010612487793,3.475635290145874,0.9999999403953552,645.0546264648438,0.0,4.113564491271973,0.06012186035513878,0.11756572127342224,0.002797574270516634,0.006157055031508207,-0.0009331260807812214,9,9,9,9,1,1,1,1
scan24,subset_uniform,2,16,10,0.005119384732097387,5.971659183502197,3.400143623352051,0.9999999403953552,644.957763671875,0.0,3.503528594970703,0.063408762216568,0.12305867671966553,0.003368846606463194,0.005858118645846844,-0.0007387339137494564,9,9,8,8,1,1,1,1
scan24,subset_uniform,3,24,10,0.004214122891426086,5.173859596252441,2.8509891033172607,0.9999999403953552,649.1156616210938,0.0,3.90244197845459,0.05951378867030144,0.11727134138345718,0.005342801567167044,0.005154709797352552,-0.000940586905926466,9,9,9,8,1,1,1,1
scan24,subset_uniform,4,32,10,0.0040861028246581554,5.196962356567383,2.7614760398864746,1.0,649.5504150390625,0.0,3.2515482902526855,0.06182141974568367,0.12169811874628067,0.007000630255788565,0.0047574774362146854,-0.00067137461155653,9,9,8,8,1,1,1,1
scan24,subset_uniform,5,40,10,0.0046429382637143135,7.406874656677246,3.0398318767547607,0.999433696269989,647.0164794921875,0.0,3.3885338306427,0.07074768841266632,0.13987255096435547,0.008475019596517086,0.005506996996700764,-0.0008640587329864502,8,8,8,8,1,1,1,1
scan24,subset_uniform,0,0,11,0.007578766904771328,9.850728034973145,4.7536468505859375,0.9993513822555542,631.17919921875,0.0,0.0,0.05768946185708046,0.11153203994035721,0.003740165149793029,0.00922782439738512,-0.0016490574926137924,9,9,9,9,1,1,1,1
scan24,subset_uniform,1,8,11,0.004604135174304247,5.98963737487793,3.052995204925537,0.9999999403953552,645.0496826171875,0.0,2.5595614910125732,0.05928502231836319,0.1148611530661583,0.0035389470867812634,0.006157055031508207,-0.0015529198572039604,9,9,9,9,1,1,1,1
scan24,subset_uniform,2,16,11,0.004751121159642935,5.788331508636475,3.143155813217163,0.9999999403953552,644.9533081054688,0.0,0.0,0.0618857778608799,0.11939311772584915,0.0036787702701985836,0.005858118645846844,-0.001106997486203909,9,9,8,8,1,1,1,1
scan24,subset_uniform,3,24,11,0.0039023119024932384,5.021068572998047,2.6378464698791504,0.9999999403953552,649.1103515625,0.0,3.040085792541504,0.05871227756142616,0.11438354849815369,0.00558624230325222,0.005154709797352552,-0.001252397894859314,9,9,9,8,1,1,1,1
scan24,subset_uniform,4,32,11,0.0038420979399234056,5.062214374542236,2.600212574005127,1.0,649.5448608398438,0.0,2.284904718399048,0.060587622225284576,0.11823990941047668,0.008084959350526333,0.0047574774362146854,-0.0009153794962912798,9,9,8,8,1,1,1,1
scan24,subset_uniform,5,40,11,0.004370986018329859,7.190892696380615,2.8602309226989746,0.9995191693305969,647.0127563476562,0.0,0.9813835620880127,0.0672919899225235,0.13220001757144928,0.006997038144618273,0.005506996996700764,-0.001136010978370905,8,8,8,8,1,1,1,1
scan24,subset_uniform,0,0,12,0.00787182617932558,10.188058853149414,4.973901271820068,0.9994467496871948,631.1725463867188,0.0,0.0,0.0587521456182003,0.11223699152469635,0.003981985151767731,0.00922782439738512,-0.0013559982180595398,9,9,9,9,1,1,1,1
scan24,subset_uniform,1,8,12,0.004430643282830715,5.870497703552246,2.942443370819092,0.9999999403953552,645.0445556640625,0.0,0.0,0.0604357048869133,0.11559940874576569,0.003126102965325117,0.006157055031508207,-0.0017264117486774921,9,9,9,9,1,1,1,1
scan24,subset_uniform,2,16,12,0.004633568227291107,5.756014347076416,3.06548810005188,0.9999999403953552,644.9485473632812,0.0,0.0,0.06261853128671646,0.1194823756814003,0.0033473221119493246,0.005858118645846844,-0.0012245504185557365,9,9,8,8,1,1,1,1
scan24,subset_uniform,3,24,12,0.0038449345156550407,4.972023963928223,2.604970693588257,0.9999999403953552,649.1052856445312,0.0,1.8490679264068604,0.060242194682359695,0.11527183651924133,0.0050849998369812965,0.005154709797352552,-0.0013097752816975117,9,9,9,8,1,1,1,1
scan24,subset_uniform,4,32,12,0.0037807149346917868,5.016102313995361,2.5632035732269287,1.0,649.53955078125,0.0,2.5101423263549805,0.06160258874297142,0.11827652901411057,0.00853238720446825,0.0047574774362146854,-0.0009767625015228987,9,9,8,8,1,1,1,1
scan24,subset_uniform,5,40,12,0.004309610929340124,6.979403018951416,2.8176510334014893,0.999679446220398,647.0111694335938,0.0,2.8043525218963623,0.06619319319725037,0.1285400539636612,0.005301114171743393,0.005506996996700764,-0.0011973860673606396,8,8,8,8,1,1,1,1
scan24,subset_uniform,0,0,13,0.008410906419157982,10.579198837280273,5.378077030181885,0.999475359916687,631.1655883789062,0.0,0.0,0.05856901407241821,0.11371424049139023,0.003986121155321598,0.00922782439738512,-0.0008169179782271385,9,9,9,9,1,1,1,1
scan24,subset_uniform,1,8,13,0.004661261104047298,5.950169086456299,3.1137478351593018,0.9999999403953552,645.0387573242188,0.0,4.023555278778076,0.06023446097970009,0.11695443093776703,0.0037724259309470654,0.006157055031508207,-0.0014957939274609089,9,9,9,9,1,1,1,1
scan24,subset_uniform,2,16,13,0.004789371974766254,5.845531463623047,3.1763434410095215,0.9999999403953552,644.9430541992188,0.0,0.0,0.06228187680244446,0.12048343569040298,0.0038739151787012815,0.005858118645846844,-0.0010687466710805893,9,9,8,8,1,1,1,1
scan24,subset_uniform,3,24,13,0.004011668264865875,4.989041328430176,2.7247700691223145,0.9999999403953552,649.0994262695312,0.0,0.0,0.060692355036735535,0.117378830909729,0.006009567994624376,0.005154709797352552,-0.0011430415324866772,9,9,9,8,1,1,1,1
scan24,subset_uniform,4,32,13,0.003859070362523198,5.050143718719482,2.621586799621582,1.0,649.5336303710938,0.0,0.0,0.06210049241781235,0.11998945474624634,0.009188761934638023,0.0047574774362146854,-0.0008984070736914873,9,9,8,8,1,1,1,1
scan24,subset_uniform,5,40,13,0.004507224075496197,6.9762749671936035,2.940826177597046,0.9997221827507019,647.0042724609375,0.0,0.0,0.06497702747583389,0.12693825364112854,0.006249119061976671,0.005506996996700764,-0.000999772921204567,8,8,8,8,1,1,1,1
scan24,subset_uniform,0,0,14,0.00884312018752098,10.736425399780273,5.721480369567871,0.9995517134666443,631.1591796875,0.0,0.0,0.06090564653277397,0.11595838516950607,0.003673570230603218,0.00922782439738512,-0.00038470420986413956,9,9,9,9,1,1,1,1
scan24,subset_uniform,1,8,14,0.0052232760936021805,6.201772689819336,3.518521308898926,0.9999999403953552,645.0330810546875,0.0,0.0,0.0627499371767044,0.11936301738023758,0.0039069983176887035,0.006157055031508207,-0.0009337789379060268,9,9,9,9,1,1,1,1
scan24,subset_uniform,2,16,14,0.0052123721688985825,6.044844627380371,3.4712860584259033,0.9999999403953552,644.9379272460938,0.0,0.0,0.06466356664896011,0.12266452610492706,0.0038319078739732504,0.005858118645846844,-0.0006457464769482613,9,9,8,8,1,1,1,1
scan24,subset_uniform,3,24,14,0.004455894697457552,5.1637349128723145,3.035416841506958,0.9999999403953552,649.09375,0.0,2.7008113861083984,0.06342162191867828,0.12049984931945801,0.0060357507318258286,0.005154709797352552,-0.0006988150998950005,9,9,9,8,1,1,1,1
scan24,subset_uniform,4,32,14,0.004186207894235849,5.183377742767334,2.8492562770843506,1.0,649.5277099609375,0.0,4.389901161193848,0.06482811272144318,0.12314366549253464,0.008905099704861641,0.0047574774362146854,-0.0005712695419788361,9,9,8,8,1,1,1,1
scan24,subset_uniform,5,40,14,0.004870880860835314,7.059211254119873,3.1707088947296143,0.9997435808181763,646.9989013671875,0.0,0.0,0.0665087029337883,0.12741276621818542,0.008178657852113247,0.005506996996700764,-0.0006361161358654499,8,8,8,8,1,1,1,1
scan24,subset_uniform,0,0,15,0.009075627662241459,10.803750038146973,5.914172649383545,0.9995707869529724,631.1535034179688,0.0,0.0,0.06383594125509262,0.12109622359275818,0.00304308976046741,0.00922782439738512,-0.0001521967351436615,9,9,9,9,1,1,1,1
scan24,subset_uniform,1,8,15,0.005766801070421934,6.520119667053223,3.9084854125976562,0.9999999403953552,645.0277099609375,0.0,2.6721036434173584,0.06563805788755417,0.12458737939596176,0.0035190258640795946,0.006157055031508207,-0.0003902539610862732,9,9,9,9,1,1,1,1
scan24,subset_uniform,2,16,15,0.005580891389399767,6.187413215637207,3.726512908935547,0.9999999403953552,644.93310546875,0.0,3.137125015258789,0.06726478040218353,0.12759515643119812,0.0036186303477734327,0.005858118645846844,-0.0002772272564470768,9,9,8,8,1,1,1,1
scan24,subset_uniform,3,24,15,0.00483660725876689,5.332291126251221,3.30064058303833,0.9999999403953552,649.08837890625,0.0,3.076571464538574,0.0663888081908226,0.1259361207485199,0.005572518799453974,0.005154709797352552,-0.00031810253858566284,9,9,9,8,1,1,1,1
scan24,subset_uniform,4,32,15,0.004491136409342289,5.337362289428711,3.0588042736053467,1.0,649.5221557617188,0.0,0.0,0.06768546998500824,0.12849022448062897,0.008358112536370754,0.0047574774362146854,-0.00026634102687239647,9,9,8,8,1,1,1,1
scan24,subset_uniform,5,40,15,0.005284398328512907,7.277392864227295,3.435457229614258,0.9996687769889832,646.993896484375,0.0,1.3562407493591309,0.06839112192392349,0.130743607878685,0.008426249958574772,0.005506996996700764,-0.00022259866818785667,8,8,8,8,1,1,1,1
scan24,subset_uniform,0,0,16,0.00922782439738512,10.829559326171875,6.047473907470703,0.9995803236961365,631.1481323242188,0.0,0.0,0.06618194282054901,0.12600669264793396,0.0029138587415218353,0.00922782439738512,0.0,9,9,9,9,1,1,1,1
scan24,subset_uniform,1,8,16,0.006157055031508207,6.789881706237793,4.189394950866699,0.9999999403953552,645.0218505859375,0.0,3.5417134761810303,0.06765368580818176,0.12910018861293793,0.0033137581776827574,0.006157055031508207,0.0,9,9,9,9,1,1,1,1
scan24,subset_uniform,2,16,16,0.005858118645846844,6.312901973724365,3.916111469268799,0.9999999403953552,644.9275512695312,0.0,2.856567144393921,0.06873437762260437,0.13147833943367004,0.003322900040075183,0.005858118645846844,0.0,9,9,8,8,1,1,1,1
scan24,subset_uniform,3,24,16,0.005154709797352552,5.499969482421875,3.5262889862060547,0.9999999403953552,649.0823974609375,0.0,1.8640365600585938,0.06824839860200882,0.13033750653266907,0.005280929151922464,0.005154709797352552,0.0,9,9,9,8,1,1,1,1
scan24,subset_uniform,4,32,16,0.0047574774362146854,5.49972677230835,3.242110013961792,1.0,649.5160522460938,0.0,0.0,0.06928908079862595,0.13252858817577362,0.007952656596899033,0.0047574774362146854,0.0,9,9,8,8,1,1,1,1
scan24,subset_uniform,5,40,16,0.005506996996700764,7.495269775390625,3.582852363586426,0.9996473789215088,646.9888305664062,0.0,1.3562407493591309,0.06904388964176178,0.13297827541828156,0.00820101983845234,0.005506996996700764,0.0,8,8,8,8,1,1,1,1
scan29,subset_middle,0,24,8,0.020259561017155647,26.70116424560547,16.407367706298828,0.9995021820068359,700.0305786132812,0.0,0.0,0.06586118042469025,0.13358643651008606,0.0,0.014621429145336151,0.005638131871819496,16,16,15,13,0,0,0,0
scan29,subset_middle,1,0,8,0.028531454503536224,24.019723892211914,20.3864688873291,1.0,705.9876098632812,0.0,3.8967671394348145,0.07960670441389084,0.16022104024887085,0.0,0.007061735726892948,0.021469718776643276,16,16,16,15,0,0,0,0
scan29,subset_middle,2,1,8,0.019216621294617653,20.20819091796875,14.276193618774414,0.9993577599525452,737.4010620117188,0.0,2.883168935775757,0.0709458664059639,0.1449313908815384,0.0,0.009883887134492397,0.009332734160125256,16,16,15,14,0,0,0,0
scan29,subset_middle,3,2,8,0.01945273019373417,17.411239624023438,14.13662338256836,1.0,718.3584594726562,0.0,0.0,0.07215439528226852,0.14703963696956635,0.0,0.011037911288440228,0.008414818905293941,16,16,15,14,0,0,0,0
scan29,subset_middle,4,3,8,0.03139249607920647,26.250099182128906,21.359827041625977,1.0,710.62109375,0.0,1.4834531545639038,0.07396750152111053,0.15246452391147614,0.0,0.014564231038093567,0.0168282650411129,16,16,16,15,0,0,0,0
scan29,subset_middle,5,4,8,0.03416929766535759,31.440824508666992,22.450475692749023,0.9976012110710144,721.0646362304688,0.0,4.310162544250488,0.0784277394413948,0.15977537631988525,0.0,0.01832333207130432,0.01584596559405327,16,16,15,15,0,0,0,0
scan29,subset_middle,0,24,9,0.018869491294026375,26.300800323486328,15.33784008026123,0.9994262456893921,700.0248413085938,0.0,0.0,0.06132626160979271,0.12114295363426208,0.003225595923140645,0.014621429145336151,0.004248062148690224,16,16,15,13,0,0,0,0
scan29,subset_middle,1,0,9,0.0240895114839077,20.125883102416992,17.19991111755371,1.0,705.9822387695312,0.0,3.278829574584961,0.07230301201343536,0.1424504518508911,0.008304650895297527,0.007061735726892948,0.01702777575701475,16,16,16,15,0,0,0,0
scan29,subset_middle,2,1,9,0.017035450786352158,18.620615005493164,12.68109130859375,0.9996513724327087,737.3978271484375,0.0,2.5494470596313477,0.06533866375684738,0.12974944710731506,0.006427511107176542,0.009883887134492397,0.00715156365185976,16,16,15,14,0,0,0,0
scan29,subset_middle,3,2,9,0.017538348212838173,16.04540252685547,12.723872184753418,1.0,718.3560180664062,0.0,0.0,0.0663311704993248,0.13149692118167877,0.0028110865969210863,0.011037911288440228,0.006500436924397945,16,16,15,14,0,0,0,0
scan29,subset_middle,4,3,9,0.027308721095323563,22.816978454589844,18.650665283203125,1.0,710.617919921875,0.0,3.994539737701416,0.0671188086271286,0.13396824896335602,0.005705703981220722,0.014564231038093567,0.012744490057229996,16,16,16,15,0,0,0,0
scan29,subset_middle,5,4,9,0.03049631416797638,28.224132537841797,20.133296966552734,0.9978053569793701,721.0620727539062,0.0,0.6113380789756775,0.0719912201166153,0.14118628203868866,0.0056889597326517105,0.01832333207130432,0.012172982096672058,16,16,15,15,0,0,0,0
scan29,subset_middle,0,24,10,0.017817199230194092,25.82033348083496,14.523030281066895,0.9993840456008911,700.0205078125,0.0,0.0,0.05817114934325218,0.11488731950521469,0.002553376369178295,0.014621429145336151,0.0031957700848579407,16,16,15,13,0,0,0,0
scan29,subset_middle,1,0,10,0.019394176080822945,16.290790557861328,13.878365516662598,1.0,705.9771118164062,0.0,3.3569552898406982,0.06602177768945694,0.13068906962871552,0.005248718429356813,0.007061735726892948,0.012332440353929996,16,16,16,15,0,0,0,0
scan29,subset_middle,2,1,10,0.014978578314185143,17.225605010986328,11.197492599487305,0.9999633431434631,737.3948974609375,0.0,3.4967041015625,0.061310432851314545,0.12162377685308456,0.004925461485981941,0.009883887134492397,0.005094691179692745,16,16,15,14,0,0,0,0
scan29,subset_middle,3,2,10,0.015773873776197433,14.740406036376953,11.412328720092773,1.0,718.3529052734375,0.0,2.9486243724823,0.06228969991207123,0.12328408658504486,0.003025238635018468,0.011037911288440228,0.004735962487757206,16,16,15,14,0,0,0,0
scan29,subset_middle,4,3,10,0.02389604039490223,19.849287033081055,16.440658569335938,1.0,710.6148681640625,0.0,0.0,0.062785804271698,0.12441322952508926,0.003104159375652671,0.014564231038093567,0.009331809356808662,16,16,16,15,0,0,0,0
scan29,subset_middle,5,4,10,0.02736746147274971,25.319835662841797,18.24599838256836,0.9979329705238342,721.0598754882812,0.0,2.1129441261291504,0.06653799116611481,0.13140538334846497,0.0023080252576619387,0.01832333207130432,0.009044129401445389,16,16,15,15,0,0,0,0
scan29,subset_middle,0,24,11,0.017090603709220886,25.639888763427734,13.965727806091309,0.9993419051170349,700.0143432617188,0.0,0.0,0.056518785655498505,0.11097162216901779,0.004065153654664755,0.014621429145336151,0.002469174563884735,16,16,15,13,0,0,0,0
scan29,subset_middle,1,0,11,0.015322128310799599,13.04323959350586,11.003864288330078,1.0,705.9703369140625,0.0,0.0,0.06287933886051178,0.1229952946305275,0.006440013647079468,0.007061735726892948,0.00826039258390665,16,16,16,15,0,0,0,0
scan29,subset_middle,2,1,11,0.01339180301874876,16.160551071166992,10.059549331665039,0.999981701374054,737.3898315429688,0.0,0.0,0.05941266566514969,0.11661970615386963,0.006607982330024242,0.009883887134492397,0.003507915884256363,16,16,15,14,0,0,0,0
scan29,subset_middle,3,2,11,0.014508085325360298,13.862714767456055,10.491739273071289,1.0,718.347412109375,0.0,3.4567205905914307,0.06006668135523796,0.1180049255490303,0.004935155156999826,0.011037911288440228,0.0034701740369200706,16,16,15,14,0,0,0,0
scan29,subset_middle,4,3,11,0.021307867020368576,17.586742401123047,14.804078102111816,1.0,710.610107421875,0.0,3.9447152614593506,0.06006631627678871,0.11845175921916962,0.00405495148152113,0.014564231038093567,0.006743635982275009,16,16,16,15,0,0,0,0
scan29,subset_middle,5,4,11,0.025239191949367523,23.27980613708496,17.02717399597168,0.997983992099762,721.0558471679688,0.0,0.0,0.062474314123392105,0.12363144010305405,0.002964400453492999,0.01832333207130432,0.006915859878063202,16,16,15,15,0,0,0,0
scan29,subset_middle,0,24,12,0.01651027984917164,25.529582977294922,13.527381896972656,0.9993419051170349,700.0065307617188,0.0,0.0,0.0576673299074173,0.11085628718137741,0.005087150726467371,0.014621429145336151,0.0018888507038354874,16,16,15,13,0,0,0,0
scan29,subset_middle,1,0,12,0.012290650978684425,10.674225807189941,8.872407913208008,1.0,705.962646484375,0.0,0.0,0.06333934515714645,0.1211187094449997,0.007714508567005396,0.007061735726892948,0.005228915251791477,16,16,16,15,0,0,0,0
scan29,subset_middle,2,1,12,0.01221505831927061,15.413895606994629,9.208560943603516,1.0,737.3829956054688,0.0,0.0,0.06025052070617676,0.11575833708047867,0.007106784265488386,0.009883887134492397,0.0023311711847782135,16,16,15,14,0,0,0,0
scan29,subset_middle,3,2,12,0.01339922845363617,13.064468383789062,9.716216087341309,1.0,718.3408203125,0.0,2.2499454021453857,0.06076352298259735,0.11676818877458572,0.004606348928064108,0.011037911288440228,0.002361317165195942,16,16,15,14,0,0,0,0
scan29,subset_middle,4,3,12,0.01922897808253765,15.81510066986084,13.493964195251465,1.0,710.6039428710938,0.0,0.0,0.06058105081319809,0.11673281341791153,0.0044330102391541,0.014564231038093567,0.004664747044444084,16,16,16,15,0,0,0,0
scan29,subset_middle,5,4,12,0.02322928048670292,21.54121971130371,15.846427917480469,0.997983992099762,721.049560546875,0.0,3.2414777278900146,0.062396977096796036,0.12026800215244293,0.0032943319529294968,0.01832333207130432,0.004905948415398598,16,16,15,15,0,0,0,0
scan29,subset_middle,0,24,13,0.016002338379621506,25.4688720703125,13.147259712219238,0.9993165731430054,699.99609375,0.0,0.0,0.0562908761203289,0.11079452186822891,0.006774634588509798,0.014621429145336151,0.0013809092342853546,16,16,15,13,0,0,0,1
scan29,subset_middle,1,0,13,0.010072481818497181,8.998215675354004,7.301238059997559,1.0,705.9536743164062,0.0,1.7875031232833862,0.061413057148456573,0.12027589231729507,0.009240888059139252,0.007061735726892948,0.003010746091604233,16,16,16,15,0,0,0,0
scan29,subset_middle,2,1,13,0.011354934424161911,14.926328659057617,8.58829402923584,1.0,737.3734741210938,0.0,1.294675588607788,0.05894012376666069,0.11564867198467255,0.00796373188495636,0.009883887134492397,0.0014710472896695137,16,16,15,14,0,0,0,0
scan29,subset_middle,3,2,13,0.012623975984752178,12.547991752624512,9.194009780883789,1.0,718.3320922851562,0.0,0.0,0.05946161225438118,0.11653999239206314,0.005103169474750757,0.011037911288440228,0.0015860646963119507,16,16,15,14,0,0,0,0
scan29,subset_middle,4,3,13,0.017678365111351013,14.60019588470459,12.527595520019531,1.0,710.5958251953125,0.0,0.0,0.059247154742479324,0.11622142791748047,0.005517107900232077,0.014564231038093567,0.0031141340732574463,16,16,16,15,0,0,0,0
scan29,subset_middle,5,4,13,0.021602977067232132,20.3005313873291,14.88298225402832,0.997983992099762,721.041748046875,0.0,0.7504317760467529,0.06079661101102829,0.1191917136311531,0.004582407884299755,0.01832333207130432,0.0032796449959278107,16,16,15,15,0,0,0,0
scan29,subset_middle,0,24,14,0.015423834323883057,25.21406364440918,12.693105697631836,0.9993081092834473,699.984619140625,0.0,0.0,0.05824456736445427,0.11142352223396301,0.007635338697582483,0.014621429145336151,0.0008024051785469055,16,16,15,13,0,0,0,1
scan29,subset_middle,1,0,14,0.008555173873901367,7.875542163848877,6.2195210456848145,1.0,705.9439697265625,0.0,0.0,0.06257391721010208,0.11990200728178024,0.00967343058437109,0.007061735726892948,0.001493438147008419,16,16,16,15,0,0,0,0
scan29,subset_middle,2,1,14,0.010684167966246605,14.515276908874512,8.097929954528809,1.0,737.3630981445312,0.0,1.8806558847427368,0.06104901805520058,0.11655737459659576,0.008488000370562077,0.009883887134492397,0.0008002808317542076,16,16,15,14,0,0,0,1
scan29,subset_middle,3,2,14,0.011966305784881115,12.07250690460205,8.736751556396484,1.0,718.3218994140625,0.0,2.8343467712402344,0.0614449642598629,0.1173684373497963,0.006246055476367474,0.011037911288440228,0.0009283944964408875,16,16,15,14,0,0,0,1
scan29,subset_middle,4,3,14,0.01637592725455761,13.642302513122559,11.707328796386719,1.0,710.5864868164062,0.0,1.6798127889633179,0.06146182864904404,0.11716029047966003,0.0065527260303497314,0.014564231038093567,0.0018116962164640427,16,16,16,15,0,0,0,0
scan29,subset_middle,5,4,14,0.020233456045389175,19.293350219726562,14.076089859008789,0.9980350136756897,721.0330810546875,0.0,3.95279860496521,0.06275517493486404,0.11963789910078049,0.006291044410318136,0.01832333207130432,0.0019101239740848541,16,16,15,15,0,0,0,0
scan29,subset_middle,0,24,15,0.014984485693275928,25.014535903930664,12.348891258239746,0.9992997050285339,699.9730834960938,0.0,0.0,0.06077340990304947,0.11574211716651917,0.007439029403030872,0.014621429145336151,0.0003630565479397774,16,16,15,13,0,0,1,1
scan29,subset_middle,1,0,15,0.007597631309181452,7.215610027313232,5.529967308044434,1.0,705.9349975585938,0.0,0.0,0.06445974856615067,0.12299368530511856,0.00800175592303276,0.007061735726892948,0.0005358955822885036,16,16,16,15,0,0,0,1
scan29,subset_middle,2,1,15,0.010159114375710487,14.231307029724121,7.708665370941162,1.0,737.353271484375,0.0,0.0,0.06355947256088257,0.12099060416221619,0.007348797284066677,0.009883887134492397,0.00027522724121809006,16,16,15,14,0,0,1,1
scan29,subset_middle,3,2,15,0.01144341193139553,11.728201866149902,8.372712135314941,1.0,718.3123168945312,0.0,1.7669110298156738,0.06390389800071716,0.1216718778014183,0.005963443778455257,0.011037911288440228,0.0004055006429553032,16,16,15,14,0,0,1,1
scan29,subset_middle,4,3,15,0.015307986177504063,12.901047706604004,11.010331153869629,1.0,710.5779418945312,0.0,0.0,0.06404030323028564,0.12177720665931702,0.005993403494358063,0.014564231038093567,0.0007437551394104958,16,16,16,15,0,0,0,1
scan29,subset_middle,5,4,15,0.01904039829969406,18.555049896240234,13.327674865722656,0.9980605244636536,721.0252075195312,0.0,4.546311855316162,0.06508831679821014,0.12385733425617218,0.005702013615518808,0.01832333207130432,0.00071706622838974,16,16,15,15,0,0,1,1
scan29,subset_middle,0,24,16,0.014621429145336151,24.815399169921875,12.05955982208252,0.9992828369140625,699.9617309570312,0.0,0.0,0.0633816048502922,0.12050487846136093,0.0071416390128433704,0.014621429145336151,0.0,16,16,15,13,1,1,1,1
scan29,subset_middle,1,0,16,0.007061735726892948,6.911570072174072,5.146402359008789,1.0,705.9260864257812,0.0,2.187401294708252,0.06523434817790985,0.12560631334781647,0.007494456134736538,0.007061735726892948,0.0,16,16,16,15,1,1,1,1
scan29,subset_middle,2,1,16,0.009883887134492397,14.088004112243652,7.503633499145508,1.0,737.343505859375,0.0,2.5423741340637207,0.06520898640155792,0.12482364475727081,0.007358148694038391,0.009883887134492397,0.0,16,16,15,14,1,1,1,1
scan29,subset_middle,3,2,16,0.011037911288440228,11.459966659545898,8.089388847351074,1.0,718.302734375,0.0,1.223333477973938,0.06576885282993317,0.12567295134067535,0.006712527945637703,0.011037911288440228,0.0,16,16,15,14,1,1,1,1
scan29,subset_middle,4,3,16,0.014564231038093567,12.407702445983887,10.52090072631836,1.0,710.5691528320312,0.0,3.9103124141693115,0.06574934720993042,0.12577345967292786,0.006192109081894159,0.014564231038093567,0.0,16,16,16,15,1,1,1,1
scan29,subset_middle,5,4,16,0.01832333207130432,18.15923500061035,12.89645767211914,0.9980350136756897,721.017578125,0.0,4.505673885345459,0.06631321460008621,0.12720231711864471,0.005862765945494175,0.01832333207130432,0.0,16,16,15,15,1,1,1,1
scan29,subset_uniform,0,0,8,0.01855609565973282,16.0958309173584,13.354089736938477,1.0,706.0452270507812,0.0,0.0,0.08040870726108551,0.1584780216217041,0.0,0.005482018459588289,0.01307407720014453,16,16,15,14,0,0,0,0
scan29,subset_uniform,1,8,8,0.016378531232476234,15.938815116882324,12.42524528503418,1.0,708.8546752929688,0.0,5.980747222900391,0.08049148321151733,0.16337423026561737,0.0,0.008363786153495312,0.008014745078980923,16,16,16,15,0,0,0,0
scan29,subset_uniform,2,16,8,0.019214363768696785,20.623661041259766,14.787775993347168,0.9997327923774719,687.8684692382812,0.0,4.861274719238281,0.08055836707353592,0.16351568698883057,0.0,0.00897594541311264,0.010238418355584145,16,16,16,15,0,0,0,0
scan29,subset_uniform,3,24,8,0.01902198977768421,28.075397491455078,15.773046493530273,0.9996034502983093,700.1002807617188,0.0,0.0,0.08181360363960266,0.1678321212530136,0.0,0.01124317105859518,0.007778818719089031,16,16,15,15,0,0,0,0
scan29,subset_uniform,4,32,8,0.026419688016176224,61.63751983642578,22.687395095825195,0.9908488392829895,703.0447387695312,0.0,0.0,0.08675476163625717,0.17515937983989716,0.0,0.019337782636284828,0.007081905379891396,16,16,15,14,0,0,0,0
scan29,subset_uniform,5,40,8,0.017313135787844658,17.744014739990234,13.267077445983887,0.9998246431350708,665.031005859375,0.0,4.953295707702637,0.0903644785284996,0.1827818602323532,0.0,0.009032649919390678,0.00828048586845398,16,15,15,14,0,0,0,0
scan29,subset_uniform,0,0,9,0.014942383393645287,13.197049140930176,10.806723594665527,1.0,706.0418090820312,0.12508152425289154,0.0,0.07192122936248779,0.14245006442070007,0.003578435629606247,0.005482018459588289,0.009460364934056997,16,16,15,14,0,0,0,0
scan29,subset_uniform,1,8,9,0.013809754513204098,13.555432319641113,10.464554786682129,1.0,708.8549194335938,0.0,5.448055744171143,0.07124113291501999,0.1416923701763153,0.00435189064592123,0.008363786153495312,0.005445968359708786,16,16,16,15,0,0,0,0
scan29,subset_uniform,2,16,9,0.01607701927423477,17.880319595336914,12.428851127624512,0.9997512102127075,687.8701782226562,0.0,2.4281768798828125,0.07261902838945389,0.14345788955688477,0.00324827223084867,0.00897594541311264,0.007101073861122131,16,16,16,15,0,0,0,0
scan29,subset_uniform,3,24,9,0.01666807383298874,25.6791934967041,13.842663764953613,0.999595046043396,700.1025390625,0.0,2.983931541442871,0.07220403850078583,0.14502990245819092,0.0045068636536598206,0.01124317105859518,0.0054249027743935585,16,16,15,15,0,0,0,0
scan29,subset_uniform,4,32,9,0.024830393493175507,60.46549987792969,21.355417251586914,0.9907463788986206,703.048095703125,0.0,1.4012335538864136,0.07651245594024658,0.152304545044899,0.004952085670083761,0.019337782636284828,0.005492610856890678,16,16,15,14,0,0,0,0
scan29,subset_uniform,5,40,9,0.014487162232398987,15.47350788116455,11.26421070098877,0.9999076724052429,665.0345458984375,0.0,0.0,0.07883090525865555,0.15776722133159637,0.005445726215839386,0.009032649919390678,0.005454512313008308,16,15,15,14,0,0,0,0
scan29,subset_uniform,0,0,10,0.011822781525552273,10.693735122680664,8.591297149658203,1.0,706.0372314453125,0.0,0.0,0.06637382507324219,0.13116993010044098,0.003571538021788001,0.005482018459588289,0.0063407630659639835,16,16,15,14,0,0,0,0
scan29,subset_uniform,1,8,10,0.012263491749763489,11.993545532226562,9.267317771911621,1.0,708.85498046875,0.0,4.337205410003662,0.06568516790866852,0.13007748126983643,0.00277343369089067,0.008363786153495312,0.003899705596268177,16,16,16,15,0,0,0,0
scan29,subset_uniform,2,16,10,0.01403536181896925,16.088022232055664,10.88344669342041,0.9997881054878235,687.869384765625,0.0,0.0,0.06702152639627457,0.13232114911079407,0.002069986891001463,0.00897594541311264,0.005059416405856609,16,16,16,15,0,0,0,0
scan29,subset_uniform,3,24,10,0.015335836447775364,24.381240844726562,12.760847091674805,0.9996034502983093,700.1017456054688,0.0,0.0,0.06618215888738632,0.13211458921432495,0.0026910295709967613,0.01124317105859518,0.004092665389180183,16,16,15,15,0,0,0,0
scan29,subset_uniform,4,32,10,0.023727327585220337,58.75861740112305,20.40061378479004,0.990626871585846,703.0482788085938,0.0,2.865530014038086,0.06934139877557755,0.13805152475833893,0.0037395863328129053,0.019337782636284828,0.004389544948935509,16,16,15,14,0,0,0,0
scan29,subset_uniform,5,40,10,0.01286154892295599,14.088951110839844,10.098165512084961,0.9999261498451233,665.0364379882812,0.0,0.0,0.07269538193941116,0.1434522271156311,0.0038333514239639044,0.009032649919390678,0.0038288990035653114,16,15,15,14,0,0,0,0
scan29,subset_uniform,0,0,11,0.009440271183848381,8.812711715698242,6.8996148109436035,1.0,706.0313110351562,0.0,0.0,0.06271041184663773,0.12375239282846451,0.004768541548401117,0.005482018459588289,0.003958252724260092,16,16,15,14,0,0,0,0
scan29,subset_uniform,1,8,11,0.01132581103593111,11.068693161010742,8.550427436828613,1.0,708.8511962890625,0.0,4.357703685760498,0.06263800710439682,0.12302722781896591,0.0021540781017392874,0.008363786153495312,0.0029620248824357986,16,16,16,15,0,0,0,0
scan29,subset_uniform,2,16,11,0.012772057205438614,14.880277633666992,9.949161529541016,0.9998065233230591,687.8648071289062,0.0,3.571112632751465,0.06366101652383804,0.1253196895122528,0.001937221153639257,0.00897594541311264,0.0037961117923259735,16,16,16,15,0,0,0,0
scan29,subset_uniform,3,24,11,0.014374306425452232,23.36082649230957,11.964457511901855,0.9995781183242798,700.0974731445312,0.0,2.7400259971618652,0.062479861080646515,0.12382440268993378,0.003047448117285967,0.01124317105859518,0.003131135366857052,16,16,15,15,0,0,0,0
scan29,subset_uniform,4,32,11,0.022802546620368958,57.263641357421875,19.59253692626953,0.9905500411987305,703.0448608398438,0.0,0.0,0.06519267708063126,0.1285930722951889,0.003741356311365962,0.019337782636284828,0.0034647639840841293,16,16,15,14,0,0,0,0
scan29,subset_uniform,5,40,11,0.011625549755990505,13.193840980529785,9.205699920654297,0.9999446272850037,665.0321655273438,0.0,0.0,0.06828614324331284,0.1348462700843811,0.003224116750061512,0.009032649919390678,0.002592899836599827,16,15,15,14,0,0,0,0
scan29,subset_uniform,0,0,12,0.007621998433023691,7.344423770904541,5.579041004180908,1.0,706.0252685546875,0.0,0.0,0.062012575566768646,0.1201719343662262,0.004025015514343977,0.005482018459588289,0.002139979973435402,16,16,15,14,0,0,0,0
scan29,subset_uniform,1,8,12,0.01060029212385416,10.376232147216797,8.004544258117676,1.0,708.8455200195312,0.0,0.0,0.06259771436452866,0.12072533369064331,0.0028982243966311216,0.008363786153495312,0.0022365059703588486,16,16,16,15,0,0,0,0
scan29,subset_uniform,2,16,12,0.011682034470140934,13.779705047607422,9.141846656799316,0.9998249411582947,687.859130859375,0.0,0.0,0.06345807760953903,0.12257692962884903,0.002804248360916972,0.00897594541311264,0.0027060890570282936,16,16,16,15,0,0,0,0
scan29,subset_uniform,3,24,12,0.013604743406176567,22.24053955078125,11.2958984375,0.999552845954895,700.092529296875,0.0,0.0,0.06264957785606384,0.120883509516716,0.0036490492057055235,0.01124317105859518,0.0023615723475813866,16,16,15,15,0,0,0,0
scan29,subset_uniform,4,32,12,0.021959764882922173,55.29026412963867,18.813596725463867,0.9905415177345276,703.0406494140625,0.0,0.0,0.0645829290151596,0.1250024139881134,0.003993677441030741,0.019337782636284828,0.0026219822466373444,16,16,15,14,0,0,0,0
scan29,subset_uniform,5,40,12,0.010572251863777637,12.51941204071045,8.470987319946289,0.9999815225601196,665.0222778320312,0.0,3.557158946990967,0.06674932688474655,0.1297290325164795,0.00353210954926908,0.009032649919390678,0.001539601944386959,16,15,15,14,0,0,0,0
scan29,subset_uniform,0,0,13,0.006650911644101143,6.584451198577881,4.855459213256836,1.0,706.0178833007812,0.0,0.0,0.05905693769454956,0.11730849742889404,0.005125702358782291,0.005482018459588289,0.0011688931845128536,16,16,15,14,0,0,0,0
scan29,subset_uniform,1,8,13,0.010027024894952774,9.888213157653809,7.5898118019104,1.0,708.8384399414062,0.0,4.630623817443848,0.06054994463920593,0.1192418560385704,0.004347456619143486,0.008363786153495312,0.0016632387414574623,16,16,16,15,0,0,0,0
scan29,subset_uniform,2,16,13,0.010903782211244106,13.019150733947754,8.574209213256836,0.9998249411582947,687.852294921875,0.0,3.6277945041656494,0.06157015636563301,0.1210172176361084,0.004138655494898558,0.00897594541311264,0.001927836798131466,16,16,16,15,0,0,0,0
scan29,subset_uniform,3,24,13,0.013003922067582607,21.379953384399414,10.779296875,0.9995359778404236,700.0863037109375,0.0,0.0,0.06108187884092331,0.11991386115550995,0.0045243604108691216,0.01124317105859518,0.0017607510089874268,16,16,15,15,0,0,0,0
scan29,subset_uniform,4,32,13,0.021335095167160034,53.54792404174805,18.229352951049805,0.9908232092857361,703.0352783203125,0.0,4.6141815185546875,0.06303585320711136,0.12342151999473572,0.004180693533271551,0.019337782636284828,0.001997312530875206,16,16,15,14,0,0,0,0
scan29,subset_uniform,5,40,13,0.010018077678978443,12.239144325256348,8.108038902282715,0.9999907612800598,665.0169677734375,0.0,0.0,0.06454472988843918,0.1267886459827423,0.004352416843175888,0.009032649919390678,0.0009854277595877647,16,15,15,14,0,0,0,0
scan29,subset_uniform,0,0,14,0.006005608476698399,6.137778282165527,4.3605523109436035,1.0,706.009521484375,0.0,0.0,0.05909651517868042,0.11467424035072327,0.005991473328322172,0.005482018459588289,0.0005235900171101093,16,16,15,14,0,0,0,1
scan29,subset_uniform,1,8,14,0.009439464658498764,9.47319221496582,7.166604518890381,1.0,708.8306274414062,0.0,0.0,0.06196720898151398,0.11875011771917343,0.005525813903659582,0.008363786153495312,0.0010756785050034523,16,16,16,15,0,0,0,0
scan29,subset_uniform,2,16,14,0.010151660069823265,12.404831886291504,8.029709815979004,0.9998249411582947,687.8446655273438,0.0,1.4800195693969727,0.06289704144001007,0.12058521807193756,0.005089132115244865,0.00897594541311264,0.0011757146567106247,16,16,16,15,0,0,0,0
scan29,subset_uniform,3,24,14,0.012391474097967148,20.732378005981445,10.276799201965332,0.9995612502098083,700.0789184570312,0.0,0.0,0.06243374943733215,0.11982139945030212,0.005173593759536743,0.01124317105859518,0.0011483030393719673,16,16,15,15,0,0,0,0
scan29,subset_uniform,4,32,14,0.02077641524374485,52.2442512512207,17.735191345214844,0.9909853935241699,703.0288696289062,0.0,0.0,0.0642276257276535,0.12319415807723999,0.004385393112897873,0.019337782636284828,0.001438632607460022,16,16,15,14,0,0,0,1
scan29,subset_uniform,5,40,14,0.009609914384782314,12.092787742614746,7.843847751617432,0.9999815225601196,665.0091552734375,0.0,0.0,0.06567981839179993,0.12594525516033173,0.005320389289408922,0.009032649919390678,0.0005772644653916359,16,15,15,14,0,0,0,1
scan29,subset_uniform,0,0,15,0.0056049516424536705,5.898453712463379,4.045276165008545,1.0,706.0008544921875,0.0,0.0,0.0609603151679039,0.11667704582214355,0.005678763147443533,0.005482018459588289,0.00012293318286538124,16,16,15,14,0,0,1,1
scan29,subset_uniform,1,8,15,0.008863757364451885,9.069941520690918,6.739040374755859,1.0,708.822998046875,0.0,3.912865161895752,0.06402032822370529,0.1222178116440773,0.005057311151176691,0.008363786153495312,0.0004999712109565735,16,16,16,15,0,0,0,1
scan29,subset_uniform,2,16,15,0.009458168409764767,11.858614921569824,7.511585235595703,0.9998341202735901,687.837158203125,0.0,3.399379014968872,0.06493380665779114,0.12394705414772034,0.004360157530754805,0.00897594541311264,0.0004822229966521263,16,16,16,15,0,0,0,1
scan29,subset_uniform,3,24,15,0.011756098829209805,20.112823486328125,9.753884315490723,0.9995697140693665,700.0718383789062,0.0,0.0,0.06463811546564102,0.12334059923887253,0.004710635636001825,0.01124317105859518,0.000512927770614624,16,16,15,15,0,0,1,1
scan29,subset_uniform,4,32,15,0.019949542358517647,50.6845588684082,17.017087936401367,0.9912073612213135,703.0225219726562,0.0,0.0,0.06623347103595734,0.12639637291431427,0.0037815291434526443,0.019337782636284828,0.0006117597222328186,16,16,15,14,0,0,1,1
scan29,subset_uniform,5,40,15,0.009195034392178059,11.849666595458984,7.551251411437988,0.9999907612800598,665.0028076171875,0.0,4.429962635040283,0.06739895045757294,0.12885643541812897,0.0044728536158800125,0.009032649919390678,0.00016238447278738022,16,15,15,14,0,1,1,1
scan29,subset_uniform,0,0,16,0.005482018459588289,5.8990960121154785,3.9461593627929688,1.0,705.9921875,0.0,0.0,0.062459252774715424,0.11980269849300385,0.005752849858254194,0.005482018459588289,0.0,16,16,15,14,1,1,1,1
scan29,subset_uniform,1,8,16,0.008363786153495312,8.725040435791016,6.363243579864502,1.0,708.8148193359375,0.0,4.168941974639893,0.06589854508638382,0.12586610019207,0.004990879911929369,0.008363786153495312,0.0,16,16,16,15,1,1,1,1
scan29,subset_uniform,2,16,16,0.00897594541311264,11.487184524536133,7.136963367462158,0.9998249411582947,687.8289184570312,0.0,0.0,0.06637173891067505,0.12715637683868408,0.0042760344222188,0.00897594541311264,0.0,16,16,16,15,1,1,1,1
scan29,subset_uniform,3,24,16,0.01124317105859518,19.692893981933594,9.340590476989746,0.9995697140693665,700.0638427734375,0.0,0.799173891544342,0.06602918356657028,0.12661124765872955,0.004754830151796341,0.01124317105859518,0.0,16,16,15,15,1,1,1,1
scan29,subset_uniform,4,32,16,0.019337782636284828,49.484676361083984,16.48320770263672,0.9913439750671387,703.0153198242188,0.0,4.505370140075684,0.0670369565486908,0.1289474368095398,0.003787779249250889,0.019337782636284828,0.0,16,16,15,14,1,1,1,1
scan29,subset_uniform,5,40,16,0.009032649919390678,11.837974548339844,7.4490156173706055,0.9999907612800598,664.9983520507812,0.0,4.893728733062744,0.06805891543626785,0.1310601830482483,0.004311179276555777,0.009032649919390678,0.0,16,15,15,14,1,1,1,1
scan33,subset_middle,0,24,8,0.00900140218436718,9.37980842590332,5.575262069702148,0.999792754650116,607.3486328125,0.0,0.0,0.06927242875099182,0.14086665213108063,0.0,0.004717972129583359,0.004283430054783821,14,14,14,13,0,0,0,0
scan33,subset_middle,1,0,8,0.08255907148122787,153.658935546875,67.94371795654297,0.8402472138404846,614.6182250976562,0.0,3.3230156898498535,0.07613997161388397,0.15238171815872192,0.0,0.07405580580234528,0.008503265678882599,14,13,11,9,0,0,0,0
scan33,subset_middle,2,1,8,0.04835224524140358,101.20000457763672,38.34033966064453,0.917902946472168,602.3037719726562,0.0,0.0,0.07279843091964722,0.14621837437152863,0.0,0.037918202579021454,0.010434042662382126,15,14,13,12,0,0,0,0
scan33,subset_middle,3,2,8,0.03570719435811043,79.45093536376953,27.351594924926758,0.9482548832893372,596.681640625,0.0,0.0,0.07107862830162048,0.14413149654865265,0.0,0.02563762664794922,0.010069567710161209,15,15,14,13,0,0,0,0
scan33,subset_middle,4,3,8,0.062476690858602524,118.17034149169922,49.44389724731445,0.8826833367347717,612.5509033203125,0.0,0.0,0.07596470415592194,0.1540156453847885,0.0,0.05179448053240776,0.010682210326194763,15,14,13,11,0,0,0,0
scan33,subset_middle,5,4,8,0.08288486301898956,134.1300811767578,64.50553894042969,0.8167377710342407,618.6953125,0.0,0.0,0.07939933985471725,0.1618015021085739,0.0,0.07369570434093475,0.00918915867805481,15,14,12,10,0,0,0,0
scan33,subset_middle,0,24,9,0.008603386580944061,9.080778121948242,5.33420991897583,0.999792754650116,607.3411254882812,0.0,0.0,0.06306514143943787,0.12529389560222626,0.01401907205581665,0.004717972129583359,0.0038854144513607025,14,14,14,13,0,0,0,0
scan33,subset_middle,1,0,9,0.08099114894866943,152.95672607421875,66.90229797363281,0.8412655591964722,614.6109008789062,0.0,0.0,0.06879385560750961,0.13631315529346466,0.009314282797276974,0.07405580580234528,0.006935343146324158,14,13,11,9,0,0,0,1
scan33,subset_middle,2,1,9,0.04631030187010765,100.88572692871094,36.99715042114258,0.917902946472168,602.2974853515625,0.0,3.574455499649048,0.06595122069120407,0.1309371143579483,0.00890021026134491,0.037918202579021454,0.008392099291086197,15,14,13,12,0,0,0,0
scan33,subset_middle,3,2,9,0.03355750814080238,78.93157196044922,25.9097843170166,0.9482167959213257,596.6755981445312,0.0,0.0,0.06525265425443649,0.12916480004787445,0.00823981687426567,0.02563762664794922,0.007919881492853165,15,15,14,13,0,0,0,0
scan33,subset_middle,4,3,9,0.05995111167430878,117.44676971435547,47.73558044433594,0.8824612498283386,612.5458984375,0.0,1.5584646463394165,0.06896308809518814,0.13683322072029114,0.0066950819455087185,0.05179448053240776,0.008156631141901016,15,14,13,11,0,0,0,0
scan33,subset_middle,5,4,9,0.08123157173395157,133.67852783203125,63.37409210205078,0.8167080283164978,618.6911010742188,0.0,0.0,0.07135641574859619,0.1421181857585907,0.00820025522261858,0.07369570434093475,0.007535867393016815,15,14,12,10,0,0,0,0
scan33,subset_middle,0,24,10,0.007908057421445847,8.692082405090332,4.9048848152160645,0.999792754650116,607.33642578125,0.0,0.0,0.05979994311928749,0.1176472008228302,0.009591309353709221,0.004717972129583359,0.003190085291862488,14,14,14,13,0,0,0,0
scan33,subset_middle,1,0,10,0.07919446378946304,152.39268493652344,65.71833801269531,0.8414411544799805,614.6052856445312,0.0,2.3253211975097656,0.06483710557222366,0.12688563764095306,0.0061479550786316395,0.07405580580234528,0.005138657987117767,14,13,11,9,0,0,0,1
scan33,subset_middle,2,1,10,0.04434308409690857,100.55731201171875,35.680877685546875,0.917902946472168,602.2926635742188,0.0,4.469841003417969,0.06201552227139473,0.12221415340900421,0.0056209019385278225,0.037918202579021454,0.0064248815178871155,15,14,13,12,0,0,0,0
scan33,subset_middle,3,2,10,0.031604085117578506,78.5057601928711,24.60435676574707,0.948178768157959,596.6713256835938,0.0,4.675039768218994,0.061732348054647446,0.12171854078769684,0.005538041703402996,0.02563762664794922,0.005966458469629288,15,15,14,13,0,0,0,0
scan33,subset_middle,4,3,10,0.05788107216358185,116.8676528930664,46.32547378540039,0.882382869720459,612.5420532226562,0.0,3.418045997619629,0.06448668986558914,0.12742088735103607,0.005333165172487497,0.05179448053240776,0.0060865916311740875,15,14,13,11,0,0,0,0
scan33,subset_middle,5,4,10,0.07961051911115646,133.2418212890625,62.26128387451172,0.8167229294776917,618.687255859375,0.0,1.7880505323410034,0.06644953787326813,0.1313188523054123,0.006904131267219782,0.07369570434093475,0.00591481477022171,15,14,12,10,0,0,0,1
scan33,subset_middle,0,24,11,0.006874058395624161,8.167254447937012,4.266758441925049,0.999792754650116,607.3331909179688,0.0,0.0,0.05892213433980942,0.11453714966773987,0.006666846107691526,0.004717972129583359,0.002156086266040802,14,14,14,13,0,0,0,0
scan33,subset_middle,1,0,11,0.07767396420240402,152.04629516601562,64.72586822509766,0.8414528369903564,614.6006469726562,0.0,2.5706262588500977,0.0622834637761116,0.12179239094257355,0.004541655071079731,0.07405580580234528,0.0036181584000587463,14,13,11,9,0,0,1,1
scan33,subset_middle,2,1,11,0.042566780000925064,100.26508331298828,34.498374938964844,0.917902946472168,602.2886962890625,0.0,2.4087536334991455,0.06070055440068245,0.11809638887643814,0.005191072355955839,0.037918202579021454,0.00464857742190361,15,14,13,12,0,0,0,0
scan33,subset_middle,3,2,11,0.02979963831603527,78.16156005859375,23.39971160888672,0.9482041597366333,596.6672973632812,0.0,2.515050172805786,0.06071209907531738,0.11803089827299118,0.003987274598330259,0.02563762664794922,0.004162011668086052,15,15,14,13,0,0,0,0
scan33,subset_middle,4,3,11,0.056101277470588684,116.34407806396484,45.105812072753906,0.8823567628860474,612.5385131835938,0.0,0.0,0.06277559697628021,0.12257006764411926,0.0034642319660633802,0.05179448053240776,0.0043067969381809235,15,14,13,11,0,0,0,1
scan33,subset_middle,5,4,11,0.07782705128192902,132.69992065429688,61.031558990478516,0.8170055150985718,618.68359375,0.0,0.0,0.06465735286474228,0.1256948560476303,0.004159235395491123,0.07369570434093475,0.004131346940994263,15,14,12,10,0,0,0,1
scan33,subset_middle,0,24,12,0.0057709128595888615,7.658185005187988,3.5838677883148193,0.999792754650116,607.330810546875,0.0,0.0,0.05969328060746193,0.11477789282798767,0.00597092742100358,0.004717972129583359,0.0010529407300055027,14,14,14,13,0,0,0,0
scan33,subset_middle,1,0,12,0.0763513520359993,151.7808074951172,63.862606048583984,0.8414528369903564,614.5961303710938,0.0,2.805539131164551,0.06290657073259354,0.12071188539266586,0.003935917746275663,0.07405580580234528,0.002295546233654022,14,13,11,9,0,0,1,1
scan33,subset_middle,2,1,12,0.040923766791820526,99.96768188476562,33.405033111572266,0.917902946472168,602.2853393554688,0.0,0.0,0.06181514263153076,0.11833176016807556,0.0037338256370276213,0.037918202579021454,0.0030055642127990723,15,14,13,12,0,0,0,1
scan33,subset_middle,3,2,12,0.02825756184756756,77.86653900146484,22.371341705322266,0.9482294917106628,596.6636962890625,0.0,1.9605445861816406,0.06188609451055527,0.1184808537364006,0.0033983802422881126,0.02563762664794922,0.0026199351996183395,15,15,14,13,0,0,0,0
scan33,subset_middle,4,3,12,0.05449078232049942,115.86158752441406,43.99763488769531,0.8823959231376648,612.534912109375,0.0,0.0,0.06349784135818481,0.12197966873645782,0.0029684535693377256,0.05179448053240776,0.0026963017880916595,15,14,13,11,0,0,0,1
scan33,subset_middle,5,4,12,0.07644292712211609,132.1939239501953,60.069915771484375,0.8175557851791382,618.6797485351562,0.0,0.0,0.06478114426136017,0.12465836107730865,0.003986869007349014,0.07369570434093475,0.0027472227811813354,15,14,12,10,0,0,1,1
scan33,subset_middle,0,24,13,0.00502997450530529,7.330845832824707,3.128913164138794,0.999792754650116,607.3264770507812,0.0,0.0,0.05921212583780289,0.11525227874517441,0.00580739788711071,0.004717972129583359,0.00031200237572193146,14,14,14,13,0,0,0,1
scan33,subset_middle,1,0,13,0.07535060495138168,151.5413360595703,63.2081413269043,0.8414528369903564,614.5903930664062,0.0,0.0,0.06261145323514938,0.12133752554655075,0.0033492031507194042,0.07405580580234528,0.0012947991490364075,14,13,11,9,0,1,1,1
scan33,subset_middle,2,1,13,0.03961622342467308,99.73302459716797,32.54151916503906,0.917902946472168,602.2803955078125,0.0,0.0,0.06172848865389824,0.11963257938623428,0.0036339631769806147,0.037918202579021454,0.0016980208456516266,15,14,13,12,0,0,1,1
scan33,subset_middle,3,2,13,0.026984667405486107,77.66354370117188,21.523197174072266,0.9482041597366333,596.6588134765625,0.0,0.0,0.06171261519193649,0.11959968507289886,0.0032547451555728912,0.02563762664794922,0.0013470407575368881,15,15,14,13,0,0,0,1
scan33,subset_middle,4,3,13,0.05332843214273453,115.53382873535156,43.20133590698242,0.8825004696846008,612.5302734375,0.0,0.7803435325622559,0.06310128420591354,0.12246139347553253,0.0027447291649878025,0.05179448053240776,0.001533951610326767,15,14,13,11,0,0,1,1
scan33,subset_middle,5,4,13,0.07547380030155182,131.8635711669922,59.39739227294922,0.8185522556304932,618.674560546875,0.0,1.2535138130187988,0.06407735496759415,0.12438467890024185,0.0035120032262057066,0.07369570434093475,0.0017780959606170654,15,14,12,10,0,0,1,1
scan33,subset_middle,0,24,14,0.004650043789297342,7.127041339874268,2.892862319946289,0.999792754650116,607.3215942382812,0.0,0.0,0.061041492968797684,0.11671138554811478,0.005974950268864632,0.004717972129583359,-6.792834028601646e-05,14,14,14,13,1,1,1,1
scan33,subset_middle,1,0,14,0.07457290589809418,151.1969451904297,62.68489456176758,0.8414528369903564,614.5847778320312,0.0,0.0,0.06456836313009262,0.12313681840896606,0.0034955923911184072,0.07405580580234528,0.0005171000957489014,14,13,11,9,1,1,1,1
scan33,subset_middle,2,1,14,0.03866572305560112,99.5067138671875,31.916303634643555,0.917902946472168,602.275146484375,0.0,1.9122339487075806,0.06393493711948395,0.12182728946208954,0.0032243181485682726,0.037918202579021454,0.0007475204765796661,15,14,13,12,0,1,1,1
scan33,subset_middle,3,2,14,0.02616714872419834,77.50990295410156,20.981853485107422,0.9482675790786743,596.6536865234375,0.0,2.8511486053466797,0.06405811756849289,0.1218150407075882,0.0032323873601853848,0.02563762664794922,0.0005295220762491226,15,15,14,13,0,0,1,1
scan33,subset_middle,4,3,14,0.05251976475119591,115.25605010986328,42.647525787353516,0.8825527429580688,612.5253295898438,0.0,3.414721965789795,0.06496618688106537,0.12409001588821411,0.0028577172197401524,0.05179448053240776,0.000725284218788147,15,14,13,11,0,1,1,1
scan33,subset_middle,5,4,14,0.07471074163913727,131.61282348632812,58.863006591796875,0.8188497424125671,618.6703491210938,0.0,0.0,0.06554047763347626,0.12543268501758575,0.0030510402284562588,0.07369570434093475,0.0010150372982025146,15,14,12,10,0,1,1,1
scan33,subset_middle,0,24,15,0.004583065863698721,7.0486931800842285,2.8508188724517822,0.999792754650116,607.3165893554688,0.0,0.0,0.0638226643204689,0.1212436705827713,0.005666541401296854,0.004717972129583359,-0.00013490626588463783,14,14,14,13,1,1,1,1
scan33,subset_middle,1,0,15,0.07414967566728592,150.82760620117188,62.37841796875,0.8414528369903564,614.579345703125,0.0,0.0,0.06699666380882263,0.12743104994297028,0.0037442902103066444,0.07405580580234528,9.386986494064331e-05,14,13,11,9,1,1,1,1
scan33,subset_middle,2,1,15,0.038076914846897125,99.29519653320312,31.52341651916504,0.917902946472168,602.2701416015625,0.0,0.0,0.0667446106672287,0.12668980658054352,0.003338772337883711,0.037918202579021454,0.0001587122678756714,15,14,13,12,1,1,1,1
scan33,subset_middle,3,2,15,0.025702688843011856,77.36215209960938,20.67210578918457,0.9483436346054077,596.6485595703125,0.0,0.0,0.06694399565458298,0.12696142494678497,0.0030819696839898825,0.02563762664794922,6.506219506263733e-05,15,15,14,13,1,1,1,1
scan33,subset_middle,4,3,15,0.052043814212083817,114.98162841796875,42.313377380371094,0.8825657963752747,612.5206298828125,0.0,3.3857016563415527,0.06742065399885178,0.128299742937088,0.0026666801422834396,0.05179448053240776,0.0002493336796760559,15,14,13,11,1,1,1,1
scan33,subset_middle,5,4,15,0.0740237608551979,131.32566833496094,58.38521194458008,0.8188943266868591,618.6655883789062,0.0,0.0,0.06766489148139954,0.12903490662574768,0.003295333357527852,0.07369570434093475,0.0003280565142631531,15,14,12,10,1,1,1,1
scan33,subset_middle,0,24,16,0.004717972129583359,7.061306953430176,2.932236671447754,0.999792754650116,607.3119506835938,0.0,0.0,0.06624440103769302,0.1260414719581604,0.0061385356821119785,0.004717972129583359,0.0,14,14,14,13,1,1,1,1
scan33,subset_middle,1,0,16,0.07405580580234528,150.5007781982422,62.279170989990234,0.8414528369903564,614.57470703125,0.0,0.0,0.06846179813146591,0.13106460869312286,0.0038952259346842766,0.07405580580234528,0.0,14,13,11,9,1,1,1,1
scan33,subset_middle,2,1,16,0.037918202579021454,99.1327896118164,31.406156539916992,0.917902946472168,602.2653198242188,0.0,0.0,0.06857514381408691,0.1309724897146225,0.00356515240855515,0.037918202579021454,0.0,15,14,13,12,1,1,1,1
scan33,subset_middle,3,2,16,0.02563762664794922,77.23377990722656,20.618885040283203,0.9483436346054077,596.643798828125,0.0,0.0,0.06868550926446915,0.13124293088912964,0.003124238457530737,0.02563762664794922,0.0,15,15,14,13,1,1,1,1
scan33,subset_middle,4,3,16,0.05179448053240776,114.71277618408203,42.134727478027344,0.8826572299003601,612.516357421875,0.0,0.0,0.06883399188518524,0.13184866309165955,0.0025889447424560785,0.05179448053240776,0.0,15,14,13,11,1,1,1,1
scan33,subset_middle,5,4,16,0.07369570434093475,131.0615234375,58.147403717041016,0.818953812122345,618.6620483398438,0.0,3.798853874206543,0.06876343488693237,0.13200555741786957,0.003248230554163456,0.07369570434093475,0.0,15,14,12,10,1,1,1,1
scan33,subset_uniform,0,0,8,0.08396362513303757,145.16336059570312,67.92976379394531,0.8414294719696045,614.7384643554688,0.0,0.0,0.0716925635933876,0.1434386819601059,0.0,0.07080504298210144,0.013158582150936127,14,14,12,10,0,0,0,0
scan33,subset_uniform,1,8,8,0.028157604858279228,58.583213806152344,20.424041748046875,0.9780295491218567,602.692138671875,0.0,0.9458466172218323,0.0760304406285286,0.15293368697166443,0.0,0.013523148372769356,0.014634456485509872,16,15,14,13,0,0,0,0
scan33,subset_uniform,2,16,8,0.016808751970529556,18.52007484436035,10.66020393371582,0.9991470575332642,613.6818237304688,0.0,0.0,0.08385082334280014,0.16547146439552307,0.0,0.004854337777942419,0.011954414192587137,15,15,14,14,0,0,0,0
scan33,subset_uniform,3,24,8,0.010924937203526497,10.029027938842773,6.693008899688721,0.999792754650116,607.3799438476562,0.0,0.0,0.07685364037752151,0.15454897284507751,0.0,0.004107574000954628,0.006817363202571869,14,14,13,13,0,0,0,0
scan33,subset_uniform,4,32,8,0.007936658337712288,6.723474502563477,4.8413262367248535,1.0,606.9592895507812,0.0,4.831686019897461,0.08046573400497437,0.16036778688430786,0.0,0.004038942977786064,0.0038977153599262238,13,13,12,12,0,0,0,0
scan33,subset_uniform,5,40,8,0.00829127337783575,6.619945526123047,5.041252613067627,1.0,622.3801879882812,0.0,0.0,0.08795984834432602,0.17761890590190887,0.0,0.004048328381031752,0.004242944996803999,13,13,13,12,0,0,0,0
scan33,subset_uniform,0,0,9,0.07976790517568588,144.5852813720703,65.33267974853516,0.8414528369903564,614.7286376953125,0.0,0.0,0.06494889408349991,0.1284133791923523,0.01191397663205862,0.07080504298210144,0.008962862193584442,14,14,12,10,0,0,0,0
scan33,subset_uniform,1,8,9,0.023887071758508682,57.61558151245117,17.690731048583984,0.9780526757240295,602.6854858398438,0.0,0.0,0.06880942732095718,0.13585427403450012,0.009242808446288109,0.013523148372769356,0.010363923385739326,16,15,14,13,0,0,0,0
scan33,subset_uniform,2,16,9,0.013355059549212456,16.800228118896484,8.512636184692383,0.9991470575332642,613.6759033203125,0.0,0.0,0.07506363093852997,0.14575237035751343,0.012244614772498608,0.004854337777942419,0.008500721771270037,15,15,14,14,0,0,0,0
scan33,subset_uniform,3,24,9,0.009088794700801373,8.94320297241211,5.5891642570495605,0.999792754650116,607.373046875,0.0,0.0,0.07003488391637802,0.13855135440826416,0.011423641815781593,0.004107574000954628,0.0049812206998467445,14,14,13,13,0,0,0,0
scan33,subset_uniform,4,32,9,0.006851056590676308,6.01518440246582,4.188999176025391,1.0,606.9519653320312,0.0,2.052807569503784,0.07311870157718658,0.14435292780399323,0.011346576735377312,0.004038942977786064,0.0028121136128902435,13,13,12,12,0,0,0,0
scan33,subset_uniform,5,40,9,0.007638996932655573,6.115176677703857,4.6341938972473145,1.0,622.377685546875,0.0,2.90447735786438,0.07813633978366852,0.15522871911525726,0.00927820522338152,0.004048328381031752,0.0035906685516238213,13,13,13,12,0,0,0,0
scan33,subset_uniform,0,0,10,0.07686209678649902,144.55252075195312,63.532283782958984,0.8414528369903564,614.7232666015625,0.0,0.0,0.06228312849998474,0.12107046693563461,0.010619756765663624,0.07080504298210144,0.006057053804397583,14,14,12,10,0,0,0,1
scan33,subset_uniform,1,8,10,0.020178595557808876,56.87901306152344,15.287921905517578,0.9780526757240295,602.68212890625,0.0,1.7311054468154907,0.06597297638654709,0.1282883882522583,0.01099044643342495,0.013523148372769356,0.00665544718503952,16,15,14,13,0,0,0,0
scan33,subset_uniform,2,16,10,0.010024480521678925,15.292259216308594,6.394025802612305,0.9991470575332642,613.6731567382812,0.0,0.9598115682601929,0.0696503296494484,0.13585548102855682,0.0124241653829813,0.004854337777942419,0.0051701427437365055,15,15,14,14,0,0,0,0
scan33,subset_uniform,3,24,10,0.0072967736050486565,8.03192138671875,4.50174617767334,0.999792754650116,607.3695068359375,0.0,2.6416022777557373,0.0672491192817688,0.1307588666677475,0.015408476814627647,0.004107574000954628,0.0031891996040940285,14,14,13,13,0,0,0,0
scan33,subset_uniform,4,32,10,0.0056643979623913765,5.231835842132568,3.4701731204986572,1.0,606.9480590820312,0.0,0.0,0.0697069838643074,0.13554243743419647,0.014313767664134502,0.004038942977786064,0.0016254549846053123,13,13,12,12,0,0,0,0
scan33,subset_uniform,5,40,10,0.006221752148121595,5.294550895690918,3.7729926109313965,1.0,622.370849609375,0.0,4.011173248291016,0.0723193883895874,0.1429285705089569,0.010717316530644894,0.004048328381031752,0.0021734237670898438,13,13,13,12,0,0,0,0
scan33,subset_uniform,0,0,11,0.07461248338222504,144.374267578125,62.102901458740234,0.8414528369903564,614.7186889648438,0.0,0.0,0.06012542173266411,0.11747978627681732,0.008228402584791183,0.07080504298210144,0.003807440400123596,14,14,12,10,0,0,0,1
scan33,subset_uniform,1,8,11,0.0176351647824049,56.51251983642578,13.633866310119629,0.9780411124229431,602.679443359375,0.0,0.0,0.06316736340522766,0.12379368394613266,0.008570483885705471,0.013523148372769356,0.004112016409635544,16,15,14,13,0,0,0,0
scan33,subset_uniform,2,16,11,0.0077332137152552605,14.474170684814453,4.950106143951416,0.9991470575332642,613.6707153320312,0.0,3.1688530445098877,0.06707997620105743,0.12923116981983185,0.010594794526696205,0.004854337777942419,0.0028788759373128414,15,15,14,14,0,0,0,0
scan33,subset_uniform,3,24,11,0.005853354465216398,7.38524866104126,3.621147871017456,0.999792754650116,607.3668212890625,0.0,0.0,0.06500441581010818,0.12706665694713593,0.014271697960793972,0.004107574000954628,0.0017457804642617702,14,14,13,13,0,0,0,0
scan33,subset_uniform,4,32,11,0.004717739764600992,4.530603408813477,2.8902182579040527,1.0,606.94482421875,0.0,0.0,0.06688383966684341,0.13072365522384644,0.012184271588921547,0.004038942977786064,0.0006787967868149281,13,13,12,12,0,0,0,0
scan33,subset_uniform,5,40,11,0.005049804225564003,4.68012809753418,3.0606529712677,1.0,622.3707885742188,0.0,1.0100754499435425,0.06873641163110733,0.13528132438659668,0.009958399459719658,0.004048328381031752,0.0010014758445322514,13,13,13,12,0,0,0,0
scan33,subset_uniform,0,0,12,0.07314898073673248,144.20286560058594,61.157073974609375,0.8414528369903564,614.7152099609375,0.0,0.0,0.06063467264175415,0.11668021231889725,0.006139960139989853,0.07080504298210144,0.0023439377546310425,14,14,12,10,0,0,1,1
scan33,subset_uniform,1,8,12,0.01588798314332962,56.272552490234375,12.502490043640137,0.9780411124229431,602.677734375,0.0,0.0,0.06299687922000885,0.12167152017354965,0.006703492254018784,0.013523148372769356,0.0023648347705602646,16,15,14,13,0,0,0,0
scan33,subset_uniform,2,16,12,0.006282548885792494,14.041695594787598,4.040353298187256,0.9991470575332642,613.669189453125,0.0,2.8551278114318848,0.0661683902144432,0.12658485770225525,0.011598578654229641,0.004854337777942419,0.0014282111078500748,15,15,14,14,0,0,0,0
scan33,subset_uniform,3,24,12,0.004824227653443813,6.928201675415039,2.9885311126708984,0.999792754650116,607.3651733398438,0.0,0.0,0.0649244487285614,0.12522369623184204,0.013422020711004734,0.004107574000954628,0.0007166536524891853,14,14,13,13,0,0,0,0
scan33,subset_uniform,4,32,12,0.004177846014499664,4.089833736419678,2.5576083660125732,1.0,606.9424438476562,0.0,2.8917787075042725,0.06653033941984177,0.12836810946464539,0.01138796005398035,0.004038942977786064,0.00013890303671360016,13,13,12,12,0,0,1,1
scan33,subset_uniform,5,40,12,0.004324485547840595,4.351022243499756,2.6210334300994873,1.0,622.3656616210938,0.0,2.1730382442474365,0.06712663918733597,0.1309850960969925,0.008008173666894436,0.004048328381031752,0.0002761571668088436,13,13,13,12,0,0,0,1
scan33,subset_uniform,0,0,13,0.0722842663526535,144.02760314941406,60.590328216552734,0.8414528369903564,614.7113037109375,0.0,0.0,0.05925483629107475,0.11611244082450867,0.004673817660659552,0.07080504298210144,0.001479223370552063,14,14,12,10,0,0,1,1
scan33,subset_uniform,1,8,13,0.014844514429569244,56.144012451171875,11.837197303771973,0.9780411124229431,602.6751708984375,0.0,1.0172181129455566,0.06151220574975014,0.12049385905265808,0.004508216865360737,0.013523148372769356,0.0013213660567998886,16,15,14,13,0,0,0,1
scan33,subset_uniform,2,16,13,0.005451367236673832,13.806905746459961,3.525913715362549,0.9991470575332642,613.6664428710938,0.0,1.3743007183074951,0.0641053318977356,0.12465999275445938,0.0071243587881326675,0.004854337777942419,0.0005970294587314129,15,15,14,14,0,0,0,0
scan33,subset_uniform,3,24,13,0.004294366110116243,6.718430995941162,2.6620216369628906,0.999792754650116,607.3627319335938,0.0,0.0,0.0634906068444252,0.12402541935443878,0.009158480912446976,0.004107574000954628,0.00018679210916161537,14,14,13,13,0,0,1,1
scan33,subset_uniform,4,32,13,0.003949030768126249,3.8965156078338623,2.416374683380127,1.0,606.93994140625,0.0,4.333094120025635,0.06555626541376114,0.12724170088768005,0.0075464313849806786,0.004038942977786064,-8.991220965981483e-05,13,13,12,12,1,1,1,1
scan33,subset_uniform,5,40,13,0.004029362462460995,4.226133346557617,2.4433205127716064,1.0,622.3611450195312,0.0,2.1730382442474365,0.06514883786439896,0.12792906165122986,0.007198220118880272,0.004048328381031752,-1.8965918570756912e-05,13,13,13,12,1,1,1,1
scan33,subset_uniform,0,0,14,0.07150483131408691,143.5604248046875,60.05281448364258,0.8414528369903564,614.7070922851562,0.0,0.0,0.060435544699430466,0.11604912579059601,0.0036609102971851826,0.07080504298210144,0.0006997883319854736,14,14,12,10,1,1,1,1
scan33,subset_uniform,1,8,14,0.014069274999201298,56.002479553222656,11.342568397521973,0.9780411124229431,602.6722412109375,0.0,1.830772876739502,0.0626673474907875,0.12034577131271362,0.0039024853613227606,0.013523148372769356,0.000546126626431942,16,15,14,13,0,0,1,1
scan33,subset_uniform,2,16,14,0.00495769502595067,13.680656433105469,3.221567153930664,0.9991470575332642,613.6635131835938,0.0,2.7273519039154053,0.06500028818845749,0.12418665736913681,0.00626049330458045,0.004854337777942419,0.00010335724800825119,15,15,14,14,0,0,1,1
scan33,subset_uniform,3,24,14,0.00403085071593523,6.601478576660156,2.4988083839416504,0.999792754650116,607.3599853515625,0.0,0.0,0.06480618566274643,0.12402031570672989,0.007943190634250641,0.004107574000954628,-7.672328501939774e-05,14,14,13,13,1,1,1,1
scan33,subset_uniform,4,32,14,0.0038892014417797327,3.8074309825897217,2.377842426300049,1.0,606.9369506835938,0.0,0.0,0.06644292175769806,0.1271684318780899,0.007780938409268856,0.004038942977786064,-0.00014974153600633144,13,13,12,12,1,1,1,1
scan33,subset_uniform,5,40,14,0.003882059594616294,4.157076835632324,2.3560421466827393,1.0,622.36083984375,0.0,2.8948233127593994,0.06595379114151001,0.1268417090177536,0.007076718844473362,0.004048328381031752,-0.00016626878641545773,13,13,13,12,1,1,1,1
scan33,subset_uniform,0,0,15,0.07104415446519852,143.22889709472656,59.7327995300293,0.8414528369903564,614.7026977539062,0.0,0.0,0.06264342367649078,0.11946216225624084,0.003162581939250231,0.07080504298210144,0.00023911148309707642,14,14,12,10,1,1,1,1
scan33,subset_uniform,1,8,15,0.013671002350747585,55.90739822387695,11.089301109313965,0.9780526757240295,602.6689453125,0.0,2.6131434440612793,0.06487737596035004,0.1237066313624382,0.003616101574152708,0.013523148372769356,0.00014785397797822952,16,15,14,13,0,1,1,1
scan33,subset_uniform,2,16,15,0.004814599175006151,13.627290725708008,3.1370058059692383,0.9991470575332642,613.6602172851562,0.0,0.0,0.0665111318230629,0.12713366746902466,0.005931193940341473,0.004854337777942419,-3.973860293626785e-05,15,15,14,14,1,1,1,1
scan33,subset_uniform,3,24,15,0.0040101041086018085,6.546043872833252,2.482839345932007,0.999792754650116,607.3569946289062,0.0,1.6794631481170654,0.06672221422195435,0.12728047370910645,0.006109899375587702,0.004107574000954628,-9.746989235281944e-05,14,14,13,13,1,1,1,1
scan33,subset_uniform,4,32,15,0.003941337112337351,3.7876317501068115,2.40726900100708,1.0,606.93359375,0.0,0.754073441028595,0.06815463304519653,0.12997327744960785,0.005929057020694017,0.004038942977786064,-9.76058654487133e-05,13,13,12,12,1,1,1,1
scan33,subset_uniform,5,40,15,0.0038892028387635946,4.155168533325195,2.3622357845306396,1.0,622.3576049804688,0.0,3.2380332946777344,0.0675504207611084,0.12920792400836945,0.00594389159232378,0.004048328381031752,-0.000159125542268157,13,13,13,12,1,1,1,1
scan33,subset_uniform,0,0,16,0.07080504298210144,142.91357421875,59.5462760925293,0.8414528369903564,614.6985473632812,0.0,0.0,0.06478739529848099,0.12351708114147186,0.0027868386823683977,0.07080504298210144,0.0,14,14,12,10,1,1,1,1
scan33,subset_uniform,1,8,16,0.013523148372769356,55.829078674316406,10.992037773132324,0.9780526757240295,602.6651000976562,0.0,2.1367998123168945,0.06664193421602249,0.12735843658447266,0.0034124013036489487,0.013523148372769356,0.0,16,15,14,13,1,1,1,1
scan33,subset_uniform,2,16,16,0.004854337777942419,13.633707046508789,3.165066957473755,0.9991470575332642,613.6564331054688,0.0,0.0,0.0676017552614212,0.12968993186950684,0.005116565618664026,0.004854337777942419,0.0,15,15,14,14,1,1,1,1
scan33,subset_uniform,3,24,16,0.004107574000954628,6.553811073303223,2.540005683898926,0.999792754650116,607.3533935546875,0.0,0.0,0.06802263110876083,0.13029170036315918,0.0052782329730689526,0.004107574000954628,0.0,14,14,13,13,1,1,1,1
scan33,subset_uniform,4,32,16,0.004038942977786064,3.796538829803467,2.4649598598480225,1.0,606.9301147460938,0.0,0.0,0.06904991716146469,0.13246574997901917,0.005802113562822342,0.004038942977786064,0.0,13,13,12,12,1,1,1,1
scan33,subset_uniform,5,40,16,0.004048328381031752,4.225883960723877,2.4603893756866455,1.0,622.3523559570312,0.0,3.4632279872894287,0.06806349009275436,0.13110356032848358,0.005878074560314417,0.004048328381031752,0.0,13,13,13,12,1,1,1,1
scan48,subset_middle,0,24,8,0.00509748887270689,5.312051296234131,3.4133923053741455,0.9999310374259949,679.8674926757812,0.0,0.0,0.07806273549795151,0.15549761056900024,0.0,0.004983480088412762,0.00011400878429412842,9,9,8,8,0,0,1,1
scan48,subset_middle,1,0,8,0.011304744519293308,11.34976863861084,7.468991756439209,0.99981290102005,647.99853515625,0.0,4.21314811706543,0.08565153181552887,0.16657419502735138,0.0,0.005053607281297445,0.006251137237995863,11,11,11,11,0,0,0,0
scan48,subset_middle,2,1,8,0.009372944012284279,8.981398582458496,6.310924053192139,0.9999999403953552,657.4059448242188,0.0,4.116848945617676,0.08021046966314316,0.15923972427845,0.0,0.005413472652435303,0.003959471359848976,11,11,11,10,0,0,0,0
scan48,subset_middle,3,2,8,0.00862948875874281,6.57741117477417,5.763583660125732,1.0,665.7026977539062,0.0,0.0,0.08327840268611908,0.1656573861837387,0.0,0.004946899600327015,0.0036825891584157944,14,13,13,11,0,0,0,0
scan48,subset_middle,4,3,8,0.011677239090204239,12.73665714263916,7.699087142944336,0.998880922794342,662.1677856445312,0.0,2.4255964756011963,0.08819017559289932,0.17441996932029724,0.0,0.006160324439406395,0.005516914650797844,13,13,11,11,0,0,0,0
scan48,subset_middle,5,4,8,0.014951637014746666,13.923271179199219,9.42586898803711,0.9986751675605774,653.9010009765625,0.0,0.0,0.09503241628408432,0.18782399594783783,0.0,0.006053423974663019,0.008898213040083647,13,13,12,11,0,0,0,0
scan48,subset_middle,0,24,9,0.004703231621533632,5.048758506774902,3.1452269554138184,0.9999310374259949,679.8580322265625,0.0,0.0,0.07212197035551071,0.1420889049768448,0.009043021127581596,0.004983480088412762,-0.0002802484668791294,9,9,8,8,1,1,1,1
scan48,subset_middle,1,0,9,0.008022917434573174,8.980697631835938,5.313193321228027,0.999988317489624,647.9878540039062,0.0,3.860518217086792,0.07834190130233765,0.15236765146255493,0.0056295134127140045,0.005053607281297445,0.0029693101532757282,11,11,11,11,0,0,0,0
scan48,subset_middle,2,1,9,0.007114791311323643,7.1126837730407715,4.763092517852783,0.9999999403953552,657.3958129882812,0.0,0.0,0.07548557966947556,0.1463300883769989,0.004919043276458979,0.005413472652435303,0.00170131865888834,11,11,11,10,0,0,0,0
scan48,subset_middle,3,2,9,0.006977139040827751,5.493788719177246,4.6120734214782715,0.9999894499778748,665.6929321289062,0.0,0.0,0.0775483027100563,0.15131975710391998,0.004373143892735243,0.004946899600327015,0.0020302394405007362,14,13,13,11,0,0,0,0
scan48,subset_middle,4,3,9,0.0090548200532794,11.18472671508789,5.966760635375977,0.9989357590675354,662.1589965820312,0.0,2.4494447708129883,0.0811779573559761,0.15685458481311798,0.0051475162617862225,0.006160324439406395,0.002894495613873005,13,13,11,11,0,0,0,0
scan48,subset_middle,5,4,9,0.011068614199757576,11.87891960144043,6.990037441253662,0.9985868334770203,653.8907470703125,0.0,3.959926128387451,0.08557580411434174,0.16720914840698242,0.00614728732034564,0.006053423974663019,0.005015190225094557,13,13,12,11,0,0,0,0
scan48,subset_middle,0,24,10,0.004865765571594238,5.107665061950684,3.249171257019043,0.9999310374259949,679.8516235351562,0.0,0.0,0.0663505271077156,0.13198484480381012,0.006936269346624613,0.004983480088412762,-0.00011771451681852341,9,9,8,8,1,1,1,1
scan48,subset_middle,1,0,10,0.005704557057470083,7.444413185119629,3.7362940311431885,0.999988317489624,647.9806518554688,0.0,0.0,0.0712718516588211,0.14142505824565887,0.005409179255366325,0.005053607281297445,0.0006509497761726379,11,11,11,11,0,0,0,0
scan48,subset_middle,2,1,10,0.0057546114549040794,6.132214546203613,3.833873748779297,0.9999999403953552,657.388916015625,0.0,3.6959166526794434,0.06940703839063644,0.13741514086723328,0.004915272817015648,0.005413472652435303,0.0003411388024687767,11,11,11,10,0,0,0,1
scan48,subset_middle,3,2,10,0.00571258831769228,4.8451247215271,3.7509939670562744,0.9999894499778748,665.6857299804688,0.0,2.713320732116699,0.07052111625671387,0.14056022465229034,0.004477509763091803,0.004946899600327015,0.0007656887173652649,14,13,13,11,0,0,0,0
scan48,subset_middle,4,3,10,0.006831541657447815,9.721734046936035,4.486721992492676,0.9990674257278442,662.1532592773438,0.0,0.0,0.07418889552354813,0.1461312621831894,0.005711284466087818,0.006160324439406395,0.00067121721804142,13,13,11,11,0,0,0,0
scan48,subset_middle,5,4,10,0.007965992204844952,10.264615058898926,5.041330814361572,0.9987382292747498,653.8836669921875,0.0,2.48506498336792,0.07702963054180145,0.15265004336833954,0.0068381065502762794,0.006053423974663019,0.0019125682301819324,13,13,12,11,0,0,0,0
scan48,subset_middle,0,24,11,0.00491355312988162,5.129671096801758,3.2806966304779053,0.9999310374259949,679.84619140625,0.0,0.0,0.06400448083877563,0.12530498206615448,0.0062476093880832195,0.004983480088412762,-6.992695853114128e-05,9,9,8,8,1,1,1,1
scan48,subset_middle,1,0,11,0.0049659209325909615,7.075291156768799,3.235821485519409,0.999988317489624,647.97509765625,0.0,0.0,0.068485789000988,0.13298974931240082,0.0035767890512943268,0.005053607281297445,-8.768634870648384e-05,11,11,11,11,1,1,1,1
scan48,subset_middle,2,1,11,0.005355962086468935,5.739231109619141,3.564116954803467,0.9999999403953552,657.384033203125,0.0,0.0,0.06670938432216644,0.12984584271907806,0.003048290964215994,0.005413472652435303,-5.751056596636772e-05,11,11,11,10,1,1,1,1
scan48,subset_middle,3,2,11,0.005403253715485334,4.701775550842285,3.546257734298706,1.0,665.6807250976562,0.0,0.0,0.06672350317239761,0.13116054236888885,0.002693331800401211,0.004946899600327015,0.0004563541151583195,14,13,13,11,0,0,0,1
scan48,subset_middle,4,3,11,0.006364946253597736,9.259098052978516,4.181727409362793,0.9992100596427917,662.1493530273438,0.0,0.0,0.07011685520410538,0.1368890106678009,0.002892225980758667,0.006160324439406395,0.0002046218141913414,13,13,11,11,0,0,1,1
scan48,subset_middle,5,4,11,0.006566495168954134,9.568196296691895,4.182480812072754,0.9988013505935669,653.87890625,0.0,0.0,0.07148892432451248,0.14068129658699036,0.0036057482939213514,0.006053423974663019,0.0005130711942911148,13,13,12,11,0,0,0,1
scan48,subset_middle,0,24,12,0.004767576698213816,5.037956237792969,3.184699535369873,0.9999310374259949,679.8417358398438,0.0,0.0,0.06339018046855927,0.1226959377527237,0.004851399455219507,0.004983480088412762,-0.000215903390198946,9,9,8,8,1,1,1,1
scan48,subset_middle,1,0,12,0.0049471319653093815,7.0636138916015625,3.2299137115478516,1.0,647.9701538085938,0.0,3.8570163249969482,0.06756356358528137,0.13008417189121246,0.0024217108730226755,0.005053607281297445,-0.00010647531598806381,11,11,11,11,1,1,1,1
scan48,subset_middle,2,1,12,0.00520703662186861,5.58226203918457,3.468223810195923,0.9999999403953552,657.380126953125,0.0,2.5385987758636475,0.0660247802734375,0.12700000405311584,0.0021230026613920927,0.005413472652435303,-0.00020643603056669235,11,11,11,10,1,1,1,1
scan48,subset_middle,3,2,12,0.005208751652389765,4.556393623352051,3.4219982624053955,1.0,665.6766357421875,0.0,3.56611967086792,0.06612777709960938,0.12737105786800385,0.0020444176625460386,0.004946899600327015,0.00026185205206274986,14,13,13,11,0,0,0,1
scan48,subset_middle,4,3,12,0.006306039169430733,9.129568099975586,4.150135040283203,0.9992758631706238,662.1455688476562,0.0,0.0,0.06907592713832855,0.13287273049354553,0.0022452017292380333,0.006160324439406395,0.00014571473002433777,13,13,11,11,0,0,1,1
scan48,subset_middle,5,4,12,0.006231312174350023,9.357593536376953,3.9817614555358887,0.998889684677124,653.8756103515625,0.0,0.0,0.0696522518992424,0.13478870689868927,0.002128900494426489,0.006053423974663019,0.0001778881996870041,13,13,12,11,0,0,1,1
scan48,subset_middle,0,24,13,0.004698268603533506,4.991720199584961,3.1419618129730225,0.9999310374259949,679.8366088867188,0.0,0.0,0.06194141507148743,0.12132514268159866,0.004199376329779625,0.004983480088412762,-0.0002852114848792553,9,9,8,8,1,1,1,1
scan48,subset_middle,1,0,13,0.004890985321253538,7.003819465637207,3.200101613998413,0.999988317489624,647.9638671875,0.0,2.3612372875213623,0.06526224315166473,0.12797263264656067,0.0033050666097551584,0.005053607281297445,-0.00016262196004390717,11,11,11,11,1,1,1,1
scan48,subset_middle,2,1,13,0.00512335728853941,5.563769817352295,3.41898775100708,0.9999999403953552,657.375,0.0,2.215407133102417,0.06430377066135406,0.12574000656604767,0.002678889548406005,0.005413472652435303,-0.0002901153638958931,11,11,11,10,1,1,1,1
scan48,subset_middle,3,2,13,0.005037728231400251,4.4221649169921875,3.314030885696411,1.0,665.6712646484375,0.0,4.2804789543151855,0.06438569724559784,0.12588775157928467,0.0028042185585945845,0.004946899600327015,9.082863107323647e-05,14,13,13,11,0,1,1,1
scan48,subset_middle,4,3,13,0.006130722817033529,9.097660064697266,4.0439372062683105,0.9992210268974304,662.1405639648438,0.0,1.2127301692962646,0.06654719263315201,0.13027550280094147,0.003141955006867647,0.006160324439406395,-2.9601622372865677e-05,13,13,11,11,1,1,1,1
scan48,subset_middle,5,4,13,0.006078886799514294,9.349129676818848,3.888134479522705,0.9988391995429993,653.8709106445312,0.0,0.0,0.06684865802526474,0.1312219500541687,0.0028699710965156555,0.006053423974663019,2.546282485127449e-05,13,13,12,11,1,1,1,1
scan48,subset_middle,0,24,14,0.004688880406320095,4.994320392608643,3.1379995346069336,0.9999310374259949,679.8316650390625,0.0,0.0,0.06346350908279419,0.12160296738147736,0.0042000203393399715,0.004983480088412762,-0.0002945996820926666,9,9,8,8,1,1,1,1
scan48,subset_middle,1,0,14,0.004843350499868393,6.898865699768066,3.174022674560547,1.0,647.9580078125,0.0,0.0,0.0664268210530281,0.12732593715190887,0.0037757339887320995,0.005053607281297445,-0.00021025678142905235,11,11,11,11,1,1,1,1
scan48,subset_middle,2,1,14,0.00513600604608655,5.579086780548096,3.432346820831299,0.9999999403953552,657.3697509765625,0.0,0.0,0.06575021892786026,0.125852569937706,0.003573782043531537,0.005413472652435303,-0.000277466606348753,11,11,11,10,1,1,1,1
scan48,subset_middle,3,2,14,0.0049562351778149605,4.377861022949219,3.265022039413452,1.0,665.6660766601562,0.0,0.0,0.06578177213668823,0.12589746713638306,0.003699352964758873,0.004946899600327015,9.335577487945557e-06,14,13,13,11,1,1,1,1
scan48,subset_middle,4,3,14,0.006076567806303501,9.168102264404297,4.015979290008545,0.9991332292556763,662.1356201171875,0.0,2.0062308311462402,0.06714306026697159,0.12906448543071747,0.0038448781706392765,0.006160324439406395,-8.375663310289383e-05,13,13,11,11,1,1,1,1
scan48,subset_middle,5,4,14,0.006010825280100107,9.390575408935547,3.847233772277832,0.9988013505935669,653.8662719726562,0.0,4.231053352355957,0.06762257218360901,0.1298777461051941,0.004065108485519886,0.006053423974663019,-4.259869456291199e-05,13,13,12,11,1,1,1,1
scan48,subset_middle,0,24,15,0.004812486935406923,5.072443008422852,3.2227537631988525,0.9999310374259949,679.8265991210938,0.0,0.0,0.06559530645608902,0.1252087503671646,0.00441359868273139,0.004983480088412762,-0.0001709931530058384,9,9,8,8,1,1,1,1
scan48,subset_middle,1,0,15,0.004897426813840866,6.838088035583496,3.215466022491455,0.999976634979248,647.9520874023438,0.0,0.0,0.06808120012283325,0.1302138864994049,0.0028252836782485247,0.005053607281297445,-0.0001561804674565792,11,11,11,11,1,1,1,1
scan48,subset_middle,2,1,15,0.005255741532891989,5.66887903213501,3.5164737701416016,0.9999999403953552,657.3646850585938,0.0,3.02154803276062,0.06767911463975906,0.12920290231704712,0.003027337836101651,0.005413472652435303,-0.00015773111954331398,11,11,11,10,1,1,1,1
scan48,subset_middle,3,2,15,0.004926006775349379,4.3907551765441895,3.251793146133423,1.0,665.6607055664062,0.0,0.0,0.06769642233848572,0.12925070524215698,0.0032831025309860706,0.004946899600327015,-2.0892824977636337e-05,14,13,13,11,1,1,1,1
scan48,subset_middle,4,3,15,0.006079183425754309,9.2158203125,4.029921531677246,0.9991441965103149,662.1307983398438,0.0,0.0,0.06850928068161011,0.13120736181735992,0.0032188394106924534,0.006160324439406395,-8.114101365208626e-05,13,13,11,11,1,1,1,1
scan48,subset_middle,5,4,15,0.006023423746228218,9.376742362976074,3.8613216876983643,0.9988265633583069,653.8618774414062,0.0,0.0,0.06880608946084976,0.13198192417621613,0.0031381482258439064,0.006053423974663019,-3.00002284348011e-05,13,13,12,11,1,1,1,1
scan48,subset_middle,0,24,16,0.004983480088412762,5.186372756958008,3.3375096321105957,0.9999310374259949,679.8217163085938,0.0,0.0,0.06770537793636322,0.12907947599887848,0.005218833219259977,0.004983480088412762,0.0,9,9,8,8,1,1,1,1
scan48,subset_middle,1,0,16,0.005053607281297445,6.8126983642578125,3.3199448585510254,0.999976634979248,647.9469604492188,0.0,0.0,0.06933742761611938,0.13288907706737518,0.002843159716576338,0.005053607281297445,0.0,11,11,11,11,1,1,1,1
scan48,subset_middle,2,1,16,0.005413472652435303,5.757596492767334,3.6216554641723633,0.9999999403953552,657.3595581054688,0.0,0.0,0.06932464987039566,0.1324947625398636,0.0030778120271861553,0.005413472652435303,0.0,11,11,11,10,1,1,1,1
scan48,subset_middle,3,2,16,0.004946899600327015,4.4125237464904785,3.270585536956787,1.0,665.6554565429688,0.0,0.0,0.06909692287445068,0.13227759301662445,0.0029904514085501432,0.004946899600327015,0.0,14,13,13,11,1,1,1,1
scan48,subset_middle,4,3,16,0.006160324439406395,9.277724266052246,4.091517448425293,0.9991990923881531,662.126220703125,0.0,0.0,0.06928358227014542,0.13317471742630005,0.0026946228463202715,0.006160324439406395,0.0,13,13,11,11,1,1,1,1
scan48,subset_middle,5,4,16,0.006053423974663019,9.278873443603516,3.889237642288208,0.9989275336265564,653.857421875,0.0,3.211564064025879,0.06960060447454453,0.13379821181297302,0.002854248508810997,0.006053423974663019,0.0,13,13,12,11,1,1,1,1
scan48,subset_uniform,0,0,8,0.014941579662263393,13.760833740234375,9.800471305847168,0.9996141195297241,648.0421142578125,0.12508152425289154,0.0,0.07393135875463486,0.1444818675518036,0.0,0.004692209884524345,0.010249369777739048,16,15,15,14,0,0,0,0
scan48,subset_uniform,1,8,8,0.008516825735569,7.890552043914795,5.778309345245361,0.9998371601104736,673.6090698242188,0.0,0.0,0.07465190440416336,0.1494244784116745,0.0,0.0039096553809940815,0.004607170354574919,15,14,13,12,0,0,0,0
scan48,subset_uniform,2,16,8,0.007332348730415106,7.644290924072266,4.990734100341797,0.9997231364250183,679.1358642578125,0.0,3.8844361305236816,0.080693319439888,0.15990988910198212,0.0,0.003499177284538746,0.00383317144587636,15,14,14,12,0,0,0,0
scan48,subset_uniform,3,24,8,0.005933197680860758,6.1032843589782715,3.9979848861694336,0.9999310374259949,679.8330688476562,0.12508152425289154,0.0,0.07953071594238281,0.1599004715681076,0.0,0.003605422331020236,0.002327775349840522,13,13,12,12,0,0,0,0
scan48,subset_uniform,4,32,8,0.005487011279910803,4.957869529724121,3.6399824619293213,1.0,680.007080078125,0.0,0.0,0.08101005852222443,0.1627582311630249,0.0,0.004141601268202066,0.0013454100117087364,13,13,12,11,0,0,0,0
scan48,subset_uniform,5,40,8,0.013830415904521942,24.42473793029785,8.627443313598633,0.995522677898407,683.001953125,0.0,0.0,0.09204690903425217,0.18755102157592773,0.0,0.006795067805796862,0.0070353480987250805,15,15,13,12,0,0,0,0
scan48,subset_uniform,0,0,9,0.011041400022804737,11.347333908081055,7.2764153480529785,0.9996609091758728,648.033935546875,0.0,0.0,0.06897968053817749,0.13406741619110107,0.0062740943394601345,0.004692209884524345,0.006349190138280392,16,15,15,14,0,0,0,0
scan48,subset_uniform,1,8,9,0.007288949564099312,6.8866987228393555,4.938258647918701,0.999796450138092,673.6040649414062,0.0,0.0,0.06990019977092743,0.13695557415485382,0.003231351263821125,0.0039096553809940815,0.0033792941831052303,15,14,13,12,0,0,0,0
scan48,subset_uniform,2,16,9,0.006129326764494181,6.900986671447754,4.170611381530762,0.9997231364250183,679.1305541992188,0.0,0.0,0.07516718655824661,0.14551016688346863,0.006113698240369558,0.003499177284538746,0.002630149479955435,15,14,14,12,0,0,0,0
scan48,subset_uniform,3,24,9,0.0052046822383999825,5.566070079803467,3.516554117202759,0.9999310374259949,679.826904296875,0.0,3.6737043857574463,0.07364273071289062,0.14503039419651031,0.009860354475677013,0.003605422331020236,0.0015992599073797464,13,13,12,12,0,0,0,0
scan48,subset_uniform,4,32,9,0.004883456509560347,4.51248836517334,3.2415366172790527,1.0,679.9996948242188,0.0,3.5972249507904053,0.07490004599094391,0.1477007418870926,0.017768336459994316,0.004141601268202066,0.0007418552413582802,13,13,12,11,0,0,0,0
scan48,subset_uniform,5,40,9,0.01074883434921503,23.300363540649414,6.872756004333496,0.995522677898407,682.99462890625,0.0,0.0,0.08310903608798981,0.1649640053510666,0.011715688742697239,0.006795067805796862,0.003953766543418169,15,15,13,12,0,0,0,0
scan48,subset_uniform,0,0,10,0.008431999012827873,9.930824279785156,5.557272434234619,0.9995673298835754,648.0283203125,0.0,0.0,0.06463538110256195,0.12737210094928741,0.007408734876662493,0.004692209884524345,0.003739789128303528,16,15,15,14,0,0,0,0
scan48,subset_uniform,1,8,10,0.005922599695622921,6.026395797729492,3.9979848861694336,0.9997862577438354,673.6015014648438,0.0,0.0,0.06664595752954483,0.1305631846189499,0.004636291414499283,0.0039096553809940815,0.0020129443146288395,15,14,13,12,0,0,0,0
scan48,subset_uniform,2,16,10,0.005012619774788618,6.290489196777344,3.405590534210205,0.9997231364250183,679.1279296875,0.0,0.0,0.07053277641534805,0.13742464780807495,0.006789250299334526,0.003499177284538746,0.0015134424902498722,15,14,14,12,0,0,0,0
scan48,subset_uniform,3,24,10,0.004593845922499895,5.129469394683838,3.1072258949279785,0.9999310374259949,679.8237915039062,0.0,3.496368408203125,0.06984478235244751,0.13687078654766083,0.009961326606571674,0.003605422331020236,0.000988423591479659,13,13,12,12,0,0,0,0
scan48,subset_uniform,4,32,10,0.004622765816748142,4.325818061828613,3.082811117172241,1.0,679.9955444335938,0.0,0.0,0.07100227475166321,0.13941018283367157,0.01839018613100052,0.004141601268202066,0.0004811645485460758,13,13,12,11,0,0,0,0
scan48,subset_uniform,5,40,10,0.008944325149059296,22.710954666137695,5.863287925720215,0.995522677898407,682.992431640625,0.0,0.0,0.07759417593479156,0.15218070149421692,0.008029064163565636,0.006795067805796862,0.002149257343262434,15,15,13,12,0,0,0,0
scan48,subset_uniform,0,0,11,0.006787434220314026,8.923789978027344,4.452286720275879,0.9996258020401001,648.0230102539062,0.0,0.0,0.061061132699251175,0.1206878200173378,0.004388557747006416,0.004692209884524345,0.0020952243357896805,16,15,15,14,0,0,0,0
scan48,subset_uniform,1,8,11,0.004779113456606865,5.415878772735596,3.2154033184051514,0.9997557401657104,673.598388671875,0.0,3.8299121856689453,0.06394793838262558,0.1254270374774933,0.003695249557495117,0.0039096553809940815,0.0008694580756127834,15,14,13,12,0,0,0,0
scan48,subset_uniform,2,16,11,0.004191565793007612,5.798128128051758,2.840883255004883,0.9997231364250183,679.1246948242188,0.0,0.0,0.06698910892009735,0.13086819648742676,0.004845830611884594,0.003499177284538746,0.0006923885084688663,15,14,14,12,0,0,0,0
scan48,subset_uniform,3,24,11,0.004035744816064835,4.758738040924072,2.726346492767334,0.9999310374259949,679.8204956054688,0.0,3.8336427211761475,0.0671759769320488,0.13144919276237488,0.007350467145442963,0.003605422331020236,0.0004303224850445986,13,13,12,12,0,0,0,0
scan48,subset_uniform,4,32,11,0.004472135566174984,4.167407512664795,2.983713150024414,1.0,679.9920043945312,0.0,0.5166201591491699,0.06799350678920746,0.1333720088005066,0.014297621324658394,0.004141601268202066,0.00033053429797291756,13,13,12,11,0,0,0,1
scan48,subset_uniform,5,40,11,0.007616900838911533,22.342323303222656,5.105619430541992,0.995522677898407,682.9884033203125,0.0,0.0,0.07295688986778259,0.14364401996135712,0.006640832871198654,0.006795067805796862,0.0008218330331146717,15,15,13,12,0,0,0,0
scan48,subset_uniform,0,0,12,0.005813765339553356,8.428864479064941,3.8121564388275146,0.9996725916862488,648.0177612304688,0.0,0.0,0.06107053533196449,0.11785778403282166,0.003144641872495413,0.004692209884524345,0.0011215554550290108,16,15,15,14,0,0,0,0
scan48,subset_uniform,1,8,12,0.004233413841575384,5.125327110290527,2.84938907623291,0.9997455477714539,673.5946044921875,0.0,0.0,0.06394156813621521,0.12335497885942459,0.002548942109569907,0.0039096553809940815,0.00032375846058130264,15,14,13,12,0,0,0,1
scan48,subset_uniform,2,16,12,0.0038397556636482477,5.602512836456299,2.6018283367156982,0.9997231364250183,679.1210327148438,0.0,2.743809700012207,0.06615027040243149,0.1275709718465805,0.0033970847725868225,0.003499177284538746,0.00034057837910950184,15,14,14,12,0,0,0,1
scan48,subset_uniform,3,24,12,0.003722074441611767,4.560540199279785,2.5127580165863037,0.9999310374259949,679.8165283203125,0.0,0.0,0.06672287732362747,0.12901471555233002,0.006579824723303318,0.003605422331020236,0.0001166521105915308,13,13,12,12,0,0,1,1
scan48,subset_uniform,4,32,12,0.004280693829059601,4.04829216003418,2.854640483856201,1.0,679.9879150390625,0.0,3.2691423892974854,0.06729826331138611,0.13044770061969757,0.014692348428070545,0.004141601268202066,0.0001390925608575344,13,13,12,11,0,0,1,1
scan48,subset_uniform,5,40,12,0.007166704162955284,22.210159301757812,4.848996639251709,0.995522677898407,682.9847412109375,0.0,3.4752490520477295,0.0707460418343544,0.13801036775112152,0.005075112916529179,0.006795067805796862,0.00037163635715842247,15,15,13,12,0,0,0,1
scan48,subset_uniform,0,0,13,0.005358803551644087,8.329471588134766,3.519078016281128,0.9996374845504761,648.011474609375,0.0,0.0,0.060027338564395905,0.1173991933465004,0.0030947562772780657,0.004692209884524345,0.0006665936671197414,16,15,15,14,0,0,0,0
scan48,subset_uniform,1,8,13,0.004058477468788624,5.159555912017822,2.7374165058135986,0.9996947050094604,673.5894165039062,0.0,0.0,0.06263850629329681,0.12240787595510483,0.0030396184884011745,0.0039096553809940815,0.0001488220877945423,15,14,13,12,0,0,1,1
scan48,subset_uniform,2,16,13,0.003697984153404832,5.544747352600098,2.5098254680633545,0.9997231364250183,679.11572265625,0.0,1.0984268188476562,0.06417619436979294,0.12550842761993408,0.004102418199181557,0.003499177284538746,0.000198806868866086,15,14,14,12,0,0,0,1
scan48,subset_uniform,3,24,13,0.0035802789498120546,4.502568244934082,2.4168381690979004,0.9999310374259949,679.8113403320312,0.0,0.0,0.06509517133235931,0.12729234993457794,0.00651483004912734,0.003605422331020236,-2.514338120818138e-05,13,13,12,12,1,1,1,1
scan48,subset_uniform,4,32,13,0.004149272572249174,3.9924798011779785,2.767611503601074,1.0,679.9827270507812,0.0,3.959184169769287,0.06575276702642441,0.1285867542028427,0.013064178638160229,0.004141601268202066,7.671304047107697e-06,13,13,12,11,1,1,1,1
scan48,subset_uniform,5,40,13,0.007047619670629501,22.148767471313477,4.788671493530273,0.995522677898407,682.9783935546875,0.0,0.0,0.06777511537075043,0.13365709781646729,0.004413490183651447,0.006795067805796862,0.0002525518648326397,15,15,13,12,0,0,1,1
scan48,subset_uniform,0,0,14,0.0049816095270216465,8.23207950592041,3.2761459350585938,0.9996492266654968,648.0047607421875,0.0,0.0,0.061684053391218185,0.11802200973033905,0.003537299344316125,0.004692209884524345,0.0002893996424973011,16,15,15,14,0,0,0,1
scan48,subset_uniform,1,8,14,0.003953853622078896,5.341579437255859,2.6705923080444336,0.9996845126152039,673.5838012695312,0.0,0.0,0.06407501548528671,0.12262742221355438,0.003972131293267012,0.0039096553809940815,4.419824108481407e-05,15,14,13,12,0,1,1,1
scan48,subset_uniform,2,16,14,0.003568759886547923,5.479578971862793,2.423020362854004,0.9997231364250183,679.1100463867188,0.0,2.0048646926879883,0.06529827415943146,0.12500561773777008,0.004911333788186312,0.003499177284538746,6.958260200917721e-05,15,14,14,12,0,1,1,1
scan48,subset_uniform,3,24,14,0.0034962263889610767,4.468900680541992,2.3594155311584473,0.9999310374259949,679.8059692382812,0.0,0.0,0.06619326770305634,0.12687286734580994,0.00820500310510397,0.003605422331020236,-0.00010919594205915928,13,13,12,12,1,1,1,1
scan48,subset_uniform,4,32,14,0.0041068363934755325,3.9845118522644043,2.737837553024292,1.0,679.9775390625,0.0,3.597986936569214,0.06672991812229156,0.1280418187379837,0.012601397931575775,0.004141601268202066,-3.476487472653389e-05,13,13,12,11,1,1,1,1
scan48,subset_uniform,5,40,14,0.006971240974962711,22.103862762451172,4.744810581207275,0.995522677898407,682.97216796875,0.0,0.0,0.06757406890392303,0.1306828111410141,0.0040803588926792145,0.006795067805796862,0.00017617316916584969,15,15,13,12,0,0,1,1
scan48,subset_uniform,0,0,15,0.004751957021653652,8.1300687789917,3.1263487339019775,0.9996609091758728,647.9979248046875,0.0,0.0,0.06424268335103989,0.12221606075763702,0.003204589243978262,0.004692209884524345,5.974713712930679e-05,16,15,15,14,0,1,1,1
scan48,subset_uniform,1,8,15,0.0039046660531312227,5.29708194732666,2.6406683921813965,0.9996641278266907,673.577880859375,0.0,0.0,0.0666213408112526,0.12667129933834076,0.004079481586813927,0.0039096553809940815,-4.989327862858772e-06,15,14,13,12,1,1,1,1
scan48,subset_uniform,2,16,15,0.0035194274969398975,5.4596734046936035,2.3887743949890137,0.9997231364250183,679.1043701171875,0.0,0.0,0.06740370392799377,0.12848691642284393,0.004728889558464289,0.003499177284538746,2.0250212401151657e-05,15,14,14,12,1,1,1,1
scan48,subset_uniform,3,24,15,0.0035193711519241333,4.497230052947998,2.3749051094055176,0.9999310374259949,679.8004150390625,0.0,0.0,0.06833832710981369,0.13030344247817993,0.00941559299826622,0.003605422331020236,-8.605117909610271e-05,13,13,12,12,1,1,1,1
scan48,subset_uniform,4,32,15,0.004147846717387438,4.029869079589844,2.763446569442749,1.0,679.971923828125,0.0,0.0,0.06858751177787781,0.13108961284160614,0.011103939265012741,0.004141601268202066,6.245449185371399e-06,13,13,12,11,1,1,1,1
scan48,subset_uniform,5,40,15,0.006818587426096201,22.048526763916016,4.660240173339844,0.995522677898407,682.9662475585938,0.0,0.0,0.06877513229846954,0.13198336958885193,0.004171297885477543,0.006795067805796862,2.3519620299339294e-05,15,15,13,12,1,1,1,1
scan48,subset_uniform,0,0,16,0.004692209884524345,8.195677757263184,3.0886049270629883,0.999824583530426,647.9913940429688,0.0,0.0,0.0667310506105423,0.1268858015537262,0.0031688285525888205,0.004692209884524345,0.0,16,15,15,14,1,1,1,1
scan48,subset_uniform,1,8,16,0.0039096553809940815,5.212607383728027,2.646942377090454,0.9997150301933289,673.5716552734375,0.0,0.0,0.06845469027757645,0.13071408867835999,0.0039201341569423676,0.0039096553809940815,0.0,15,14,13,12,1,1,1,1
scan48,subset_uniform,2,16,16,0.003499177284538746,5.4439778327941895,2.3735694885253906,0.9997231364250183,679.0982055664062,0.0,0.0,0.06881837546825409,0.13176369667053223,0.004135157447308302,0.003499177284538746,0.0,15,14,14,12,1,1,1,1
scan48,subset_uniform,3,24,16,0.003605422331020236,4.552785396575928,2.4326884746551514,0.9999310374259949,679.7943115234375,0.0,0.0,0.06946959346532822,0.13327687978744507,0.009011701680719852,0.003605422331020236,0.0,13,13,12,12,1,1,1,1
scan48,subset_uniform,4,32,16,0.004141601268202066,4.034265041351318,2.758225679397583,1.0,679.9656982421875,0.0,3.21186900138855,0.06947287172079086,0.13352102041244507,0.009876514784991741,0.004141601268202066,0.0,13,13,12,11,1,1,1,1
scan48,subset_uniform,5,40,16,0.006795067805796862,22.016935348510742,4.643002033233643,0.995522677898407,682.9599609375,0.0,1.9275246858596802,0.06908614188432693,0.1333005577325821,0.004882249981164932,0.006795067805796862,0.0,15,15,13,12,1,1,1,1
scan62,subset_middle,0,24,8,0.011670040898025036,11.011258125305176,8.155904769897461,1.0,661.0181274414062,0.0,0.0,0.06966250389814377,0.1424858272075653,0.0,0.004459275398403406,0.00721076549962163,13,12,12,12,0,0,0,0
scan62,subset_middle,1,0,8,0.010341418907046318,9.01282024383545,6.722607135772705,0.9999999403953552,638.2494506835938,0.0,0.0,0.07661882042884827,0.153677836060524,0.0,0.004255292005836964,0.006086126901209354,13,13,12,12,0,0,0,0
scan62,subset_middle,2,1,8,0.012411488220095634,10.71391487121582,8.235758781433105,1.0,644.2764282226562,0.0,0.0,0.07387392967939377,0.1487792581319809,0.0,0.004756789188832045,0.00765469903126359,12,12,12,12,0,0,0,0
scan62,subset_middle,3,2,8,0.015387756749987602,12.93986701965332,10.086376190185547,0.9999197721481323,646.1373901367188,0.0,0.0,0.07847773283720016,0.15622399747371674,0.0,0.0046862163580954075,0.010701540391892195,13,13,12,12,0,0,0,0
scan62,subset_middle,4,3,8,0.02115665003657341,18.41312026977539,14.031282424926758,0.9983757138252258,643.3890380859375,0.0,0.0,0.08440173417329788,0.16891442239284515,0.0,0.0046423315070569515,0.01651431852951646,15,15,14,14,0,0,0,0
scan62,subset_middle,5,4,8,0.026137076318264008,25.15506935119629,16.999584197998047,0.9919432401657104,641.91796875,0.0,0.0,0.09158128499984741,0.1819409430027008,0.0,0.006706437095999718,0.01943063922226429,15,15,14,14,0,0,0,0
scan62,subset_middle,0,24,9,0.009201453067362309,9.038881301879883,6.419918537139893,1.0,661.010498046875,0.0,0.0,0.06506955623626709,0.12866584956645966,0.010722078382968903,0.004459275398403406,0.004742177668958902,13,12,12,12,0,0,0,0
scan62,subset_middle,1,0,9,0.007764667738229036,7.33529806137085,5.051092147827148,0.9999999403953552,638.2401123046875,0.0,1.4387186765670776,0.07122203707695007,0.13921527564525604,0.00847694743424654,0.004255292005836964,0.0035093757323920727,13,13,12,12,0,0,0,0
scan62,subset_middle,2,1,9,0.009424944408237934,8.674903869628906,6.240804672241211,1.0,644.268310546875,0.0,2.19187068939209,0.06938701868057251,0.13569201529026031,0.007298214361071587,0.004756789188832045,0.0046681552194058895,12,12,12,12,0,0,0,0
scan62,subset_middle,3,2,9,0.011604704894125462,10.343108177185059,7.614105224609375,1.0,646.130615234375,0.0,4.4585652351379395,0.07325172424316406,0.14264068007469177,0.006706505548208952,0.0046862163580954075,0.006918488536030054,13,13,12,12,0,0,0,0
scan62,subset_middle,4,3,9,0.015609859488904476,14.697661399841309,10.32707691192627,0.9983757138252258,643.3809814453125,0.0,0.0,0.0781494528055191,0.15136563777923584,0.007090412080287933,0.0046423315070569515,0.010967527981847525,15,15,14,14,0,0,0,0
scan62,subset_middle,5,4,9,0.019754445180296898,21.186677932739258,12.808194160461426,0.9927489161491394,641.909912109375,0.0,2.761232852935791,0.08331679552793503,0.16244082152843475,0.010277785360813141,0.006706437095999718,0.01304800808429718,15,15,14,14,0,0,0,0
scan62,subset_middle,0,24,10,0.0067425137385725975,7.404570579528809,4.706351280212402,1.0,661.0067749023438,0.0,0.0,0.0615527369081974,0.12108492106199265,0.009627791121602058,0.004459275398403406,0.0022832383401691914,13,12,12,12,0,0,0,0
scan62,subset_middle,1,0,10,0.005754606332629919,6.233185291290283,3.7592616081237793,0.9999999403953552,638.235595703125,0.0,0.0,0.06696174293756485,0.13092496991157532,0.006324293557554483,0.004255292005836964,0.0014993143267929554,13,13,12,12,0,0,0,0
scan62,subset_middle,2,1,10,0.0068592652678489685,7.3094987869262695,4.568648338317871,1.0,644.2640380859375,0.0,1.9636367559432983,0.06550496816635132,0.12825244665145874,0.005232900381088257,0.004756789188832045,0.002102476079016924,12,12,12,12,0,0,0,0
scan62,subset_middle,3,2,10,0.007948382757604122,8.408259391784668,5.259562015533447,1.0,646.1265258789062,0.0,0.8346253037452698,0.06818894296884537,0.13351890444755554,0.004760775715112686,0.0046862163580954075,0.0032621663995087147,13,13,12,12,0,0,0,0
scan62,subset_middle,4,3,10,0.010663023218512535,11.876749992370605,7.022487640380859,0.9983757138252258,643.3767700195312,0.0,2.1885643005371094,0.07182255387306213,0.1406843066215515,0.0053610545583069324,0.0046423315070569515,0.006020691711455584,15,15,14,14,0,0,0,0
scan62,subset_middle,5,4,10,0.013857909478247166,18.167512893676758,8.909223556518555,0.9935545921325684,641.9058227539062,0.0,3.3257837295532227,0.07713498920202255,0.1503686159849167,0.008098662830889225,0.006706437095999718,0.007151472382247448,15,15,14,14,0,0,0,0
scan62,subset_middle,0,24,11,0.0051410142332315445,6.530117511749268,3.5959112644195557,1.0,661.0045166015625,0.0,0.0,0.0597342774271965,0.11705680191516876,0.00740206940099597,0.004459275398403406,0.0006817388348281384,13,12,12,12,0,0,0,0
scan62,subset_middle,1,0,11,0.004696152172982693,5.755399227142334,3.0861191749572754,0.9999999403953552,638.233154296875,0.0,2.7654831409454346,0.06447936594486237,0.12587116658687592,0.004942243453115225,0.004255292005836964,0.00044086016714572906,13,13,12,12,0,0,0,0
scan62,subset_middle,2,1,11,0.00530784297734499,6.602444648742676,3.5604212284088135,1.0,644.2620849609375,0.0,0.0,0.06331149488687515,0.12359222769737244,0.00391456438228488,0.004756789188832045,0.0005510537885129452,12,12,12,12,0,0,0,0
scan62,subset_middle,3,2,11,0.00571699533611536,7.444428443908691,3.8189432621002197,1.0,646.12451171875,0.0,3.6205005645751953,0.06510594487190247,0.12740348279476166,0.003665271680802107,0.0046862163580954075,0.0010307789780199528,13,13,12,12,0,0,0,0
scan62,subset_middle,4,3,11,0.007608613930642605,10.532259941101074,4.996330738067627,0.9983757138252258,643.3743286132812,0.0,0.0,0.06786736100912094,0.13307541608810425,0.003467816859483719,0.0046423315070569515,0.0029662824235856533,15,15,14,14,0,0,0,0
scan62,subset_middle,5,4,11,0.010450019501149654,16.848825454711914,6.671026706695557,0.9942834973335266,641.9037475585938,0.0,0.0,0.07135086506605148,0.14056310057640076,0.0036994328256696463,0.006706437095999718,0.0037435824051499367,15,15,14,14,0,0,0,0
scan62,subset_middle,0,24,12,0.004538560751825571,6.211946964263916,3.176910400390625,1.0,661.0027465820312,0.0,0.0,0.06026403233408928,0.11620622128248215,0.005359326489269733,0.004459275398403406,7.928535342216492e-05,13,12,12,12,0,1,1,1
scan62,subset_middle,1,0,12,0.004346142988651991,5.604513168334961,2.867767572402954,0.9999999403953552,638.2315063476562,0.0,3.3531622886657715,0.06454890966415405,0.12412696331739426,0.003963795956224203,0.004255292005836964,9.085098281502724e-05,13,13,12,12,0,0,1,1
scan62,subset_middle,2,1,12,0.004741348791867495,6.372262477874756,3.199549436569214,1.0,644.2608032226562,0.0,2.9400477409362793,0.06367139518260956,0.12242584675550461,0.00287115341052413,0.004756789188832045,-1.544039696455002e-05,12,12,12,12,1,1,1,1
scan62,subset_middle,3,2,12,0.004826670046895742,7.160451889038086,3.2505900859832764,1.0,646.1234130859375,0.0,0.0,0.06525412946939468,0.12524564564228058,0.003059006528928876,0.0046862163580954075,0.00014045368880033493,13,13,12,12,0,0,1,1
scan62,subset_middle,4,3,12,0.0061477371491491795,10.025741577148438,4.049306869506836,0.9983757138252258,643.3733520507812,0.0,0.0,0.06712492555379868,0.1292671114206314,0.0027552368119359016,0.0046423315070569515,0.001505405642092228,15,15,14,14,0,0,0,0
scan62,subset_middle,5,4,12,0.008750607259571552,16.294668197631836,5.578033447265625,0.9945648908615112,641.9026489257812,0.0,2.233268976211548,0.06943482160568237,0.13453330099582672,0.0025005789939314127,0.006706437095999718,0.0020441701635718346,15,15,14,14,0,0,0,0
scan62,subset_middle,0,24,13,0.004427060950547457,6.1497063636779785,3.097360372543335,1.0,660.998779296875,0.0,0.0,0.059021271765232086,0.11565877497196198,0.0038797149900346994,0.004459275398403406,-3.22144478559494e-05,13,12,12,12,1,1,1,1
scan62,subset_middle,1,0,13,0.004241537302732468,5.565702438354492,2.8027400970458984,0.9999999403953552,638.2275390625,0.0,2.470529794692993,0.0629807859659195,0.12306123226881027,0.002206440782174468,0.004255292005836964,-1.3754703104496002e-05,13,13,12,12,1,1,1,1
scan62,subset_middle,2,1,13,0.004692412912845612,6.3991618156433105,3.17533016204834,1.0,644.2570190429688,0.0,2.598043918609619,0.06213958188891411,0.12157055735588074,0.0017909525195136666,0.004756789188832045,-6.437627598643303e-05,12,12,12,12,1,1,1,1
scan62,subset_middle,3,2,13,0.004613169468939304,7.1350250244140625,3.123636484146118,1.0,646.119384765625,0.0,0.0,0.06320781260728836,0.12384998798370361,0.0017748145619407296,0.0046862163580954075,-7.304688915610313e-05,13,13,12,12,1,1,1,1
scan62,subset_middle,4,3,13,0.005279195494949818,9.764798164367676,3.4946842193603516,0.9983757138252258,643.370361328125,0.0,0.0,0.06466896086931229,0.12684649229049683,0.0018392152851447463,0.0046423315070569515,0.0006368639878928661,15,15,14,14,0,0,0,0
scan62,subset_middle,5,4,13,0.007676470093429089,15.933146476745605,4.908095836639404,0.9947055578231812,641.89990234375,0.0,2.7158443927764893,0.06628142297267914,0.13040705025196075,0.0018938251305371523,0.006706437095999718,0.0009700329974293709,15,15,14,14,0,0,0,0
scan62,subset_middle,0,24,14,0.004444533493369818,6.177742004394531,3.108516216278076,1.0,660.9940185546875,0.0,0.0,0.0608256459236145,0.11640211194753647,0.004469859879463911,0.004459275398403406,-1.474190503358841e-05,13,12,12,12,1,1,1,1
scan62,subset_middle,1,0,14,0.004232300445437431,5.568183422088623,2.7996628284454346,0.9999999403953552,638.2236328125,0.0,0.0,0.06448347121477127,0.12346184253692627,0.0020032990723848343,0.004255292005836964,-2.2991560399532318e-05,13,13,12,12,1,1,1,1
scan62,subset_middle,2,1,14,0.004718962125480175,6.474400997161865,3.1976535320281982,1.0,644.2525634765625,0.0,0.0,0.06378139555454254,0.122038833796978,0.0027311090379953384,0.004756789188832045,-3.782706335186958e-05,12,12,12,12,1,1,1,1
scan62,subset_middle,3,2,14,0.004612105432897806,7.164741516113281,3.1313929557800293,1.0,646.1152954101562,0.0,2.298569440841675,0.06440654397010803,0.12354565411806107,0.0019568379502743483,0.0046862163580954075,-7.411092519760132e-05,13,13,12,12,1,1,1,1
scan62,subset_middle,4,3,14,0.004814554937183857,9.654494285583496,3.2038469314575195,0.9983757138252258,643.3671264648438,0.0,0.0,0.06553861498832703,0.12596197426319122,0.0026585322339087725,0.0046423315070569515,0.00017222343012690544,15,15,14,14,0,0,1,1
scan62,subset_middle,5,4,14,0.006992751732468605,15.698140144348145,4.484233856201172,0.9947950839996338,641.8974609375,0.0,3.6050546169281006,0.06644522398710251,0.12819595634937286,0.002034664386883378,0.006706437095999718,0.00028631463646888733,15,15,14,14,0,0,1,1
scan62,subset_middle,0,24,15,0.0044511351734399796,6.213366985321045,3.113238573074341,1.0,660.989501953125,0.0,0.0,0.063420869410038,0.12070133537054062,0.004279610235244036,0.004459275398403406,-8.14022496342659e-06,13,12,12,12,1,1,1,1
scan62,subset_middle,1,0,15,0.004248101729899645,5.5749616622924805,2.8105852603912354,0.9999999403953552,638.2200927734375,0.0,0.0,0.06669089943170547,0.1271360218524933,0.001746445894241333,0.004255292005836964,-7.190275937318802e-06,13,13,12,12,1,1,1,1
scan62,subset_middle,2,1,15,0.004748558159917593,6.513052463531494,3.2213327884674072,1.0,644.248779296875,0.0,3.3977081775665283,0.0661977156996727,0.12600581347942352,0.0024626743979752064,0.004756789188832045,-8.231028914451599e-06,12,12,12,12,1,1,1,1
scan62,subset_middle,3,2,15,0.004650305490940809,7.159337043762207,3.1609184741973877,1.0,646.1117553710938,0.0,3.230466842651367,0.06653289496898651,0.1268858015537262,0.0017266646027565002,0.0046862163580954075,-3.5910867154598236e-05,13,13,12,12,1,1,1,1
scan62,subset_middle,4,3,15,0.004676647484302521,9.649788856506348,3.123081922531128,0.9983757138252258,643.364501953125,0.0,3.009798765182495,0.06753958761692047,0.1288529336452484,0.0021948744542896748,0.0046423315070569515,3.431597724556923e-05,15,15,14,14,1,1,1,1
scan62,subset_middle,5,4,15,0.006707430817186832,15.571150779724121,4.308187961578369,0.9950891733169556,641.8956298828125,0.0,0.0,0.06784530729055405,0.12996609508991241,0.001754862256348133,0.006706437095999718,9.937211871147156e-07,15,15,14,14,1,1,1,1
scan62,subset_middle,0,24,16,0.004459275398403406,6.2521281242370605,3.119241237640381,1.0,660.9855346679688,0.0,0.0,0.06545023620128632,0.12497758120298386,0.004082465544342995,0.004459275398403406,0.0,13,12,12,12,1,1,1,1
scan62,subset_middle,1,0,16,0.004255292005836964,5.5304694175720215,2.8138575553894043,0.9999999403953552,638.2169799804688,0.0,3.189359426498413,0.06793828308582306,0.13032443821430206,0.0017952125053852797,0.004255292005836964,0.0,13,13,12,12,1,1,1,1
scan62,subset_middle,2,1,16,0.004756789188832045,6.553004264831543,3.2297203540802,1.0,644.2449951171875,0.0,0.0,0.06758467108011246,0.1295432597398758,0.0025340423453599215,0.004756789188832045,0.0,12,12,12,12,1,1,1,1
scan62,subset_middle,3,2,16,0.0046862163580954075,7.154677867889404,3.187204122543335,1.0,646.1082763671875,0.0,0.0,0.06765056401491165,0.12989452481269836,0.0018360265530645847,0.0046862163580954075,0.0,13,13,12,12,1,1,1,1
scan62,subset_middle,4,3,16,0.0046423315070569515,9.658623695373535,3.104762554168701,0.9983505606651306,643.3617553710938,0.0,1.3808351755142212,0.06803174316883087,0.1311512142419815,0.0024217821191996336,0.0046423315070569515,0.0,15,15,14,14,1,1,1,1
scan62,subset_middle,5,4,16,0.006706437095999718,15.55815601348877,4.308899879455566,0.9952426552772522,641.8934936523438,0.0,2.1879382133483887,0.06803253293037415,0.13139057159423828,0.0017872941680252552,0.006706437095999718,0.0,15,15,14,14,1,1,1,1
scan62,subset_uniform,0,0,8,0.011418528854846954,10.756091117858887,7.464445114135742,0.9999999403953552,638.3229370117188,0.12508152425289154,0.0,0.07725346088409424,0.15608860552310944,0.0,0.004451945889741182,0.006966582965105772,16,15,14,13,0,0,0,0
scan62,subset_uniform,1,8,8,0.014564300887286663,11.68655776977539,9.7271728515625,1.0,650.6522216796875,0.0,0.0,0.080245740711689,0.16351492702960968,0.0,0.004145204089581966,0.010419096797704697,15,14,14,13,0,0,0,0
scan62,subset_uniform,2,16,8,0.017253097146749496,14.137608528137207,11.8230619430542,0.9999999403953552,655.3616333007812,0.0,0.0,0.08499030023813248,0.17291681468486786,0.0,0.0039024334400892258,0.01335066370666027,15,15,14,14,0,0,0,0
scan62,subset_uniform,3,24,8,0.012794292531907558,11.475954055786133,8.947500228881836,1.0,661.0294799804688,0.0,2.185432195663452,0.07828288525342941,0.1608336865901947,0.0,0.004372426308691502,0.008421866223216057,14,14,13,13,0,0,0,0
scan62,subset_uniform,4,32,8,0.010575981810688972,10.393645286560059,7.437825679779053,1.0,666.4652709960938,0.0,3.698935031890869,0.07910837978124619,0.1623298078775406,0.0,0.004356142599135637,0.006219839211553335,14,14,13,13,0,0,0,0
scan62,subset_uniform,5,40,8,0.021700255572795868,18.777057647705078,14.57696533203125,0.9999064803123474,673.0675659179688,0.0,4.187269687652588,0.08998176455497742,0.18603691458702087,0.0,0.003501387545838952,0.018198868026956916,15,15,14,14,0,0,0,0
scan62,subset_uniform,0,0,9,0.008192351087927818,8.609746932983398,5.36328125,0.9999999403953552,638.3181762695312,0.0,0.0,0.06738856434822083,0.1367025375366211,0.006768721621483564,0.004451945889741182,0.003740405198186636,16,15,14,13,0,0,0,0
scan62,subset_uniform,1,8,9,0.01089218258857727,8.932979583740234,7.255660533905029,1.0,650.6488647460938,0.0,1.5045418739318848,0.07098866999149323,0.1431029587984085,0.006096526514738798,0.004145204089581966,0.006746978498995304,15,14,14,13,0,0,0,0
scan62,subset_uniform,2,16,9,0.012457432225346565,10.582510948181152,8.499480247497559,0.9999999403953552,655.358642578125,0.0,0.6293179392814636,0.07459046691656113,0.15097762644290924,0.009624708443880081,0.0039024334400892258,0.00855499878525734,15,15,14,14,0,0,0,0
scan62,subset_uniform,3,24,9,0.009454724378883839,8.833928108215332,6.58939790725708,1.0,661.0260620117188,0.0,0.6652907133102417,0.06945095956325531,0.141102597117424,0.013883850537240505,0.004372426308691502,0.005082298070192337,14,14,13,13,0,0,0,0
scan62,subset_uniform,4,32,9,0.008287101052701473,8.338876724243164,5.80387020111084,1.0,666.4617309570312,0.0,0.0,0.07028809934854507,0.1428118348121643,0.005549166817218065,0.004356142599135637,0.003930958453565836,14,14,13,13,0,0,0,0
scan62,subset_uniform,5,40,9,0.014893908984959126,13.057653427124023,9.977041244506836,0.9999331831932068,673.0626220703125,0.0,3.2762014865875244,0.07831741124391556,0.16068586707115173,0.009826939553022385,0.003501387545838952,0.011392521439120173,15,15,14,14,0,0,0,0
scan62,subset_uniform,0,0,10,0.006422792561352253,7.635486125946045,4.218461513519287,0.9999999403953552,638.3173217773438,0.0,0.0,0.06291693449020386,0.12510338425636292,0.005085645243525505,0.004451945889741182,0.0019708466716110706,16,15,14,13,0,0,0,0
scan62,subset_uniform,1,8,10,0.007991241291165352,6.960303783416748,5.351572513580322,1.0,650.6495361328125,0.0,1.4794903993606567,0.06690636277198792,0.13215422630310059,0.005376183893531561,0.004145204089581966,0.0038460372015833855,15,14,14,13,0,0,0,0
scan62,subset_uniform,2,16,10,0.008778759278357029,8.163436889648438,5.954255104064941,0.9999999403953552,655.3590087890625,0.0,0.0,0.06971906870603561,0.1383538693189621,0.009163490496575832,0.0039024334400892258,0.004876325838267803,15,15,14,14,0,0,0,0
scan62,subset_uniform,3,24,10,0.007067738100886345,7.2729034423828125,4.923999786376953,1.0,661.0267333984375,0.0,2.0236172676086426,0.06634664535522461,0.13089033961296082,0.013847587630152702,0.004372426308691502,0.0026953117921948433,14,14,13,13,0,0,0,0
scan62,subset_uniform,4,32,10,0.0066190748475492,7.123114585876465,4.627038478851318,1.0,666.4623413085938,0.0,0.0,0.06711332499980927,0.13246148824691772,0.005035338923335075,0.004356142599135637,0.0022629322484135628,14,14,13,13,0,0,0,0
scan62,subset_uniform,5,40,10,0.009915804490447044,8.917428016662598,6.588333606719971,0.9999866485595703,673.0680541992188,0.0,0.0,0.07204807549715042,0.14474336802959442,0.008533956483006477,0.003501387545838952,0.006414416944608092,15,15,14,14,0,0,0,0
scan62,subset_uniform,0,0,11,0.0054884604178369045,7.250464916229248,3.6192269325256348,0.9999999403953552,638.3162841796875,0.0,0.0,0.06080036610364914,0.11949677020311356,0.0038278999272733927,0.004451945889741182,0.0010365145280957222,16,15,14,13,0,0,0,0
scan62,subset_uniform,1,8,11,0.006100362632423639,5.798630237579346,4.112893104553223,1.0,650.6504516601562,0.0,4.045639991760254,0.06393172591924667,0.1263687014579773,0.0040207901038229465,0.004145204089581966,0.001955158542841673,15,14,14,13,0,0,0,0
scan62,subset_uniform,2,16,11,0.006434204056859016,6.922879695892334,4.3656182289123535,0.9999999403953552,655.3598022460938,0.0,1.0114306211471558,0.06599050015211105,0.1308697909116745,0.0064974576234817505,0.0039024334400892258,0.0025317706167697906,15,15,14,14,0,0,0,0
scan62,subset_uniform,3,24,11,0.005667762365192175,6.54103422164917,3.9508938789367676,1.0,661.0275268554688,0.0,0.0,0.06380487978458405,0.12591835856437683,0.010173157788813114,0.004372426308691502,0.0012953360565006733,14,14,13,13,0,0,0,0
scan62,subset_uniform,4,32,11,0.005505313631147146,6.443751811981201,3.8482391834259033,1.0,666.4622192382812,0.0,4.106942176818848,0.06461535394191742,0.1274433732032776,0.0038180751726031303,0.004356142599135637,0.001149171032011509,14,14,13,13,0,0,0,0
scan62,subset_uniform,5,40,11,0.006774923764169216,6.479691028594971,4.433511257171631,1.0,673.0631103515625,0.0,0.0,0.06774958223104477,0.1351361870765686,0.005837622098624706,0.003501387545838952,0.003273536218330264,15,15,14,14,0,0,0,0
scan62,subset_uniform,0,0,12,0.0050336942076683044,7.0170745849609375,3.3287856578826904,0.9999999403953552,638.3153686523438,0.0,0.0,0.060725633054971695,0.11790962517261505,0.00253467820584774,0.004451945889741182,0.0005817483179271221,16,15,14,13,0,0,0,0
scan62,subset_uniform,1,8,12,0.00503664743155241,5.206149101257324,3.4162771701812744,1.0,650.6510620117188,0.0,0.0,0.06334485858678818,0.12330397218465805,0.003009461797773838,0.004145204089581966,0.0008914433419704437,15,14,14,13,0,0,0,0
scan62,subset_uniform,2,16,12,0.00500005017966032,6.293654441833496,3.4009718894958496,0.9999999403953552,655.3599243164062,0.0,2.014505624771118,0.06478672474622726,0.12657393515110016,0.004766243975609541,0.0039024334400892258,0.0010976167395710945,15,15,14,14,0,0,0,0
scan62,subset_uniform,3,24,12,0.0048867883160710335,6.1768622398376465,3.4125261306762695,1.0,661.02734375,0.0,0.0,0.06336373090744019,0.12330082058906555,0.007344536017626524,0.004372426308691502,0.0005143620073795319,14,14,13,13,0,0,0,0
scan62,subset_uniform,4,32,12,0.004819031804800034,6.080743312835693,3.37154483795166,1.0,666.4617309570312,0.0,4.749327659606934,0.06416326761245728,0.1248762309551239,0.0034490805119276047,0.004356142599135637,0.0004628892056643963,14,14,13,13,0,0,0,0
scan62,subset_uniform,5,40,12,0.004892624448984861,5.308119297027588,3.1600728034973145,1.0,673.0645141601562,0.0,0.0,0.06614044308662415,0.12970295548439026,0.0041002267971634865,0.003501387545838952,0.0013912369031459093,15,15,14,14,0,0,0,0
scan62,subset_uniform,0,0,13,0.004788541235029697,6.825843334197998,3.1713593006134033,0.9999999403953552,638.3124389648438,0.0,0.0,0.05907706543803215,0.11642282456159592,0.0018560531316325068,0.004451945889741182,0.0003365953452885151,16,15,14,13,0,0,0,1
scan62,subset_uniform,1,8,13,0.0044890595600008965,4.9508233070373535,3.0614285469055176,1.0,650.6493530273438,0.0,0.0,0.06123565882444382,0.12091341614723206,0.0019027487142011523,0.004145204089581966,0.00034385547041893005,15,14,14,13,0,0,0,1
scan62,subset_uniform,2,16,13,0.0043089911341667175,6.024858474731445,2.941922187805176,0.9999999403953552,655.3578491210938,0.0,0.0,0.062441494315862656,0.12339255958795547,0.003427758114412427,0.0039024334400892258,0.00040655769407749176,15,15,14,14,0,0,0,0
scan62,subset_uniform,3,24,13,0.004463875666260719,6.011501312255859,3.1220552921295166,1.0,661.0253295898438,0.0,0.0,0.06196846440434456,0.12169214338064194,0.00550659978762269,0.004372426308691502,9.144935756921768e-05,14,14,13,13,0,0,1,1
scan62,subset_uniform,4,32,13,0.004472475964576006,5.9007792472839355,3.131190538406372,1.0,666.4593505859375,0.0,0.0,0.06315390765666962,0.12360315769910812,0.0033059814013540745,0.004356142599135637,0.00011633336544036865,14,14,13,13,0,0,1,1
scan62,subset_uniform,5,40,13,0.0039758626371622086,4.840206623077393,2.567314624786377,1.0,673.0609130859375,0.0,0.0,0.0640823245048523,0.12642471492290497,0.0034209408331662416,0.003501387545838952,0.0004744750913232565,15,15,14,14,0,0,0,0
scan62,subset_uniform,0,0,14,0.0046120258048176765,6.670046329498291,3.058624029159546,0.9999999403953552,638.3081665039062,0.0,0.0,0.06014680489897728,0.11584509909152985,0.002512509934604168,0.004451945889741182,0.00016007991507649422,16,15,14,13,0,0,1,1
scan62,subset_uniform,1,8,14,0.004200107418000698,4.855660438537598,2.8779828548431396,1.0,650.6463623046875,0.0,1.2234934568405151,0.06194472312927246,0.119584821164608,0.00245338911190629,0.004145204089581966,5.490332841873169e-05,15,14,14,13,0,1,1,1
scan62,subset_uniform,2,16,14,0.00398961640894413,5.928727149963379,2.734147548675537,0.9999999403953552,655.3551635742188,0.0,2.2482924461364746,0.0629555732011795,0.12166249752044678,0.003248038236051798,0.0039024334400892258,8.718296885490417e-05,15,15,14,14,0,0,1,1
scan62,subset_uniform,3,24,14,0.004309056792408228,5.92642068862915,3.0173068046569824,1.0,661.0223999023438,0.0,0.0,0.06295917183160782,0.12126671522855759,0.0053460863418877125,0.004372426308691502,-6.33695162832737e-05,14,14,13,13,1,1,1,1
scan62,subset_uniform,4,32,14,0.004337692633271217,5.82418155670166,3.039924144744873,1.0,666.4564819335938,0.0,0.0,0.06414812058210373,0.12355432659387589,0.0038384604267776012,0.004356142599135637,-1.8449965864419937e-05,14,14,13,13,1,1,1,1
scan62,subset_uniform,5,40,14,0.003613692242652178,4.671628952026367,2.3406457901000977,1.0,673.0578002929688,0.0,0.0,0.06464017927646637,0.12494705617427826,0.0037109495606273413,0.003501387545838952,0.00011230469681322575,15,15,14,14,0,0,1,1
scan62,subset_uniform,0,0,15,0.0045304433442652225,6.590461730957031,3.006967782974243,0.9999999403953552,638.3032836914062,0.0,0.0,0.062366239726543427,0.1190643310546875,0.0025679829996079206,0.004451945889741182,7.849745452404022e-05,16,15,14,13,0,1,1,1
scan62,subset_uniform,1,8,15,0.0041318307630717754,4.883991718292236,2.840517282485962,1.0,650.642822265625,0.0,0.9112865328788757,0.06406096369028091,0.12236267328262329,0.0029761686455458403,0.004145204089581966,-1.3373326510190964e-05,15,14,14,13,1,1,1,1
scan62,subset_uniform,2,16,15,0.0039016802329570055,5.922394275665283,2.681640863418579,0.9999999403953552,655.3519897460938,0.0,2.2482924461364746,0.06489474326372147,0.12409859150648117,0.003037091577425599,0.0039024334400892258,-7.532071322202682e-07,15,15,14,14,1,1,1,1
scan62,subset_uniform,3,24,15,0.004295275080949068,5.892117977142334,3.0103893280029297,1.0,661.0186767578125,0.0,0.0,0.06508242338895798,0.1243136003613472,0.004776820540428162,0.004372426308691502,-7.715122774243355e-05,14,14,13,13,1,1,1,1
scan62,subset_uniform,4,32,15,0.0043208179995417595,5.83793306350708,3.0298140048980713,1.0,666.4528198242188,0.0,1.7227195501327515,0.06604799628257751,0.12634962797164917,0.0038899683859199286,0.004356142599135637,-3.532459959387779e-05,14,14,13,13,1,1,1,1
scan62,subset_uniform,5,40,15,0.0035123489797115326,4.660421848297119,2.282153367996216,1.0,673.0523681640625,0.0,0.0,0.0663585364818573,0.1271674931049347,0.002994126407429576,0.003501387545838952,1.0961433872580528e-05,15,15,14,14,1,1,1,1
scan62,subset_uniform,0,0,16,0.004451945889741182,6.537766456604004,2.957723379135132,0.9999999403953552,638.2982788085938,0.0,0.0,0.06456566601991653,0.12313820421695709,0.00260933511890471,0.004451945889741182,0.0,16,15,14,13,1,1,1,1
scan62,subset_uniform,1,8,16,0.004145204089581966,4.918864727020264,2.8546695709228516,1.0,650.638427734375,0.0,2.067627191543579,0.06556762754917145,0.12569192051887512,0.003087864490225911,0.004145204089581966,0.0,15,14,14,13,1,1,1,1
scan62,subset_uniform,2,16,16,0.0039024334400892258,5.938241004943848,2.6864967346191406,0.9999999403953552,655.347900390625,0.0,1.7550197839736938,0.06587881594896317,0.12677469849586487,0.00255016703158617,0.0039024334400892258,0.0,15,15,14,14,1,1,1,1
scan62,subset_uniform,3,24,16,0.004372426308691502,5.897397041320801,3.0655629634857178,1.0,661.0142822265625,0.0,1.2210921049118042,0.06633439660072327,0.12738946080207825,0.004089296795427799,0.004372426308691502,0.0,14,14,13,13,1,1,1,1
scan62,subset_uniform,4,32,16,0.004356142599135637,5.85348653793335,3.0561273097991943,1.0,666.4484252929688,0.0,0.0,0.06700599193572998,0.12893711030483246,0.0035745773930102587,0.004356142599135637,0.0,14,14,13,13,1,1,1,1
scan62,subset_uniform,5,40,16,0.003501387545838952,4.665273189544678,2.278118848800659,1.0,673.0484619140625,0.0,3.53407621383667,0.06691129505634308,0.12919077277183533,0.00256030960008502,0.003501387545838952,0.0,15,15,14,14,1,1,1,1
scan110,subset_middle,0,24,8,0.00826677493751049,8.33658218383789,5.468942642211914,1.0,656.3273315429688,0.0,0.0,0.07180044800043106,0.14465446770191193,0.0,0.0036102591548115015,0.004656515782698989,14,14,13,13,0,0,0,0
scan110,subset_middle,1,0,8,0.022715648636221886,25.0419864654541,14.294604301452637,0.9903826117515564,652.7608032226562,0.0,0.0,0.08227445930242538,0.16263055801391602,0.0,0.008683726191520691,0.014031922444701195,14,14,14,13,0,0,0,0
scan110,subset_middle,2,1,8,0.019246114417910576,21.162220001220703,12.030953407287598,0.9906100034713745,655.8245239257812,0.0,2.417351484298706,0.0787138044834137,0.15612941980361938,0.0,0.0063730524852871895,0.012873061932623386,14,14,14,13,0,0,0,0
scan110,subset_middle,3,2,8,0.021756257861852646,39.1623420715332,14.530414581298828,0.9838417172431946,660.7930297851562,0.0,1.995667576789856,0.08224735409021378,0.16228033602237701,0.0,0.0093541806563735,0.012402077205479145,15,14,14,13,0,0,0,0
scan110,subset_middle,4,3,8,0.04164034500718117,76.30543518066406,29.834192276000977,0.9372686147689819,665.7362060546875,0.0,3.8719139099121094,0.08551352471113205,0.16864927113056183,0.0,0.025061702355742455,0.016578642651438713,15,14,13,12,0,0,0,0
scan110,subset_middle,5,4,8,0.08689337968826294,121.70665740966797,63.87232971191406,0.8088435530662537,672.2634887695312,0.0,0.0,0.10224595665931702,0.196087047457695,0.0,0.06323044002056122,0.02366293966770172,15,14,13,12,0,0,0,0
scan110,subset_middle,0,24,9,0.006858592852950096,7.061474800109863,4.542292594909668,1.0,656.3212280273438,0.0,0.0,0.06558728218078613,0.13063865900039673,0.010125154629349709,0.0036102591548115015,0.0032483336981385946,14,14,13,13,0,0,0,0
scan110,subset_middle,1,0,9,0.017964979633688927,21.994768142700195,11.330412864685059,0.9926124811172485,652.755859375,0.0,4.686715602874756,0.07441282272338867,0.14528155326843262,0.00593472458422184,0.008683726191520691,0.009281253442168236,14,14,14,13,0,0,0,0
scan110,subset_middle,2,1,9,0.015145745128393173,18.028575897216797,9.504698753356934,0.9943659901618958,655.8171997070312,0.0,0.0,0.07141781598329544,0.14029560983181,0.004960282705724239,0.0063730524852871895,0.008772692643105984,14,14,14,13,0,0,0,0
scan110,subset_middle,3,2,9,0.017747871577739716,36.85200119018555,12.025727272033691,0.9852504730224609,660.787109375,0.0,3.2353718280792236,0.07488750666379929,0.14485381543636322,0.004209923557937145,0.0093541806563735,0.008393690921366215,15,14,14,13,0,0,0,0
scan110,subset_middle,4,3,9,0.036561742424964905,73.07730865478516,26.55126953125,0.9451575875282288,665.7300415039062,0.0,3.440312623977661,0.0768621563911438,0.14912079274654388,0.004740272648632526,0.025061702355742455,0.01150004006922245,15,14,13,12,0,0,0,0
scan110,subset_middle,5,4,9,0.07946193963289261,117.00789642333984,58.910057067871094,0.8136168718338013,672.2570190429688,0.0,0.0,0.09151694923639297,0.17154580354690552,0.005755883641541004,0.06323044002056122,0.01623149961233139,15,14,13,12,0,0,0,0
scan110,subset_middle,0,24,10,0.005850433371961117,6.149968147277832,3.8831284046173096,1.0,656.3161010742188,0.0,0.0,0.061659928411245346,0.1223122775554657,0.009771939367055893,0.0036102591548115015,0.0022401742171496153,14,14,13,13,0,0,0,0
scan110,subset_middle,1,0,10,0.014030485413968563,19.57199478149414,8.878235816955566,0.9938380718231201,652.751953125,0.0,2.46450138092041,0.06996533274650574,0.13556991517543793,0.0059640840627253056,0.008683726191520691,0.005346759222447872,14,14,14,13,0,0,0,0
scan110,subset_middle,2,1,10,0.011803007684648037,15.635422706604004,7.452599048614502,0.999468207359314,655.8121337890625,0.0,2.849087953567505,0.0668717697262764,0.13103674352169037,0.004180773161351681,0.0063730524852871895,0.0054299551993608475,14,14,14,13,0,0,0,0
scan110,subset_middle,3,2,10,0.014568988233804703,35.277565002441406,10.034722328186035,0.9859293699264526,660.7826538085938,0.0,3.768319606781006,0.07001770287752151,0.13566026091575623,0.004269074648618698,0.0093541806563735,0.005214807577431202,15,14,14,13,0,0,0,0
scan110,subset_middle,4,3,10,0.03231757506728172,70.48917388916016,23.791568756103516,0.9461091160774231,665.724609375,0.0,0.0,0.07147678732872009,0.13838639855384827,0.004075039643794298,0.025061702355742455,0.0072558727115392685,15,14,13,12,0,0,0,0
scan110,subset_middle,5,4,10,0.073799267411232,113.56291961669922,55.08976364135742,0.8260585069656372,672.2522583007812,0.0,2.821471691131592,0.08216337114572525,0.15588827431201935,0.005646107252687216,0.06323044002056122,0.010568827390670776,15,14,13,12,0,0,0,0
scan110,subset_middle,0,24,11,0.00487190717831254,5.286090850830078,3.251180410385132,1.0,656.3124389648438,0.0,0.0,0.05993321165442467,0.1176299899816513,0.00960079487413168,0.0036102591548115015,0.0012616480235010386,14,14,13,13,0,0,0,0
scan110,subset_middle,1,0,11,0.011536167934536934,18.077491760253906,7.34575891494751,0.9948934316635132,652.74951171875,0.0,1.4276587963104248,0.06643187999725342,0.12919531762599945,0.004193560220301151,0.008683726191520691,0.002852441743016243,14,14,14,13,0,0,0,0
scan110,subset_middle,2,1,11,0.009318715892732143,13.969012260437012,5.944240570068359,1.0,655.8089599609375,0.0,4.901528835296631,0.06391251087188721,0.12517403066158295,0.0033213533461093903,0.0063730524852871895,0.002945663407444954,14,14,14,13,0,0,0,0
scan110,subset_middle,3,2,11,0.012142802588641644,34.08839416503906,8.524301528930664,0.9859293699264526,660.7796630859375,0.0,3.9393999576568604,0.06649094820022583,0.12909546494483948,0.004059675149619579,0.0093541806563735,0.0027886219322681427,15,14,14,13,0,0,0,0
scan110,subset_middle,4,3,11,0.029269926249980927,68.58483123779297,21.816497802734375,0.9464205503463745,665.7213134765625,0.0,0.0,0.06769625097513199,0.131427600979805,0.003608048427850008,0.025061702355742455,0.004208223894238472,15,14,13,12,0,0,0,0
scan110,subset_middle,5,4,11,0.06996884942054749,111.24372863769531,52.490909576416016,0.8311764597892761,672.2493286132812,0.0,0.0,0.07513690739870071,0.14465157687664032,0.005279386881738901,0.06323044002056122,0.006738409399986267,15,14,13,12,0,0,0,0
scan110,subset_middle,0,24,12,0.004151761531829834,4.727329254150391,2.7894773483276367,1.0,656.3087768554688,0.0,0.0,0.06054959073662758,0.11683665215969086,0.007625012192875147,0.0036102591548115015,0.0005415023770183325,14,14,13,13,0,0,0,0
scan110,subset_middle,1,0,12,0.010026543401181698,17.199241638183594,6.410491466522217,0.995863676071167,652.7471923828125,0.0,1.3117932081222534,0.06584051251411438,0.12673227488994598,0.0031577155459672213,0.008683726191520691,0.001342817209661007,14,14,14,13,0,0,0,0
scan110,subset_middle,2,1,12,0.007811752147972584,13.018543243408203,5.034008026123047,1.0,655.8059692382812,0.0,0.0,0.06400810182094574,0.12317289412021637,0.002916785189881921,0.0063730524852871895,0.0014386996626853943,14,14,14,13,0,0,0,0
scan110,subset_middle,3,2,12,0.010728966444730759,33.34437561035156,7.656121730804443,0.9859293699264526,660.7772827148438,0.0,3.6194729804992676,0.0659518837928772,0.1269187480211258,0.003541313111782074,0.0093541806563735,0.0013747857883572578,15,14,14,13,0,0,0,0
scan110,subset_middle,4,3,12,0.027350930497050285,67.27590942382812,20.572973251342773,0.9464205503463745,665.7185668945312,0.0,3.274348020553589,0.06714296340942383,0.12859289348125458,0.0028500838670879602,0.025061702355742455,0.002289228141307831,15,14,13,12,0,0,0,1
scan110,subset_middle,5,4,12,0.06743495166301727,109.43362426757812,50.76118469238281,0.8322792649269104,672.2457885742188,0.0,0.0,0.07168343663215637,0.1373918354511261,0.0031983088701963425,0.06323044002056122,0.004204511642456055,15,14,13,12,0,0,0,1
scan110,subset_middle,0,24,13,0.003739806590601802,4.455615043640137,2.5273518562316895,1.0,656.3033447265625,0.0,0.0,0.05946971848607063,0.11654934287071228,0.006269887555390596,0.0036102591548115015,0.00012954743579030037,14,14,13,13,0,0,1,1
scan110,subset_middle,1,0,13,0.00913225021213293,16.606103897094727,5.853614807128906,0.9967657923698425,652.7432250976562,0.0,4.1066083908081055,0.06396941095590591,0.12510457634925842,0.002085037063807249,0.008683726191520691,0.00044852402061223984,14,14,14,13,0,0,0,1
scan110,subset_middle,2,1,13,0.006907256320118904,12.453324317932129,4.48320198059082,1.0,655.801513671875,0.0,3.2466073036193848,0.06267597526311874,0.12249062955379486,0.0034786099568009377,0.0063730524852871895,0.0005342038348317146,14,14,14,13,0,0,0,1
scan110,subset_middle,3,2,13,0.009932545013725758,32.8824462890625,7.167600631713867,0.9859293699264526,660.7730712890625,0.0,1.3320735692977905,0.06405847519636154,0.1252928078174591,0.003742105793207884,0.0093541806563735,0.0005783643573522568,15,14,14,13,0,0,0,1
scan110,subset_middle,4,3,13,0.02617352083325386,66.32849884033203,19.804685592651367,0.9464205503463745,665.7144775390625,0.0,0.0,0.06474751234054565,0.12653616070747375,0.002927006920799613,0.025061702355742455,0.001111818477511406,15,14,13,12,0,0,1,1
scan110,subset_middle,5,4,13,0.06563597917556763,107.94561004638672,49.52092742919922,0.8328996300697327,672.2408447265625,0.0,3.0256919860839844,0.06810852885246277,0.1331590712070465,0.0024689873680472374,0.06323044002056122,0.0024055391550064087,15,14,13,12,0,0,1,1
scan110,subset_middle,0,24,14,0.00357766798697412,4.358160495758057,2.4242095947265625,1.0,656.2972412109375,0.0,0.0,0.06110536307096481,0.1171346977353096,0.005574051756411791,0.0036102591548115015,-3.259116783738136e-05,14,14,13,13,1,1,1,1
scan110,subset_middle,1,0,14,0.008697406388819218,16.18513298034668,5.580807685852051,0.9970040917396545,652.7381591796875,0.0,3.6020660400390625,0.06510628759860992,0.1247463971376419,0.0027023726142942905,0.008683726191520691,1.3680197298526764e-05,14,14,14,13,1,1,1,1
scan110,subset_middle,2,1,14,0.006436323281377554,12.103922843933105,4.194697380065918,1.0,655.7959594726562,0.0,3.6586434841156006,0.06431659311056137,0.12304417043924332,0.004454114008694887,0.0063730524852871895,6.327079609036446e-05,14,14,14,13,1,1,1,1
scan110,subset_middle,3,2,14,0.009512136690318584,32.56166076660156,6.91114616394043,0.9859463572502136,660.7677612304688,0.0,3.91861629486084,0.06513503938913345,0.12488231062889099,0.00425039092078805,0.0093541806563735,0.00015795603394508362,15,14,14,13,0,1,1,1
scan110,subset_middle,4,3,14,0.02550000511109829,65.64286804199219,19.355125427246094,0.9465416073799133,665.7100830078125,0.0,3.45723032951355,0.0655733123421669,0.1258278787136078,0.004088206682354212,0.025061702355742455,0.00043830275535583496,15,14,13,12,0,1,1,1
scan110,subset_middle,5,4,14,0.0644550621509552,106.77433776855469,48.68648910522461,0.8332615494728088,672.2360229492188,0.0,3.275663375854492,0.06785809993743896,0.13051515817642212,0.0036125974729657173,0.06323044002056122,0.001224622130393982,15,14,13,12,0,1,1,1
scan110,subset_middle,0,24,15,0.0035981303080916405,4.350035667419434,2.4399254322052,1.0,656.2909545898438,0.0,0.0,0.06352899223566055,0.12103237956762314,0.004533391445875168,0.0036102591548115015,-1.212884671986103e-05,14,14,13,13,1,1,1,1
scan110,subset_middle,1,0,15,0.008587074466049671,15.944665908813477,5.5088300704956055,0.9972083568572998,652.7327270507812,0.0,3.5373988151550293,0.06700795888900757,0.1279396116733551,0.0024545458145439625,0.008683726191520691,-9.665172547101974e-05,14,14,14,13,1,1,1,1
scan110,subset_middle,2,1,15,0.006352520547807217,11.932332992553711,4.148033142089844,1.0,655.7902221679688,0.0,0.0,0.06658545136451721,0.1268969029188156,0.003917185589671135,0.0063730524852871895,-2.053193747997284e-05,14,14,14,13,1,1,1,1
scan110,subset_middle,3,2,15,0.009400547482073307,32.378910064697266,6.849010467529297,0.9859802722930908,660.7623291015625,0.0,0.0,0.0670512318611145,0.1280372142791748,0.003377356333658099,0.0093541806563735,4.636682569980621e-05,15,14,14,13,1,1,1,1
scan110,subset_middle,4,3,15,0.025202255696058273,65.18116760253906,19.149354934692383,0.9465416073799133,665.7052612304688,0.0,2.590423583984375,0.06732191145420074,0.12857989966869354,0.0037471335381269455,0.025061702355742455,0.0001405533403158188,15,14,13,12,1,1,1,1
scan110,subset_middle,5,4,15,0.06370282173156738,105.87106323242188,48.13520431518555,0.8336061835289001,672.2318725585938,0.0,1.7028385400772095,0.06878575682640076,0.13170796632766724,0.0030239650513976812,0.06323044002056122,0.00047238171100616455,15,14,13,12,1,1,1,1
scan110,subset_middle,0,24,16,0.0036102591548115015,4.3478546142578125,2.4470343589782715,1.0,656.2847290039062,0.0,0.0,0.0658191666007042,0.12539654970169067,0.003916631452739239,0.0036102591548115015,0.0,14,14,13,13,1,1,1,1
scan110,subset_middle,1,0,16,0.008683726191520691,15.803543090820312,5.563940048217773,0.9974466562271118,652.7275390625,0.0,0.0,0.06812840700149536,0.13077658414840698,0.0029824862722307444,0.008683726191520691,0.0,14,14,14,13,1,1,1,1
scan110,subset_middle,2,1,16,0.0063730524852871895,11.845715522766113,4.1626811027526855,1.0,655.78466796875,0.0,4.556253433227539,0.06788508594036102,0.13018320500850677,0.00346382730640471,0.0063730524852871895,0.0,14,14,14,13,1,1,1,1
scan110,subset_middle,3,2,16,0.0093541806563735,32.27143859863281,6.82110071182251,0.9859802722930908,660.7567749023438,0.0,3.8334381580352783,0.0681389793753624,0.13082459568977356,0.0032152386847883463,0.0093541806563735,0.0,15,14,14,13,1,1,1,1
scan110,subset_middle,4,3,16,0.025061702355742455,64.87964630126953,19.043394088745117,0.9466281533241272,665.700439453125,0.0,2.533273220062256,0.06820742040872574,0.13107159733772278,0.0037038354203104973,0.025061702355742455,0.0,15,14,13,12,1,1,1,1
scan110,subset_middle,5,4,16,0.06323044002056122,105.20494842529297,47.7767219543457,0.8341920375823975,672.227294921875,0.0,3.505260705947876,0.0690552145242691,0.13309992849826813,0.0032544475980103016,0.06323044002056122,0.0,15,14,13,12,1,1,1,1
scan110,subset_uniform,0,0,8,0.020467298105359077,23.275279998779297,12.885308265686035,0.9911826252937317,652.8438110351562,0.0,0.0,0.06941353529691696,0.1396951824426651,0.0,0.00880295131355524,0.011664346791803837,14,14,13,12,0,0,0,0
scan110,subset_uniform,1,8,8,0.012785137630999088,15.775907516479492,8.290858268737793,0.9956592917442322,658.79248046875,0.0,0.0,0.07683981955051422,0.15329329669475555,0.0,0.005221245344728231,0.007563892286270857,14,14,13,13,0,0,0,0
scan110,subset_uniform,2,16,8,0.010983600281178951,11.489686012268066,7.20634651184082,1.0,659.5560913085938,0.0,1.9366410970687866,0.08323829621076584,0.16398684680461884,0.0,0.004865224473178387,0.006118375808000565,15,14,14,13,0,0,0,0
scan110,subset_uniform,3,24,8,0.005974980536848307,6.1613898277282715,3.9828455448150635,1.0,656.3790283203125,0.0,0.0,0.07715073972940445,0.1566421091556549,0.0,0.0037164969835430384,0.0022584835533052683,13,12,12,12,0,0,0,0
scan110,subset_uniform,4,32,8,0.0057837627828121185,6.4392523765563965,3.90356183052063,1.0,655.7408447265625,0.0,0.0,0.07603596895933151,0.1568009853363037,0.0,0.0038522304967045784,0.0019315322861075401,12,12,12,11,0,0,0,0
scan110,subset_uniform,5,40,8,0.011408901773393154,11.057629585266113,7.243533611297607,0.9996895790100098,658.733642578125,0.0,1.9202003479003906,0.08435022830963135,0.1700403392314911,0.0,0.004863907117396593,0.006544994655996561,15,15,14,13,0,0,0,0
scan110,subset_uniform,0,0,9,0.01633303053677082,20.84326171875,10.30005168914795,0.9930890798568726,652.8351440429688,0.0,0.0,0.06413427740335464,0.1268583983182907,0.005222792271524668,0.00880295131355524,0.00753007922321558,14,14,13,12,0,0,0,0
scan110,subset_uniform,1,8,9,0.010257573798298836,14.020776748657227,6.6934814453125,0.9956592917442322,658.7849731445312,0.0,4.077798843383789,0.07028642296791077,0.13725408911705017,0.004281407687813044,0.005221245344728231,0.005036328453570604,14,14,13,13,0,0,0,0
scan110,subset_uniform,2,16,9,0.009241881780326366,10.370993614196777,6.073268890380859,1.0,659.5501098632812,0.0,1.4900344610214233,0.0760517343878746,0.14703507721424103,0.005439350381493568,0.004865224473178387,0.00437665730714798,15,14,14,13,0,0,0,0
scan110,subset_uniform,3,24,9,0.005304431542754173,5.621566295623779,3.537691354751587,1.0,656.37158203125,0.0,0.0,0.069773368537426,0.1384807676076889,0.010437676683068275,0.0037164969835430384,0.001587934559211135,13,12,12,12,0,0,0,0
scan110,subset_uniform,4,32,9,0.005013282410800457,6.041100978851318,3.381645679473877,1.0,655.733642578125,0.0,0.0,0.06897404044866562,0.13789629936218262,0.01697910949587822,0.0038522304967045784,0.0011610519140958786,12,12,12,11,0,0,0,0
scan110,subset_uniform,5,40,9,0.009752566926181316,9.95766830444336,6.235518455505371,0.9996895790100098,658.7285766601562,0.0,3.932932138442993,0.07526348531246185,0.15086042881011963,0.014196813106536865,0.004863907117396593,0.004888659808784723,15,15,14,13,0,0,0,0
scan110,subset_uniform,0,0,10,0.012963724322617054,18.948270797729492,8.19809627532959,0.9943316578865051,652.8271484375,0.0,0.0,0.061419833451509476,0.1204785406589508,0.004207886289805174,0.00880295131355524,0.004160773009061813,14,14,13,12,0,0,0,0
scan110,subset_uniform,1,8,10,0.008128268644213676,12.778677940368652,5.334972858428955,0.9959591627120972,658.7787475585938,0.0,0.0,0.06630059331655502,0.12915672361850739,0.0035236873663961887,0.005221245344728231,0.002907023299485445,14,14,13,13,0,0,0,0
scan110,subset_uniform,2,16,10,0.007550767157226801,9.218276977539062,4.9719061851501465,1.0,659.5435791015625,0.0,0.0,0.07017280906438828,0.13757775723934174,0.004376392345875502,0.004865224473178387,0.0026855426840484142,15,14,14,13,0,0,0,0
scan110,subset_uniform,3,24,10,0.004708545282483101,5.1395955085754395,3.148340940475464,1.0,656.3651123046875,0.0,0.0,0.06572522968053818,0.12926720082759857,0.008870299905538559,0.0037164969835430384,0.0009920482989400625,13,12,12,12,0,0,0,0
scan110,subset_uniform,4,32,10,0.004492295905947685,5.7473015785217285,3.033930540084839,1.0,655.727294921875,0.0,0.7241573929786682,0.065336212515831,0.12899796664714813,0.014401406049728394,0.0038522304967045784,0.0006400654092431068,12,12,12,11,0,0,0,0
scan110,subset_uniform,5,40,10,0.007975846529006958,8.91045093536377,5.142332077026367,0.9996895790100098,658.7238159179688,0.0,0.0,0.06980955600738525,0.13879089057445526,0.01152003463357687,0.004863907117396593,0.003111939411610365,15,15,14,13,0,0,0,0
scan110,subset_uniform,0,0,11,0.010822376236319542,17.74614906311035,6.863430976867676,0.9951997995376587,652.822021484375,0.0,0.0,0.05933772772550583,0.11649258434772491,0.0033734911121428013,0.00880295131355524,0.0020194249227643013,14,14,13,12,0,0,0,0
scan110,subset_uniform,1,8,11,0.006703576073050499,11.959726333618164,4.430411338806152,0.9963222146034241,658.7745971679688,0.0,3.585284471511841,0.0633859783411026,0.12396704405546188,0.002938311779871583,0.005221245344728231,0.0014823307283222675,14,14,13,13,0,0,0,0
scan110,subset_uniform,2,16,11,0.0062677436508238316,8.389365196228027,4.1376261711120605,1.0,659.539306640625,0.0,3.5953195095062256,0.06665744632482529,0.13024422526359558,0.003331731306388974,0.004865224473178387,0.0014025191776454449,15,14,14,13,0,0,0,0
scan110,subset_uniform,3,24,11,0.004136088769882917,4.710277557373047,2.7782609462738037,1.0,656.3609619140625,0.0,2.5232861042022705,0.06326024234294891,0.12399474531412125,0.006852979771792889,0.0037164969835430384,0.00041959178633987904,13,12,12,12,0,0,0,0
scan110,subset_uniform,4,32,11,0.004135816358029842,5.5489397048950195,2.7990469932556152,1.0,655.7235717773438,0.0,0.0,0.0631701648235321,0.12397373467683792,0.011651547625660896,0.0038522304967045784,0.000283585861325264,12,12,12,11,0,0,0,1
scan110,subset_uniform,5,40,11,0.006577920168638229,8.246744155883789,4.28089714050293,0.9996895790100098,658.7174682617188,0.0,0.0,0.06614134460687637,0.13079184293746948,0.008163749240338802,0.004863907117396593,0.0017140130512416363,15,15,14,13,0,0,0,0
scan110,subset_uniform,0,0,12,0.009659312665462494,17.010576248168945,6.148373126983643,0.996101975440979,652.8175659179688,0.0,0.0,0.05956485494971275,0.1151016429066658,0.0026342375203967094,0.00880295131355524,0.0008563613519072533,14,14,13,12,0,0,0,1
scan110,subset_uniform,1,8,12,0.005897126160562038,11.46971607208252,3.921269178390503,0.996985137462616,658.7713623046875,0.0,0.0,0.06332407146692276,0.12203915417194366,0.0026610225904732943,0.005221245344728231,0.000675880815833807,14,14,13,13,0,0,0,0
scan110,subset_uniform,2,16,12,0.005548348184674978,7.824201583862305,3.673137903213501,1.0,659.5363159179688,0.0,2.9985907077789307,0.06571444869041443,0.12666592001914978,0.0028477043379098177,0.004865224473178387,0.0006831237114965916,15,14,14,13,0,0,0,0
scan110,subset_uniform,3,24,12,0.003756364341825247,4.4459052085876465,2.5342836380004883,1.0,656.358154296875,0.0,3.178168296813965,0.06359296292066574,0.12230295687913895,0.005455476697534323,0.0037164969835430384,3.986735828220844e-05,13,12,12,12,0,1,1,1
scan110,subset_uniform,4,32,12,0.0038598303217440844,5.40062952041626,2.61686110496521,1.0,655.7211303710938,0.0,0.0,0.0638798400759697,0.1228080615401268,0.01068945787847042,0.0038522304967045784,7.5998250395059586e-06,12,12,12,11,1,1,1,1
scan110,subset_uniform,5,40,12,0.00566092599183321,7.880371570587158,3.712524175643921,0.9997260570526123,658.715576171875,0.0,2.5572662353515625,0.06580006331205368,0.1272272914648056,0.0072982097044587135,0.004863907117396593,0.0007970188744366169,15,15,14,13,0,0,0,0
scan110,subset_uniform,0,0,13,0.009040115401148796,16.58369255065918,5.768738746643066,0.9967657923698425,652.8121337890625,0.0,0.0,0.05807878077030182,0.11418578773736954,0.0026867734268307686,0.00880295131355524,0.00023716408759355545,14,14,13,12,0,0,1,1
scan110,subset_uniform,1,8,13,0.005467451177537441,11.16864013671875,3.6526718139648438,0.9972692728042603,658.7669677734375,0.0,2.6671907901763916,0.06115375831723213,0.12032534927129745,0.0026109740138053894,0.005221245344728231,0.0002462058328092098,14,14,13,13,0,0,1,1
scan110,subset_uniform,2,16,13,0.005199516657739878,7.517034530639648,3.448124885559082,1.0,659.5317993164062,0.0,0.0,0.06311534345149994,0.12404907494783401,0.0025003869086503983,0.004865224473178387,0.000334292184561491,15,14,14,13,0,0,0,1
scan110,subset_uniform,3,24,13,0.003591533051803708,4.325312614440918,2.430102825164795,1.0,656.3541870117188,0.0,0.0,0.06227454915642738,0.12170808017253876,0.0036404752172529697,0.0037164969835430384,-0.0001249639317393303,13,12,12,12,1,1,1,1
scan110,subset_uniform,4,32,13,0.003803222207352519,5.361438274383545,2.580737590789795,1.0,655.7176513671875,0.0,0.0,0.06309281289577484,0.12294996529817581,0.007730642333626747,0.0038522304967045784,-4.9008289352059364e-05,12,12,12,11,1,1,1,1
scan110,subset_uniform,5,40,13,0.0052222092635929585,7.738094806671143,3.439892053604126,0.999707818031311,658.7119750976562,0.0,0.0,0.06422901898622513,0.125726580619812,0.004890876822173595,0.004863907117396593,0.00035830214619636536,15,15,14,13,0,0,0,1
scan110,subset_uniform,0,0,14,0.008788135834038258,16.331693649291992,5.61635684967041,0.9969700574874878,652.8058471679688,0.0,0.0,0.05984292924404144,0.11453046649694443,0.003509748028591275,0.00880295131355524,-1.4815479516983032e-05,14,14,13,12,1,1,1,1
scan110,subset_uniform,1,8,14,0.0052357022650539875,10.941065788269043,3.5089938640594482,0.997837483882904,658.7613525390625,0.0,0.0,0.06237846240401268,0.11972114443778992,0.0033799929078668356,0.005221245344728231,1.4456920325756073e-05,14,14,13,13,1,1,1,1
scan110,subset_uniform,2,16,14,0.004954967647790909,7.217288494110107,3.290518283843994,1.0,659.5266723632812,0.0,0.0,0.06392736732959747,0.1228526160120964,0.0028835893608629704,0.004865224473178387,8.974317461252213e-05,15,14,14,13,0,1,1,1
scan110,subset_uniform,3,24,14,0.003552395384758711,4.280872821807861,2.405852794647217,1.0,656.349365234375,0.0,0.0,0.06364897638559341,0.12195074558258057,0.0031817781273275614,0.0037164969835430384,-0.0001641015987843275,13,12,12,12,1,1,1,1
scan110,subset_uniform,4,32,14,0.003752742428332567,5.32408332824707,2.547635555267334,1.0,655.7132568359375,0.0,0.0,0.06481354683637619,0.1238863617181778,0.006562511902302504,0.0038522304967045784,-9.948806837201118e-05,12,12,12,11,1,1,1,1
scan110,subset_uniform,5,40,14,0.00498424144461751,7.645801067352295,3.2886202335357666,0.999707818031311,658.7090454101562,0.0,1.1698576211929321,0.06559385359287262,0.1256628781557083,0.004527028650045395,0.004863907117396593,0.00012033432722091675,15,15,14,13,0,0,1,1
scan110,subset_uniform,0,0,15,0.008722516708076,16.16310691833496,5.57445764541626,0.9971913695335388,652.7991943359375,0.0,0.0,0.0624745637178421,0.11886214464902878,0.003616220550611615,0.00880295131355524,-8.043460547924042e-05,14,14,13,12,1,1,1,1
scan110,subset_uniform,1,8,15,0.005174465011805296,10.813895225524902,3.4701993465423584,0.9981058239936829,658.755615234375,0.0,0.0,0.0647476390004158,0.12335698306560516,0.0030732308514416218,0.005221245344728231,-4.6780332922935486e-05,14,14,13,13,1,1,1,1
scan110,subset_uniform,2,16,15,0.004835151601582766,7.0442023277282715,3.2111406326293945,1.0,659.5211181640625,0.0,1.186137080192566,0.06588825583457947,0.12583711743354797,0.002539701061323285,0.004865224473178387,-3.007287159562111e-05,15,14,14,13,1,1,1,1
scan110,subset_uniform,3,24,15,0.0036038353573530912,4.292399883270264,2.439983367919922,1.0,656.3443603515625,0.0,0.39167115092277527,0.06587478518486023,0.12562090158462524,0.003240928053855896,0.0037164969835430384,-0.00011266162618994713,13,12,12,12,1,1,1,1
scan110,subset_uniform,4,32,15,0.003785844426602125,5.326927661895752,2.569678783416748,1.0,655.708740234375,0.0,0.0,0.06687473505735397,0.127637580037117,0.006261162925511599,0.0038522304967045784,-6.638607010245323e-05,12,12,12,11,1,1,1,1
scan110,subset_uniform,5,40,15,0.004875455517321825,7.625899314880371,3.220219612121582,0.9996895790100098,658.704345703125,0.0,0.0,0.06756551563739777,0.1290741264820099,0.005589093081653118,0.004863907117396593,1.1548399925231934e-05,15,15,14,13,1,1,1,1
scan110,subset_uniform,0,0,16,0.00880295131355524,16.115962982177734,5.6225199699401855,0.9973275065422058,652.7924194335938,0.0,0.0,0.06476932018995285,0.12342076748609543,0.003682083450257778,0.00880295131355524,0.0,14,14,13,12,1,1,1,1
scan110,subset_uniform,1,8,16,0.005221245344728231,10.754297256469727,3.500547409057617,0.998295247554779,658.7490844726562,0.0,4.1124701499938965,0.0663735568523407,0.12701906263828278,0.0032400728669017553,0.005221245344728231,0.0,14,14,13,13,1,1,1,1
scan110,subset_uniform,2,16,16,0.004865224473178387,6.928003787994385,3.2302584648132324,1.0,659.5150146484375,0.0,3.3602778911590576,0.06690701097249985,0.12857486307621002,0.002240894827991724,0.004865224473178387,0.0,15,14,14,13,1,1,1,1
scan110,subset_uniform,3,24,16,0.0037164969835430384,4.349172115325928,2.5141334533691406,1.0,656.33837890625,0.0,3.7263073921203613,0.06710509955883026,0.12876887619495392,0.0028544713277369738,0.0037164969835430384,0.0,13,12,12,12,1,1,1,1
scan110,subset_uniform,4,32,16,0.0038522304967045784,5.355909824371338,2.612802267074585,1.0,655.7032470703125,0.0,3.4171864986419678,0.06789077818393707,0.13047493994235992,0.006120676174759865,0.0038522304967045784,0.0,12,12,12,11,1,1,1,1
scan110,subset_uniform,5,40,16,0.004863907117396593,7.624626636505127,3.213522434234619,0.9996895790100098,658.6988525390625,0.0,1.0669788122177124,0.06814407557249069,0.13137191534042358,0.004802193492650986,0.004863907117396593,0.0,15,15,14,13,1,1,1,1
