scene,subset,view_idx,frame_id,tolerance,k_star,is_active_at_end,fixed16_abs_rel,fixed16_rmse,fixed16_rot_err,fixed16_trans_err,regime_b_abs_rel,regime_b_rmse,regime_b_rot_err,regime_b_trans_err,regime_b_active_deg_pct,regime_c_abs_rel,regime_c_rmse,regime_c_rot_err,regime_c_trans_err,regime_c_active_deg_pct,regime_d_abs_rel,regime_d_rmse,regime_d_rot_err,regime_d_trans_err,diff_b_vs_c_abs_rel,diff_c_vs_d_max_depth,fixed15_abs_rel,fixed14_abs_rel,fixed12_abs_rel,fixed8_abs_rel
scan1,subset_middle,0,24,2pct,8,0,0.004100610502064228,6.454098224639893,0.0,77.38654873024305,0.0036557468120008707,6.670477867126465,0.0,125.33703119448215,-10.848718497877696,0.0036557468120008707,6.670477867126465,0.0,125.33703119448215,-10.848718497877696,0.0036557468120008707,6.670477867126465,0.0,125.33703119448215,0.0,0.0,0.003995990846306086,0.0038232558872550726,0.0034969723783433437,0.0036557468120008707
scan1,subset_middle,1,0,2pct,10,0,0.006002626847475767,16.695423126220703,0.0,3.735859051450392,0.004234761465340853,16.70465087890625,0.0,0.4177784990633205,-29.451528923180348,0.004669161979109049,16.788450241088867,0.0,3.6616925885741622,-22.214688706286463,0.004669161979109049,16.788450241088867,0.0,3.6616925885741622,0.0004344005137681961,0.0,0.00565287284553051,0.005147624295204878,0.004210681188851595,0.009107130579650402
scan1,subset_middle,2,1,2pct,9,0,0.005082026124000549,9.103490829467773,0.0,0.0,0.004843836184591055,9.44672966003418,0.0,0.0,-4.686908992549458,0.004974254872649908,9.495002746582031,0.0,3.9448141749549457,-2.1206355245140727,0.004974254872649908,9.495002746582031,0.0,3.9448141749549457,0.00013041868805885315,0.0,0.004854938481003046,0.004542697686702013,0.0038376711308956146,0.006666087545454502
scan1,subset_middle,3,2,2pct,10,0,0.003950988873839378,3.4602019786834717,0.0,2.8612232327092286,0.003243819111958146,3.2538249492645264,0.0,1.7941690322177588,-17.898551083340287,0.0036326893605291843,3.48620343208313,0.0,4.618297294101237,-8.056198675165746,0.0036326893605291843,3.48620343208313,0.0,4.618297294101237,0.00038887024857103825,0.0,0.003861411940306425,0.003614779096096754,0.003119590925052762,0.006249202415347099
scan1,subset_middle,4,3,2pct,11,0,0.003305153688415885,3.6133203506469727,0.0,0.0,0.003135993145406246,3.5708019733428955,0.0,3.7057046200384316,-5.118084027454564,0.003364881034940481,3.6172568798065186,0.0,3.5262004184613267,1.807097404696564,0.003364881034940481,3.6172568798065186,0.0,3.5262004184613267,0.000228887889534235,0.0,0.003210446098819375,0.003101024543866515,0.002958528930321336,0.007507906295359135
scan1,subset_middle,5,4,2pct,12,0,0.0032369771506637335,4.738245487213135,0.0,0.8917516858318333,0.003079301444813609,4.131977558135986,0.0,0.0,-4.871078741405183,0.003168382914736867,4.113175392150879,0.0,0.0,-2.119083105446125,0.003168382914736867,4.113175392150879,0.0,0.0,8.908146992325783e-05,0.0,0.003121875459328294,0.0030462301801890135,0.003074467182159424,0.008883877657353878
scan1,subset_middle,0,24,5pct,8,0,0.004100610502064228,6.454098224639893,0.0,77.38654873024305,0.0036557468120008707,6.670477867126465,0.0,125.33703119448215,-10.848718497877696,0.0036557468120008707,6.670477867126465,0.0,125.33703119448215,-10.848718497877696,0.0036557468120008707,6.670477867126465,0.0,125.33703119448215,0.0,0.0,0.003995990846306086,0.0038232558872550726,0.0034969723783433437,0.0036557468120008707
scan1,subset_middle,1,0,5pct,10,0,0.006002626847475767,16.695423126220703,0.0,3.735859051450392,0.004234761465340853,16.70465087890625,0.0,0.4177784990633205,-29.451528923180348,0.004669161979109049,16.788450241088867,0.0,3.6616925885741622,-22.214688706286463,0.004669161979109049,16.788450241088867,0.0,3.6616925885741622,0.0004344005137681961,0.0,0.00565287284553051,0.005147624295204878,0.004210681188851595,0.009107130579650402
scan1,subset_middle,2,1,5pct,9,0,0.005082026124000549,9.103490829467773,0.0,0.0,0.004843836184591055,9.44672966003418,0.0,0.0,-4.686908992549458,0.004974254872649908,9.495002746582031,0.0,3.9448141749549457,-2.1206355245140727,0.004974254872649908,9.495002746582031,0.0,3.9448141749549457,0.00013041868805885315,0.0,0.004854938481003046,0.004542697686702013,0.0038376711308956146,0.006666087545454502
scan1,subset_middle,3,2,5pct,10,0,0.003950988873839378,3.4602019786834717,0.0,2.8612232327092286,0.003243819111958146,3.2538249492645264,0.0,1.7941690322177588,-17.898551083340287,0.0036326893605291843,3.48620343208313,0.0,4.618297294101237,-8.056198675165746,0.0036326893605291843,3.48620343208313,0.0,4.618297294101237,0.00038887024857103825,0.0,0.003861411940306425,0.003614779096096754,0.003119590925052762,0.006249202415347099
scan1,subset_middle,4,3,5pct,11,0,0.003305153688415885,3.6133203506469727,0.0,0.0,0.003135993145406246,3.5708019733428955,0.0,3.7057046200384316,-5.118084027454564,0.003364881034940481,3.6172568798065186,0.0,3.5262004184613267,1.807097404696564,0.003364881034940481,3.6172568798065186,0.0,3.5262004184613267,0.000228887889534235,0.0,0.003210446098819375,0.003101024543866515,0.002958528930321336,0.007507906295359135
scan1,subset_middle,5,4,5pct,12,0,0.0032369771506637335,4.738245487213135,0.0,0.8917516858318333,0.003079301444813609,4.131977558135986,0.0,0.0,-4.871078741405183,0.003168382914736867,4.113175392150879,0.0,0.0,-2.119083105446125,0.003168382914736867,4.113175392150879,0.0,0.0,8.908146992325783e-05,0.0,0.003121875459328294,0.0030462301801890135,0.003074467182159424,0.008883877657353878
scan1,subset_uniform,0,0,2pct,13,0,0.003913204185664654,16.524089813232422,0.0,97.05036965257545,0.004085991997271776,16.65852928161621,0.0,123.7372779474601,4.415507175426742,0.004224592819809914,16.64440155029297,0.0,44.41224298359197,7.957382732186023,0.004224592819809914,16.64440155029297,0.0,44.41224298359197,0.00013860082253813744,0.0151519775390625,0.0038654429372400045,0.003800271777436137,0.004125028848648071,0.009752378799021244
scan1,subset_uniform,1,8,2pct,13,0,0.002798883244395256,3.2354423999786377,0.0,0.0,0.0030553999822586775,3.214204788208008,0.0,3.770397610535854,9.164967433961184,0.002757432870566845,3.036618232727051,0.0,2.113592220263514,-1.4809611623284102,0.002757432870566845,3.036618232727051,0.0,2.113592220263514,-0.00029796711169183254,0.0151519775390625,0.0027534596156328917,0.00271438411436975,0.002861228073015809,0.00643025292083621
scan1,subset_uniform,2,16,2pct,13,0,0.0026719924062490463,2.6096160411834717,0.0,3.199532961027127,0.00290064699947834,2.8595120906829834,0.0,2.5052252354317015,8.55745670139385,0.00262048258446157,2.511977195739746,0.0,3.024721312853232,-1.927768270112198,0.00262048258446157,2.511977195739746,0.0,3.024721312853232,-0.00028016441501677036,0.0151519775390625,0.002677249489352107,0.002674191491678357,0.0027481396682560444,0.004358433187007904
scan1,subset_uniform,3,24,2pct,9,0,0.0035596389789134264,6.288510322570801,0.0,3.737430848733141,0.003247557207942009,6.317085266113281,0.0,1.5074006584287174,-8.767230969773228,0.003206634894013405,6.305484771728516,0.0,0.0,-9.916850753437233,0.003206634894013405,6.305484771728516,0.0,0.0,-4.0922313928604126e-05,0.0151519775390625,0.003478330560028553,0.003305274061858654,0.002964656101539731,0.003684020135551691
scan1,subset_uniform,4,32,2pct,8,0,0.0036821523681282997,4.442047119140625,0.0,0.9640834425031212,0.00350568606518209,4.725595951080322,7.166643434753933,1.8002671104861108,-4.792476934785583,0.00350568606518209,4.725595951080322,0.0,2.832343058464299,-4.792476934785583,0.00350568606518209,4.725595951080322,0.0,2.832343058464299,0.0,0.0151519775390625,0.003557096002623439,0.0033761102240532637,0.0029483316466212273,0.00350568606518209
scan1,subset_uniform,5,40,2pct,15,0,0.0026711286045610905,2.5461814403533936,0.0,0.0,0.0031885255593806505,2.922671318054199,0.0,0.0,19.36997544543823,0.002622956642881036,2.4388086795806885,0.0,0.0,-1.8034310140589465,0.0026191971264779568,2.4374351501464844,0.0,0.0,-0.0005655689164996147,0.0151519775390625,0.0026940188836306334,0.002747807651758194,0.002992873778566718,0.005434703081846237
scan1,subset_uniform,0,0,5pct,13,0,0.003913204185664654,16.524089813232422,0.0,97.05036965257545,0.00418894924223423,16.67481803894043,0.0,77.72305849027124,7.046528713725713,0.00436963839456439,16.645063400268555,0.0,128.36885654440243,11.663950748386812,0.00436963839456439,16.645063400268555,0.0,128.36885654440243,0.00018068915233016014,0.0,0.0038654429372400045,0.003800271777436137,0.004125028848648071,0.009752378799021244
scan1,subset_uniform,1,8,5pct,12,0,0.002798883244395256,3.2354423999786377,0.0,0.0,0.003141910070553422,3.254486560821533,0.0,1.5369697212844662,12.25584621455985,0.0028564431704580784,3.0569286346435547,0.0,2.085909463557452,2.0565318749213883,0.0028564431704580784,3.0569286346435547,0.0,2.085909463557452,-0.0002854669000953436,0.0,0.0027534596156328917,0.00271438411436975,0.002861228073015809,0.00643025292083621
scan1,subset_uniform,2,16,5pct,12,0,0.0026719924062490463,2.6096160411834717,0.0,3.199532961027127,0.002926230663433671,2.8993377685546875,0.0,0.0,9.514931875930193,0.0026568828616291285,2.5503156185150146,0.0,2.5299485992364437,-0.5654785763829587,0.0026568828616291285,2.5503156185150146,0.0,2.5299485992364437,-0.00026934780180454254,0.0,0.002677249489352107,0.002674191491678357,0.0027481396682560444,0.004358433187007904
scan1,subset_uniform,3,24,5pct,8,0,0.0035596389789134264,6.288510322570801,0.0,3.737430848733141,0.003684020135551691,6.678746700286865,0.0,2.780378125485196,3.494207063555411,0.003684020135551691,6.678746700286865,0.0,3.537232668074778,3.494207063555411,0.003684020135551691,6.678746700286865,0.0,3.537232668074778,0.0,0.0,0.003478330560028553,0.003305274061858654,0.002964656101539731,0.003684020135551691
scan1,subset_uniform,4,32,5pct,8,0,0.0036821523681282997,4.442047119140625,0.0,0.9640834425031212,0.00350568606518209,4.725595951080322,7.166643434753933,1.8002671104861108,-4.792476934785583,0.00350568606518209,4.725595951080322,0.0,0.0,-4.792476934785583,0.00350568606518209,4.725595951080322,0.0,0.0,0.0,0.0,0.003557096002623439,0.0033761102240532637,0.0029483316466212273,0.00350568606518209
scan1,subset_uniform,5,40,5pct,14,0,0.0026711286045610905,2.5461814403533936,0.0,0.0,0.0031958657782524824,2.970769166946411,0.0,0.0,19.644773853096254,0.002661527367308736,2.4776670932769775,0.0,0.0,-0.3594449640485303,0.002661527367308736,2.4776670932769775,0.0,0.0,-0.0005343384109437466,0.0,0.0026940188836306334,0.002747807651758194,0.002992873778566718,0.005434703081846237
scan4,subset_middle,0,24,2pct,12,0,0.006279202178120613,11.19367504119873,0.0,96.61145486632125,0.005660756025463343,11.334656715393066,0.0,119.30419830817668,-9.849119921830157,0.005660756025463343,11.334656715393066,0.0,119.30419830817668,-9.849119921830157,0.005660756025463343,11.334656715393066,0.0,119.30419830817668,0.0,0.023186326026916504,0.006226667668670416,0.006028252653777599,0.005660756025463343,0.016729071736335754
scan4,subset_middle,1,0,2pct,13,0,0.010012357495725155,25.612319946289062,0.0,2.9125535984257556,0.010063082911074162,25.942502975463867,0.0,0.0,0.5066280880468383,0.01019267737865448,26.003541946411133,0.0,0.0,1.8009732773356717,0.01019267737865448,26.003541946411133,0.0,0.0,0.00012959446758031845,0.023186326026916504,0.010007579810917377,0.00996373314410448,0.010839753784239292,0.026575421914458275
scan4,subset_middle,2,1,2pct,13,0,0.008321625180542469,22.83893394470215,0.0,0.0,0.00830003246665001,23.11394691467285,0.0,0.0,-0.25947712645058457,0.008386512286961079,23.171009063720703,0.0,4.932447576107742,0.7797407959484636,0.008386512286961079,23.171009063720703,0.0,4.932447576107742,8.647982031106949e-05,0.023186326026916504,0.008295979350805283,0.0082081975415349,0.009011084213852882,0.02405153587460518
scan4,subset_middle,3,2,2pct,13,0,0.0073970830999314785,18.99765968322754,0.0,2.6516608626987783,0.007249865680932999,19.260940551757812,0.0,4.062836001831358,-1.9902090730850863,0.0073335980996489525,19.315460205078125,0.0,2.624578949196266,-0.8582437080247767,0.0073335980996489525,19.315460205078125,0.0,2.624578949196266,8.373241871595383e-05,0.023186326026916504,0.007341785356402397,0.007264502812176943,0.007890617474913597,0.020896678790450096
scan4,subset_middle,4,3,2pct,13,0,0.0073531209491193295,19.99932861328125,0.0,0.0,0.007309392094612122,20.27208137512207,0.0,0.0,-0.5946978814818108,0.0074167801067233086,20.323715209960938,0.0,2.9998961365411745,0.8657433767848394,0.0074167801067233086,20.323715209960938,0.0,2.9998961365411745,0.00010738801211118698,0.023186326026916504,0.007362303789705038,0.007339136209338903,0.007825121283531189,0.02031058259308338
scan4,subset_middle,5,4,2pct,15,0,0.006704268045723438,18.50800895690918,0.0,0.0,0.006704268977046013,18.410991668701172,0.0,1.89227488124806,1.3891487754723e-05,0.006994958035647869,18.731616973876953,0.0,0.0,4.335894506930671,0.007003882434219122,18.73381233215332,0.0,0.0,0.00029068905860185623,0.023186326026916504,0.006735908333212137,0.006857297383248806,0.008164900355041027,0.022542649880051613
scan4,subset_middle,0,24,5pct,11,0,0.006279202178120613,11.19367504119873,0.0,96.61145486632125,0.006562517490237951,11.969585418701172,0.0,52.568540701719385,4.51196352785913,0.006562517490237951,11.969585418701172,0.0,52.568540701719385,4.51196352785913,0.006562517490237951,11.969585418701172,0.0,52.568540701719385,0.0,0.0,0.006226667668670416,0.006028252653777599,0.005660756025463343,0.016729071736335754
scan4,subset_middle,1,0,5pct,13,0,0.010012357495725155,25.612319946289062,0.0,2.9125535984257556,0.01001805067062378,25.879467010498047,0.0,2.719085715420794,0.05686148243363424,0.010320744477212429,26.05964469909668,0.0,2.9749300875774853,3.0800636275616617,0.010320744477212429,26.05964469909668,0.0,2.9749300875774853,0.00030269380658864975,0.0,0.010007579810917377,0.00996373314410448,0.010839753784239292,0.026575421914458275
scan4,subset_middle,2,1,5pct,13,0,0.008321625180542469,22.83893394470215,0.0,0.0,0.008272798731923103,23.0633602142334,0.0,3.0165553948136585,-0.5867417428693034,0.008490066044032574,23.208951950073242,0.0,3.3008483586370994,2.0241342266165896,0.008490066044032574,23.208951950073242,0.0,3.3008483586370994,0.00021726731210947037,0.0,0.008295979350805283,0.0082081975415349,0.009011084213852882,0.02405153587460518
scan4,subset_middle,3,2,5pct,13,0,0.0073970830999314785,18.99765968322754,0.0,2.6516608626987783,0.007226971909403801,19.212081909179688,0.0,0.0,-2.2997063603253736,0.0074330465868115425,19.33060073852539,0.0,0.0,0.486184708137146,0.0074330465868115425,19.33060073852539,0.0,0.0,0.00020607467740774155,0.0,0.007341785356402397,0.007264502812176943,0.007890617474913597,0.020896678790450096
scan4,subset_middle,4,3,5pct,13,0,0.0073531209491193295,19.99932861328125,0.0,0.0,0.007272146642208099,20.21344566345215,0.0,0.0,-1.1012236500873585,0.007510770112276077,20.3623104095459,0.0,0.0,2.143976200685631,0.007510770112276077,20.3623104095459,0.0,0.0,0.0002386234700679779,0.0,0.007362303789705038,0.007339136209338903,0.007825121283531189,0.02031058259308338
scan4,subset_middle,5,4,5pct,14,0,0.006704268045723438,18.50800895690918,0.0,0.0,0.006834832020103931,18.521028518676758,0.0,0.0,1.9474754513101271,0.007361134048551321,18.923044204711914,0.0,3.8904305012360116,9.797728825101029,0.007361134048551321,18.923044204711914,0.0,3.8904305012360116,0.0005263020284473896,0.0,0.006735908333212137,0.006857297383248806,0.008164900355041027,0.022542649880051613
scan4,subset_uniform,0,0,2pct,15,0,0.010559925809502602,26.34758758544922,0.0,97.83965948287295,0.01066682394593954,26.356449127197266,0.0,144.24431987377642,1.0123000707139855,0.010843556374311447,26.401060104370117,0.0,119.93931027833949,2.6859143702848156,0.010843556374311447,26.401060104370117,0.0,119.93931027833949,0.00017673242837190628,0.0,0.01066682394593954,0.011057478375732899,0.012996496632695198,0.025238124653697014
scan4,subset_uniform,1,8,2pct,15,0,0.007013742811977863,19.251401901245117,0.0,3.8801993047461556,0.007098090834915638,19.331689834594727,0.0,2.5756466202086488,1.2026107201097762,0.007167103700339794,19.352161407470703,0.0,2.5756466202086488,2.1865770170532293,0.007167103700339794,19.352161407470703,0.0,2.5756466202086488,6.901286542415619e-05,0.0,0.007098090834915638,0.00735998572781682,0.008963968604803085,0.018957320600748062
scan4,subset_uniform,2,16,2pct,15,0,0.005663504358381033,14.442303657531738,0.0,3.20534032936893,0.005666876211762428,14.408642768859863,0.0,0.7903101431656271,0.059536519582713214,0.005705502815544605,14.41608715057373,0.0,0.7903101431656271,0.7415630766032989,0.005705502815544605,14.41608715057373,0.0,0.7903101431656271,3.862660378217697e-05,0.0,0.005666876211762428,0.005832077004015446,0.007073958404362202,0.01670258678495884
scan4,subset_uniform,3,24,2pct,15,0,0.00583442859351635,11.397997856140137,0.0,0.0,0.005881069228053093,11.445099830627441,0.0,0.0,0.799403639776716,0.005927057005465031,11.494927406311035,0.0,0.0,1.5876175441004874,0.005927057005465031,11.494927406311035,0.0,0.0,4.5987777411937714e-05,0.0,0.005881069228053093,0.006058375351130962,0.00712709641084075,0.01546423975378275
scan4,subset_uniform,4,32,2pct,14,0,0.007096343208104372,11.42091178894043,0.0,2.671883558727305,0.007168442476540804,11.502762794494629,0.0,2.231339985799479,1.0160059388628637,0.007168442476540804,11.502762794494629,0.0,2.231339985799479,1.0160059388628637,0.007168442476540804,11.502762794494629,0.0,2.231339985799479,0.0,0.0,0.007095456589013338,0.007168442476540804,0.007993398234248161,0.014883588068187237
scan4,subset_uniform,5,40,2pct,15,0,0.006051379255950451,9.129871368408203,0.0,0.0,0.006074040196835995,9.09104061126709,0.0,3.84634034948311,0.37447563484408675,0.006173070054501295,9.142195701599121,0.0,3.6254187345526936,2.0109597069326473,0.006173070054501295,9.142195701599121,0.0,3.6254187345526936,9.902985766530037e-05,0.0,0.006074040196835995,0.00621146522462368,0.007192905060946941,0.01652052439749241
scan4,subset_uniform,0,0,5pct,14,0,0.010559925809502602,26.34758758544922,0.0,97.83965948287295,0.011057478375732899,26.46109962463379,0.0,40.99996926671282,4.711705131323579,0.011287970468401909,26.530929565429688,0.0,157.1272587617144,6.894410737660286,0.011287970468401909,26.530929565429688,0.0,157.1272587617144,0.00023049209266901016,0.0,0.01066682394593954,0.011057478375732899,0.012996496632695198,0.025238124653697014
scan4,subset_uniform,1,8,5pct,14,0,0.007013742811977863,19.251401901245117,0.0,3.8801993047461556,0.00735998572781682,19.542612075805664,0.0,2.433330450784736,4.936635475821174,0.007498747203499079,19.574077606201172,0.0,2.433330450784736,6.915058115517712,0.007498747203499079,19.574077606201172,0.0,2.433330450784736,0.0001387614756822586,0.0,0.007098090834915638,0.00735998572781682,0.008963968604803085,0.018957320600748062
scan4,subset_uniform,2,16,5pct,14,0,0.005663504358381033,14.442303657531738,0.0,3.20534032936893,0.005832077004015446,14.475549697875977,0.0,0.0,2.9764724270928413,0.0059062824584543705,14.506664276123047,0.0,0.0,4.286711631360658,0.0059062824584543705,14.506664276123047,0.0,0.0,7.420545443892479e-05,0.0,0.005666876211762428,0.005832077004015446,0.007073958404362202,0.01670258678495884
scan4,subset_uniform,3,24,5pct,14,0,0.00583442859351635,11.397997856140137,0.0,0.0,0.006058375351130962,11.598827362060547,0.0,3.797100661982842,3.838366585949459,0.006112902890890837,11.645730018615723,0.0,3.050820319445497,4.7729489342615015,0.006112902890890837,11.645730018615723,0.0,3.050820319445497,5.4527539759874344e-05,0.0,0.005881069228053093,0.006058375351130962,0.00712709641084075,0.01546423975378275
scan4,subset_uniform,4,32,5pct,13,0,0.007096343208104372,11.42091178894043,0.0,2.671883558727305,0.007424985058605671,11.773713111877441,0.0,4.029294223477895,4.631143687159519,0.007424985058605671,11.773713111877441,0.0,4.029294223477895,4.631143687159519,0.007424985058605671,11.773713111877441,0.0,4.029294223477895,0.0,0.0,0.007095456589013338,0.007168442476540804,0.007993398234248161,0.014883588068187237
scan4,subset_uniform,5,40,5pct,14,0,0.006051379255950451,9.129871368408203,0.0,0.0,0.00621146522462368,9.191072463989258,0.0,0.0,2.6454459702854227,0.006328826304525137,9.24996566772461,0.0,0.0,4.584856391241161,0.006328826304525137,9.24996566772461,0.0,0.0,0.00011736107990145683,0.0,0.006074040196835995,0.00621146522462368,0.007192905060946941,0.01652052439749241
scan9,subset_middle,0,24,2pct,16,1,0.0064375391229987144,9.535917282104492,0.0,78.7583034325809,0.0064375391229987144,9.535917282104492,0.0,78.7583034325809,0.0,0.0064375391229987144,9.535917282104492,0.0,78.7583034325809,0.0,0.0064375391229987144,9.535917282104492,0.0,78.7583034325809,0.0,0.0,0.006934802979230881,0.007866485975682735,0.011583002284169197,0.01982167921960354
scan9,subset_middle,1,0,2pct,16,1,0.008517464622855186,10.505579948425293,0.0,2.166092042431994,0.008517464622855186,10.505579948425293,0.0,2.166092042431994,0.0,0.008517464622855186,10.505579948425293,0.0,2.166092042431994,0.0,0.008517464622855186,10.505579948425293,0.0,2.166092042431994,0.0,0.0,0.009009110741317272,0.009940508753061295,0.014619422145187855,0.03483177721500397
scan9,subset_middle,2,1,2pct,16,1,0.008016612380743027,11.038130760192871,0.0,3.4522999060759045,0.008016612380743027,11.038130760192871,0.0,3.4522999060759045,0.0,0.008016612380743027,11.038130760192871,0.0,3.4522999060759045,0.0,0.008016612380743027,11.038130760192871,0.0,3.4522999060759045,0.0,0.0,0.008497386239469051,0.00943614263087511,0.014222392812371254,0.03172272443771362
scan9,subset_middle,3,2,2pct,16,1,0.007165900897234678,9.90674114227295,0.0,2.584219788277484,0.007165900897234678,9.90674114227295,0.0,2.584219788277484,0.0,0.007165900897234678,9.90674114227295,0.0,2.584219788277484,0.0,0.007165900897234678,9.90674114227295,0.0,2.584219788277484,0.0,0.0,0.007643125485628843,0.00856319721788168,0.01319933868944645,0.028840454295277596
scan9,subset_middle,4,3,2pct,16,1,0.007297448348253965,9.050064086914062,0.0,0.0,0.007297448348253965,9.050064086914062,0.0,0.0,0.0,0.007297448348253965,9.050064086914062,0.0,0.0,0.0,0.007297448348253965,9.050064086914062,0.0,0.0,0.0,0.0,0.0077136363834142685,0.008529240265488625,0.012589464895427227,0.02892518974840641
scan9,subset_middle,5,4,2pct,16,1,0.009042100980877876,12.825010299682617,0.0,0.0,0.009042100980877876,12.825010299682617,0.0,0.0,0.0,0.009042100980877876,12.825010299682617,0.0,0.0,0.0,0.009042100980877876,12.825010299682617,0.0,0.0,0.0,0.0,0.009393270127475262,0.010099195875227451,0.013605526648461819,0.03172904625535011
scan9,subset_middle,0,24,5pct,16,1,0.0064375391229987144,9.535917282104492,0.0,78.7583034325809,0.0064375391229987144,9.535917282104492,0.0,78.7583034325809,0.0,0.006558505352586508,9.579984664916992,0.0,82.12452118388667,1.8790756417406476,0.006558505352586508,9.579984664916992,0.0,82.12452118388667,0.00012096622958779335,0.0,0.006934802979230881,0.007866485975682735,0.011583002284169197,0.01982167921960354
scan9,subset_middle,1,0,5pct,16,1,0.008517464622855186,10.505579948425293,0.0,2.166092042431994,0.008517464622855186,10.505579948425293,0.0,2.166092042431994,0.0,0.00867619551718235,10.578041076660156,0.0,0.2748253344580246,1.8635932329115403,0.00867619551718235,10.578041076660156,0.0,0.2748253344580246,0.0001587308943271637,0.0,0.009009110741317272,0.009940508753061295,0.014619422145187855,0.03483177721500397
scan9,subset_middle,2,1,5pct,16,1,0.008016612380743027,11.038130760192871,0.0,3.4522999060759045,0.008016612380743027,11.038130760192871,0.0,3.4522999060759045,0.0,0.008159460499882698,11.0908784866333,0.0,3.4522999060759045,1.7819012864188317,0.008159460499882698,11.0908784866333,0.0,3.4522999060759045,0.00014284811913967133,0.0,0.008497386239469051,0.00943614263087511,0.014222392812371254,0.03172272443771362
scan9,subset_middle,3,2,5pct,16,1,0.007165900897234678,9.90674114227295,0.0,2.584219788277484,0.007165900897234678,9.90674114227295,0.0,2.584219788277484,0.0,0.007325372658669949,9.976921081542969,0.0,2.0769768567835447,2.2254251589888785,0.007325372658669949,9.976921081542969,0.0,2.0769768567835447,0.0001594717614352703,0.0,0.007643125485628843,0.00856319721788168,0.01319933868944645,0.028840454295277596
scan9,subset_middle,4,3,5pct,16,1,0.007297448348253965,9.050064086914062,0.0,0.0,0.007297448348253965,9.050064086914062,0.0,0.0,0.0,0.007438282016664743,9.138313293457031,0.0,0.0,1.929902915235773,0.007438282016664743,9.138313293457031,0.0,0.0,0.00014083366841077805,0.0,0.0077136363834142685,0.008529240265488625,0.012589464895427227,0.02892518974840641
scan9,subset_middle,5,4,5pct,15,0,0.009042100980877876,12.825010299682617,0.0,0.0,0.009393270127475262,13.229363441467285,0.0,3.5205322152238625,3.8837118424139874,0.009393270127475262,13.229363441467285,0.0,3.5205322152238625,3.8837118424139874,0.009393270127475262,13.229363441467285,0.0,3.5205322152238625,0.0,0.0,0.009393270127475262,0.010099195875227451,0.013605526648461819,0.03172904625535011
scan9,subset_uniform,0,0,2pct,16,1,0.00868688989430666,10.74161148071289,0.0,13.150564482639288,0.00868688989430666,10.74161148071289,0.0,13.150564482639288,0.0,0.008855493739247322,10.803679466247559,0.0,17.691342544755464,1.940899988281933,0.008855493739247322,10.803679466247559,0.0,17.691342544755464,0.00016860384494066238,0.0,0.00889956671744585,0.009412539191544056,0.012205168604850769,0.03305483236908913
scan9,subset_uniform,1,8,2pct,16,1,0.006972805131226778,10.359121322631836,0.0,0.0,0.006972805131226778,10.359121322631836,0.0,0.0,0.0,0.006993931718170643,10.41568660736084,0.0,0.0,0.3029854778136882,0.006993931718170643,10.41568660736084,0.0,0.0,2.1126586943864822e-05,0.0,0.007160136476159096,0.007622078992426395,0.010424135252833366,0.024066079407930374
scan9,subset_uniform,2,16,2pct,15,0,0.0064910766668617725,10.047806739807129,0.0,0.0,0.0066115474328398705,10.329071998596191,0.0,2.564298474346084,1.855944277982803,0.0066115474328398705,10.329071998596191,0.0,2.564298474346084,1.855944277982803,0.0066115474328398705,10.329071998596191,0.0,2.564298474346084,0.0,0.0,0.0066115474328398705,0.006943905260413885,0.009169104509055614,0.021022407338023186
scan9,subset_uniform,3,24,2pct,16,1,0.006245010532438755,10.179381370544434,0.0,0.0,0.006245010532438755,10.179381370544434,0.0,0.0,0.0,0.006278180982917547,10.189720153808594,0.0,0.0,0.5311512335566665,0.006278180982917547,10.189720153808594,0.0,0.0,3.317045047879219e-05,0.0,0.006452718283981085,0.006902341730892658,0.009163806214928627,0.017015770077705383
scan9,subset_uniform,4,32,2pct,16,1,0.0059392573311924934,8.383407592773438,0.0,0.0,0.0059392573311924934,8.383407592773438,0.0,0.0,0.0,0.005924197379499674,8.384653091430664,0.0,0.0,-0.2535662432696082,0.005924197379499674,8.384653091430664,0.0,0.0,-1.5059951692819595e-05,0.0,0.0061036706902086735,0.006472372449934483,0.008140670135617256,0.01163091417402029
scan9,subset_uniform,5,40,2pct,15,0,0.005553250201046467,7.889715671539307,0.0,0.0,0.005611225962638855,8.048295021057129,0.0,1.9879050001476433,1.0439969296082332,0.005611225962638855,8.048295021057129,0.0,1.9879050001476433,1.0439969296082332,0.005611225962638855,8.048295021057129,0.0,1.9879050001476433,0.0,0.0,0.005611225962638855,0.005808051209896803,0.00711870240047574,0.02323697879910469
scan9,subset_uniform,0,0,5pct,15,0,0.00868688989430666,10.74161148071289,0.0,13.150564482639288,0.00889956671744585,10.871349334716797,0.0,65.29598008791825,2.4482504754501138,0.009012418799102306,10.905991554260254,0.0,55.10189201582296,3.7473584764668946,0.009012418799102306,10.905991554260254,0.0,55.10189201582296,0.000112852081656456,0.0,0.00889956671744585,0.009412539191544056,0.012205168604850769,0.03305483236908913
scan9,subset_uniform,1,8,5pct,15,0,0.006972805131226778,10.359121322631836,0.0,0.0,0.007160136476159096,10.445868492126465,0.0,0.0,2.6865994589950506,0.007202919106930494,10.47859001159668,0.0,0.0,3.300163583708679,0.007202919106930494,10.47859001159668,0.0,0.0,4.2782630771398544e-05,0.0,0.007160136476159096,0.007622078992426395,0.010424135252833366,0.024066079407930374
scan9,subset_uniform,2,16,5pct,15,0,0.0064910766668617725,10.047806739807129,0.0,0.0,0.0066115474328398705,10.329071998596191,0.0,3.3736519853305,1.855944277982803,0.006666306406259537,10.342649459838867,0.0,3.3736519853305,2.6995481395612937,0.006666306406259537,10.342649459838867,0.0,3.3736519853305,5.475897341966629e-05,0.0,0.0066115474328398705,0.006943905260413885,0.009169104509055614,0.021022407338023186
scan9,subset_uniform,3,24,5pct,15,0,0.006245010532438755,10.179381370544434,0.0,0.0,0.006452718283981085,10.235557556152344,0.0,2.503583855596783,3.325979203132221,0.006459102965891361,10.213615417480469,0.0,0.905037951232242,3.428215730630648,0.006459102965891361,10.213615417480469,0.0,0.905037951232242,6.384681910276413e-06,0.0,0.006452718283981085,0.006902341730892658,0.009163806214928627,0.017015770077705383
scan9,subset_uniform,4,32,5pct,15,0,0.0059392573311924934,8.383407592773438,0.0,0.0,0.0061036706902086735,8.552140235900879,0.0,0.0,2.768247776581333,0.006113090552389622,8.56748104095459,0.0,0.0,2.92685114490949,0.006113090552389622,8.56748104095459,0.0,0.0,9.419862180948257e-06,0.0,0.0061036706902086735,0.006472372449934483,0.008140670135617256,0.01163091417402029
scan9,subset_uniform,5,40,5pct,14,0,0.005553250201046467,7.889715671539307,0.0,0.0,0.005808051209896803,8.244752883911133,0.0,0.0,4.588322146953163,0.005808051209896803,8.244752883911133,0.0,0.0,4.588322146953163,0.005808051209896803,8.244752883911133,0.0,0.0,0.0,0.0,0.005611225962638855,0.005808051209896803,0.00711870240047574,0.02323697879910469
scan10,subset_middle,0,24,2pct,15,0,0.0038403773214668036,3.915243148803711,0.0,88.46489016776113,0.003860633121803403,3.9684641361236572,0.0,80.80565946648139,0.5274429734644615,0.003935756161808968,4.078317165374756,0.0,151.73593090263486,2.4835799286965585,0.003935756161808968,4.078317165374756,0.0,151.73593090263486,7.512304000556469e-05,0.0,0.0038621057756245136,0.003998677246272564,0.004640284460037947,0.009656990878283978
scan10,subset_middle,1,0,2pct,14,0,0.004204561002552509,5.853386402130127,0.0,3.7144656183094424,0.0042581879533827305,6.545738220214844,0.0,3.6803607762362764,1.2754470870482144,0.0042208777740597725,6.519613742828369,0.0,0.0,0.38807313052082204,0.0042208777740597725,6.519613742828369,0.0,0.0,-3.731017932295799e-05,0.0,0.00414126506075263,0.0042581879533827305,0.005035583861172199,0.010675689205527306
scan10,subset_middle,2,1,2pct,14,0,0.004530621226876974,4.475986003875732,0.0,0.0,0.004515571519732475,4.450013160705566,0.0,3.1614928627749754,-0.3321775622119887,0.0044637019746005535,4.401268482208252,0.0,2.720525177788374,-1.4770436310022113,0.0044637019746005535,4.401268482208252,0.0,2.720525177788374,-5.186954513192177e-05,0.0,0.0044760615564882755,0.004515571519732475,0.004872371908277273,0.009813785552978516
scan10,subset_middle,3,2,2pct,13,0,0.004848916083574295,5.021844863891602,0.0,4.265215360712482,0.004903980530798435,5.25783634185791,0.0,3.5459123444059832,1.1356032209068538,0.004903980530798435,5.25783634185791,0.0,3.5459123444059832,1.1356032209068538,0.004903980530798435,5.25783634185791,0.0,3.5459123444059832,0.0,0.0,0.004805398639291525,0.004773250315338373,0.005029561463743448,0.008142960257828236
scan10,subset_middle,4,3,2pct,16,1,0.00398319261148572,5.831297874450684,0.0,1.6353025673829646,0.004067560657858849,5.917619228363037,0.0,1.8166076977451318,2.118101096337891,0.004080962389707565,5.972289085388184,0.0,1.8166076977451318,2.4545581335916813,0.004080962389707565,5.972289085388184,0.0,1.8166076977451318,1.3401731848716736e-05,0.0,0.0042165000922977924,0.004300897940993309,0.005396815948188305,0.010496831499040127
scan10,subset_middle,5,4,2pct,16,1,0.0032756798900663853,3.0626626014709473,0.0,0.0,0.0033837538212537766,3.087991714477539,0.0,3.1983699078775207,3.299282433400446,0.0033786119893193245,3.262765884399414,0.0,3.7633795911636656,3.1423125185426217,0.0033786119893193245,3.262765884399414,0.0,3.7633795911636656,-5.141831934452057e-06,0.0,0.00355013320222497,0.003537312150001526,0.0039665233343839645,0.00864000990986824
scan10,subset_middle,0,24,5pct,14,0,0.0038403773214668036,3.915243148803711,0.0,88.46489016776113,0.004041743464767933,4.2544074058532715,0.0,31.129837066951225,5.243394761643344,0.004088828805834055,4.3287835121154785,0.0,121.8842339652573,6.4694550449109824,0.004088828805834055,4.3287835121154785,0.0,121.8842339652573,4.7085341066122055e-05,0.0,0.0038621057756245136,0.003998677246272564,0.004640284460037947,0.009656990878283978
scan10,subset_middle,1,0,5pct,14,0,0.004204561002552509,5.853386402130127,0.0,3.7144656183094424,0.004299377091228962,6.521783351898193,0.0,0.0,2.2550770132456535,0.00440357718616724,6.490473747253418,0.0,0.0,4.7333403771264555,0.00440357718616724,6.490473747253418,0.0,0.0,0.0001042000949382782,0.0,0.00414126506075263,0.0042581879533827305,0.005035583861172199,0.010675689205527306
scan10,subset_middle,2,1,5pct,13,0,0.004530621226876974,4.475986003875732,0.0,0.0,0.004711680579930544,4.680939197540283,0.0,0.0,3.9963471671273822,0.004644604865461588,4.604896068572998,0.0,0.0,2.5158500981814464,0.004644604865461588,4.604896068572998,0.0,0.0,-6.7075714468956e-05,0.0,0.0044760615564882755,0.004515571519732475,0.004872371908277273,0.009813785552978516
scan10,subset_middle,3,2,5pct,12,0,0.004848916083574295,5.021844863891602,0.0,4.265215360712482,0.005029561463743448,5.489563465118408,0.0,1.20820368822778,3.725479613497324,0.005029561463743448,5.489563465118408,0.0,0.962661589216995,3.725479613497324,0.005029561463743448,5.489563465118408,0.0,0.962661589216995,0.0,0.0,0.004805398639291525,0.004773250315338373,0.005029561463743448,0.008142960257828236
scan10,subset_middle,4,3,5pct,16,1,0.00398319261148572,5.831297874450684,0.0,1.6353025673829646,0.00400318531319499,5.93264627456665,0.0,0.0,0.5019265614125865,0.004053046926856041,6.001097679138184,0.0,2.9080469542340164,1.753726776076385,0.004053046926856041,6.001097679138184,0.0,2.9080469542340164,4.9861613661050797e-05,0.0,0.0042165000922977924,0.004300897940993309,0.005396815948188305,0.010496831499040127
scan10,subset_middle,5,4,5pct,16,1,0.0032756798900663853,3.0626626014709473,0.0,0.0,0.003313959576189518,3.077713966369629,0.0,4.259839148062036,1.1686027758456252,0.0033382955007255077,3.3543457984924316,0.0,0.0,1.9115302093164386,0.0033382955007255077,3.3543457984924316,0.0,0.0,2.433592453598976e-05,0.0,0.00355013320222497,0.003537312150001526,0.0039665233343839645,0.00864000990986824
scan10,subset_uniform,0,0,2pct,11,0,0.0030962012242525816,3.2246968746185303,0.0,137.5213783341112,0.0030172558035701513,3.025301933288574,0.0,143.69163462651733,-2.5497509678650676,0.0030172558035701513,3.025301933288574,0.0,143.69163462651733,-2.5497509678650676,0.0030172558035701513,3.025301933288574,0.0,143.69163462651733,0.0,0.01156628131866455,0.0032029529102146626,0.0033136915881186724,0.003163480432704091,0.006523072253912687
scan10,subset_uniform,1,8,2pct,11,0,0.0031796821858733892,2.8066110610961914,0.0,0.0,0.003234179224818945,3.014862537384033,0.0,2.3322967984780263,1.7139146543536248,0.003234179224818945,3.014862537384033,0.0,2.3322967984780263,1.7139146543536248,0.003234179224818945,3.014862537384033,0.0,2.3322967984780263,0.0,0.01156628131866455,0.003232646966353059,0.0032634451054036617,0.003115786239504814,0.007101754192262888
scan10,subset_uniform,2,16,2pct,12,0,0.003264554077759385,3.1437833309173584,0.0,0.0,0.0032419811468571424,3.098179817199707,0.0,3.717310818985576,-0.6914552604910594,0.0034361695870757103,3.271923780441284,0.0,0.0,5.256935717055509,0.0034361695870757103,3.271923780441284,0.0,0.0,0.00019418844021856785,0.01156628131866455,0.003283389378339052,0.0033158166334033012,0.0032419811468571424,0.007545100059360266
scan10,subset_uniform,3,24,2pct,15,0,0.0032205490861088037,3.1541330814361572,0.0,2.750294130399052,0.003473401302471757,3.2685928344726562,0.0,3.873431014165496,7.851214485554056,0.0037784124724566936,3.584531545639038,0.0,3.775431459954153,17.32199607682188,0.003783369902521372,3.5862345695495605,0.0,3.775431459954153,0.0003050111699849367,0.01156628131866455,0.0032699895091354847,0.003325359895825386,0.00371933332644403,0.00845471490174532
scan10,subset_uniform,4,32,2pct,13,0,0.0036407606676220894,3.711122989654541,0.0,0.0,0.003774375654757023,3.7856714725494385,0.0,0.6889864746234564,3.6699744732795683,0.004504686687141657,4.409633159637451,0.0,0.0,23.72927248974672,0.004504686687141657,4.409633159637451,0.0,0.0,0.000730311032384634,0.01156628131866455,0.0035557905212044716,0.003633648855611682,0.003982162103056908,0.00906921923160553
scan10,subset_uniform,5,40,2pct,14,0,0.0058563100174069405,8.389904022216797,0.0,0.0,0.005709378514438868,8.411142349243164,0.0,4.2781444819244925,-2.508943388094937,0.0059915948659181595,8.5507230758667,0.0,0.0,2.3100697898353495,0.0059915948659181595,8.5507230758667,0.0,0.0,0.0002822163514792919,0.01156628131866455,0.0058466470800340176,0.005879520904272795,0.006726985331624746,0.01231849379837513
scan10,subset_uniform,0,0,5pct,11,0,0.0030962012242525816,3.2246968746185303,0.0,137.5213783341112,0.0030172558035701513,3.025301933288574,0.0,143.69163462651733,-2.5497509678650676,0.0030172558035701513,3.025301933288574,0.0,143.69163462651733,-2.5497509678650676,0.0030172558035701513,3.025301933288574,0.0,143.69163462651733,0.0,0.0,0.0032029529102146626,0.0033136915881186724,0.003163480432704091,0.006523072253912687
scan10,subset_uniform,1,8,5pct,11,0,0.0031796821858733892,2.8066110610961914,0.0,0.0,0.003234179224818945,3.014862537384033,0.0,2.3322967984780263,1.7139146543536248,0.003234179224818945,3.014862537384033,0.0,2.3322967984780263,1.7139146543536248,0.003234179224818945,3.014862537384033,0.0,2.3322967984780263,0.0,0.0,0.003232646966353059,0.0032634451054036617,0.003115786239504814,0.007101754192262888
scan10,subset_uniform,2,16,5pct,12,0,0.003264554077759385,3.1437833309173584,0.0,0.0,0.0032419811468571424,3.098179817199707,0.0,3.717310818985576,-0.6914552604910594,0.0034361695870757103,3.271923780441284,0.0,0.0,5.256935717055509,0.0034361695870757103,3.271923780441284,0.0,0.0,0.00019418844021856785,0.0,0.003283389378339052,0.0033158166334033012,0.0032419811468571424,0.007545100059360266
scan10,subset_uniform,3,24,5pct,14,0,0.0032205490861088037,3.1541330814361572,0.0,2.750294130399052,0.0034357032272964716,3.3396260738372803,0.0,0.6177064070017918,6.6806664154163125,0.0039488570764660835,3.8106212615966797,0.0,0.7276616737467131,22.614404279651907,0.0039488570764660835,3.8106212615966797,0.0,0.7276616737467131,0.0005131538491696119,0.0,0.0032699895091354847,0.003325359895825386,0.00371933332644403,0.00845471490174532
scan10,subset_uniform,4,32,5pct,13,0,0.0036407606676220894,3.711122989654541,0.0,0.0,0.003774375654757023,3.7856714725494385,0.0,0.6889864746234564,3.6699744732795683,0.004504686687141657,4.409633159637451,0.0,0.0,23.72927248974672,0.004504686687141657,4.409633159637451,0.0,0.0,0.000730311032384634,0.0,0.0035557905212044716,0.003633648855611682,0.003982162103056908,0.00906921923160553
scan10,subset_uniform,5,40,5pct,13,0,0.0058563100174069405,8.389904022216797,0.0,0.0,0.006036318372935057,8.805807113647461,0.0,4.472119293031916,3.0737504502505897,0.00652453675866127,9.304956436157227,0.0,0.0,11.41037170621318,0.00652453675866127,9.304956436157227,0.0,0.0,0.00048821838572621346,0.0,0.0058466470800340176,0.005879520904272795,0.006726985331624746,0.01231849379837513
scan11,subset_middle,0,24,2pct,15,0,0.005807994399219751,11.482669830322266,0.0,79.29779958455269,0.005869786720722914,11.558836936950684,0.0,124.92656414612107,1.063918407212369,0.006000773049890995,11.553211212158203,0.0,87.34289499280312,3.31919484456014,0.006000773049890995,11.553211212158203,0.0,87.34289499280312,0.00013098632916808128,0.0,0.005903529468923807,0.006174576934427023,0.007342908065766096,0.014257591217756271
scan11,subset_middle,1,0,2pct,15,0,0.007516474928706884,10.888819694519043,0.0,0.0,0.0074980417266488075,10.906660079956055,0.0,3.8530544254372323,-0.24523732511468724,0.007680277805775404,10.928288459777832,0.0,2.9125535984257556,2.179251292955484,0.007680277805775404,10.928288459777832,0.0,2.9125535984257556,0.00018223607912659645,0.0,0.007538121193647385,0.00771703477948904,0.008551075123250484,0.015160816721618176
scan11,subset_middle,2,1,2pct,15,0,0.0067700669169425964,10.28679370880127,0.0,2.4164607373084506,0.006741712335497141,10.29494571685791,0.0,4.706735437248208,-0.4188227648754268,0.006838500499725342,10.309089660644531,0.0,0.0,1.010825795702037,0.006838500499725342,10.309089660644531,0.0,0.0,9.678816422820091e-05,0.0,0.0067777191288769245,0.006936514284461737,0.007842092774808407,0.015362436883151531
scan11,subset_middle,3,2,2pct,13,0,0.00720139080658555,10.474849700927734,0.0,0.0,0.007185397669672966,10.645132064819336,0.0,0.0,-0.22208400213412738,0.007185397669672966,10.645132064819336,0.0,0.0,-0.22208400213412738,0.007185397669672966,10.645132064819336,0.0,0.0,0.0,0.0,0.007135630119591951,0.007128460798412561,0.007476266473531723,0.013380974531173706
scan11,subset_middle,4,3,2pct,13,0,0.007466583978384733,10.809172630310059,0.0,2.0590905123379857,0.007373534142971039,10.90359115600586,0.0,0.0,-1.2462169538716432,0.007373534142971039,10.90359115600586,0.0,0.0,-1.2462169538716432,0.007373534142971039,10.90359115600586,0.0,0.0,0.0,0.0,0.007379260379821062,0.0073486086912453175,0.007626435719430447,0.012837463989853859
scan11,subset_middle,5,4,2pct,13,0,0.007515653967857361,13.33768081665039,0.0,2.7097834246580597,0.007596204522997141,13.388081550598145,0.0,0.0,1.0717704072629652,0.007596204522997141,13.388081550598145,0.0,0.0,1.0717704072629652,0.007596204522997141,13.388081550598145,0.0,0.0,0.0,0.0,0.007503747474402189,0.007492156699299812,0.007952120155096054,0.014280284754931927
scan11,subset_middle,0,24,5pct,15,0,0.005807994399219751,11.482669830322266,0.0,79.29779958455269,0.0058016483671963215,11.556557655334473,0.0,86.63237090401421,-0.1092637421324373,0.0061049144715070724,11.58789348602295,0.0,106.31954424311888,5.11226512765249,0.006112223491072655,11.590008735656738,0.0,45.267293875218364,0.00030326610431075096,0.06458806991577148,0.005903529468923807,0.006174576934427023,0.007342908065766096,0.014257591217756271
scan11,subset_middle,1,0,5pct,14,0,0.007516474928706884,10.888819694519043,0.0,0.0,0.007679169066250324,10.952795028686523,0.0,0.0,2.164500501718954,0.008007610216736794,11.048484802246094,0.0,1.4418436490012887,6.534117291526745,0.008007610216736794,11.048484802246094,0.0,1.4418436490012887,0.00032844115048646927,0.06458806991577148,0.007538121193647385,0.00771703477948904,0.008551075123250484,0.015160816721618176
scan11,subset_middle,2,1,5pct,14,0,0.0067700669169425964,10.28679370880127,0.0,2.4164607373084506,0.0069114044308662415,10.36085033416748,0.0,1.1067680152553916,2.0876826722338206,0.007083397824317217,10.38585090637207,0.0,3.90911021484235,4.6281803594952144,0.007083397824317217,10.38585090637207,0.0,3.90911021484235,0.00017199339345097542,0.06458806991577148,0.0067777191288769245,0.006936514284461737,0.007842092774808407,0.015362436883151531
scan11,subset_middle,3,2,5pct,12,0,0.00720139080658555,10.474849700927734,0.0,0.0,0.007476266473531723,10.83493423461914,0.0,4.232256709759408,3.8169802796260353,0.007476266473531723,10.83493423461914,0.0,4.232256709759408,3.8169802796260353,0.007476266473531723,10.83493423461914,0.0,4.232256709759408,0.0,0.06458806991577148,0.007135630119591951,0.007128460798412561,0.007476266473531723,0.013380974531173706
scan11,subset_middle,4,3,5pct,12,0,0.007466583978384733,10.809172630310059,0.0,2.0590905123379857,0.007626435719430447,11.0929536819458,0.0,0.0,2.1408952408286526,0.007626435719430447,11.0929536819458,0.0,2.004474185300448,2.1408952408286526,0.007626435719430447,11.0929536819458,0.0,2.004474185300448,0.0,0.06458806991577148,0.007379260379821062,0.0073486086912453175,0.007626435719430447,0.012837463989853859
scan11,subset_middle,5,4,5pct,13,0,0.007515653967857361,13.33768081665039,0.0,2.7097834246580597,0.007596204522997141,13.388081550598145,0.0,0.0,1.0717704072629652,0.007626952137798071,13.402495384216309,0.0,2.022456365837799,1.4808847030039634,0.007626952137798071,13.402495384216309,0.0,2.022456365837799,3.074761480093002e-05,0.06458806991577148,0.007503747474402189,0.007492156699299812,0.007952120155096054,0.014280284754931927
scan11,subset_uniform,0,0,2pct,14,0,0.006597071420401335,10.937751770019531,0.0,39.07808039277087,0.0067067863419651985,11.051199913024902,0.0,16.419120774097625,1.6630852475626103,0.00674624927341938,11.047943115234375,0.0,163.72834972658657,2.2612738821761935,0.00674624927341938,11.047943115234375,0.0,163.72834972658657,3.946293145418167e-05,0.049402832984924316,0.006622719578444958,0.006699206307530403,0.007039023097604513,0.010797807015478611
scan11,subset_uniform,1,8,2pct,12,0,0.005872352048754692,9.957401275634766,0.0,0.0,0.005801585037261248,10.20958137512207,0.0,2.4543941138548204,-1.205088027861877,0.005801585037261248,10.20958137512207,0.0,2.921277884429977,-1.205088027861877,0.005801585037261248,10.20958137512207,0.0,2.921277884429977,0.0,0.049402832984924316,0.0057532694190740585,0.0056701707653701305,0.005801585037261248,0.009465587325394154
scan11,subset_uniform,2,16,2pct,12,0,0.005879092961549759,10.692482948303223,0.0,0.0,0.00593117531388998,10.962985038757324,0.0,3.247511838295293,0.8858909474786095,0.00593117531388998,10.962985038757324,0.0,3.9378085353006282,0.8858909474786095,0.00593117531388998,10.962985038757324,0.0,3.9378085353006282,0.0,0.049402832984924316,0.005765887442976236,0.005722141824662685,0.00593117531388998,0.009953481145203114
scan11,subset_uniform,3,24,2pct,13,0,0.004998770076781511,11.495235443115234,0.0,0.0,0.005048486869782209,11.625384330749512,0.0,3.957452586240408,0.9945805115467233,0.0051185498014092445,11.616728782653809,0.0,0.0,2.3961839170017223,0.0051185498014092445,11.616728782653809,0.0,0.0,7.006293162703514e-05,0.049402832984924316,0.0049300845712423325,0.004946691915392876,0.005274979863315821,0.00926822330802679
scan11,subset_uniform,4,32,2pct,14,0,0.004356368910521269,6.462902069091797,0.0,4.15133561668086,0.0043338448740541935,6.482487201690674,0.0,4.389231532359227,-0.5170369390130505,0.0044645341113209724,6.535531997680664,0.0,4.389231532359227,2.48292105240373,0.0044645341113209724,6.535531997680664,0.0,4.389231532359227,0.00013068923726677895,0.049402832984924316,0.0043020714074373245,0.0043301330879330635,0.004778715781867504,0.008203623816370964
scan11,subset_uniform,5,40,2pct,15,0,0.005797107238322496,11.820780754089355,0.0,0.0,0.005858514923602343,11.842345237731934,0.0,2.080460466703663,1.0592815132675668,0.006088165566325188,11.917343139648438,0.0,2.3637227122926663,5.0207511442709585,0.006095862481743097,11.924211502075195,0.0,2.3637227122926663,0.00022965064272284508,0.049402832984924316,0.0058520520105957985,0.006009487900882959,0.0068635051138699055,0.015156077221035957
scan11,subset_uniform,0,0,5pct,13,0,0.006597071420401335,10.937751770019531,0.0,39.07808039277087,0.006816816050559282,11.116026878356934,0.0,27.693071999255693,3.330942112865277,0.006855709943920374,11.132505416870117,0.0,21.853350758901293,3.920505130794913,0.006855709943920374,11.132505416870117,0.0,21.853350758901293,3.8893893361091614e-05,0.0,0.006622719578444958,0.006699206307530403,0.007039023097604513,0.010797807015478611
scan11,subset_uniform,1,8,5pct,11,0,0.005872352048754692,9.957401275634766,0.0,0.0,0.006151279900223017,10.367724418640137,0.0,3.78268554773953,4.749848938765088,0.006151279900223017,10.367724418640137,0.0,4.0968204618204025,4.749848938765088,0.006151279900223017,10.367724418640137,0.0,4.0968204618204025,0.0,0.0,0.0057532694190740585,0.0056701707653701305,0.005801585037261248,0.009465587325394154
scan11,subset_uniform,2,16,5pct,12,0,0.005879092961549759,10.692482948303223,0.0,0.0,0.00593117531388998,10.962985038757324,0.0,0.0,0.8858909474786095,0.005970034748315811,10.958840370178223,0.0,1.9946867376632313,1.5468676437135216,0.005970034748315811,10.958840370178223,0.0,1.9946867376632313,3.885943442583084e-05,0.0,0.005765887442976236,0.005722141824662685,0.00593117531388998,0.009953481145203114
scan11,subset_uniform,3,24,5pct,13,0,0.004998770076781511,11.495235443115234,0.0,0.0,0.005054153501987457,11.63055419921875,0.0,0.0,1.1079410406010297,0.0051354579627513885,11.606139183044434,0.0,0.0,2.7344303472722347,0.0051354579627513885,11.606139183044434,0.0,0.0,8.130446076393127e-05,0.0,0.0049300845712423325,0.004946691915392876,0.005274979863315821,0.00926822330802679
scan11,subset_uniform,4,32,5pct,13,0,0.004356368910521269,6.462902069091797,0.0,4.15133561668086,0.004503630567342043,6.543119430541992,0.0,0.0,3.3803761767079834,0.004583837930113077,6.576027870178223,0.0,4.146331649340179,5.2215279344785825,0.004583837930113077,6.576027870178223,0.0,4.146331649340179,8.020736277103424e-05,0.0,0.0043020714074373245,0.0043301330879330635,0.004778715781867504,0.008203623816370964
scan11,subset_uniform,5,40,5pct,14,0,0.005797107238322496,11.820780754089355,0.0,0.0,0.006002593319863081,11.871009826660156,0.0,0.0,3.544631366868519,0.006338323466479778,11.981695175170898,0.0,0.0,9.335970612713611,0.006338323466479778,11.981695175170898,0.0,0.0,0.0003357301466166973,0.0,0.0058520520105957985,0.006009487900882959,0.0068635051138699055,0.015156077221035957
scan12,subset_middle,0,24,2pct,15,0,0.012426581233739853,48.6202278137207,0.0,72.85184270629901,0.012565992772579193,48.59025192260742,0.0,86.53971938792299,1.1218816842465003,0.012565992772579193,48.59025192260742,0.0,86.53971938792299,1.1218816842465003,0.012565992772579193,48.59025192260742,0.0,86.53971938792299,0.0,0.0,0.012565992772579193,0.012869104743003845,0.014192098751664162,0.02012121118605137
scan12,subset_middle,1,0,2pct,16,1,0.004975432530045509,5.512521743774414,0.0,1.2963371409047453,0.004975432530045509,5.512521743774414,0.0,1.2963371409047453,0.0,0.005099097732454538,5.778121471405029,0.0,3.5437582734964908,2.485516619153066,0.005099097732454538,5.778121471405029,0.0,3.5437582734964908,0.000123665202409029,0.0,0.0050960625521838665,0.005378857720643282,0.006679142825305462,0.01329247746616602
scan12,subset_middle,2,1,2pct,16,1,0.005113944411277771,4.896920204162598,0.0,1.4926588690440084,0.005113944411277771,4.896920204162598,0.0,2.1467602592033304,0.0,0.005199011880904436,5.042381763458252,0.0,0.0,1.6634414218321576,0.005199011880904436,5.042381763458252,0.0,0.0,8.506746962666512e-05,0.0,0.005334109999239445,0.005830687470734119,0.0072825513780117035,0.012758486904203892
scan12,subset_middle,3,2,2pct,15,0,0.005981894209980965,5.882970333099365,0.0,1.7513361688806683,0.006071047857403755,6.078349590301514,0.0,4.338785462696805,1.490391576534989,0.006071047857403755,6.078349590301514,0.0,4.338785462696805,1.490391576534989,0.006071047857403755,6.078349590301514,0.0,4.338785462696805,0.0,0.0,0.006071047857403755,0.006431491579860449,0.007709367200732231,0.013918791897594929
scan12,subset_middle,4,3,2pct,15,0,0.006030912045389414,5.686173439025879,0.0,0.0,0.005984263028949499,5.755941390991211,0.0,3.2943176305735093,-0.7734985370177554,0.005984263028949499,5.755941390991211,0.0,3.2943176305735093,-0.7734985370177554,0.005984263028949499,5.755941390991211,0.0,3.2943176305735093,0.0,0.0,0.005984263028949499,0.006205770652741194,0.007273716852068901,0.014935505576431751
scan12,subset_middle,5,4,2pct,15,0,0.005781597923487425,8.652953147888184,0.0,0.0,0.005896877031773329,8.945051193237305,0.0,0.0,1.993897012754707,0.005896877031773329,8.945051193237305,0.0,0.0,1.993897012754707,0.005896877031773329,8.945051193237305,0.0,0.0,0.0,0.0,0.005896877031773329,0.006334319245070219,0.007741671986877918,0.015377636067569256
scan12,subset_middle,0,24,5pct,14,0,0.012426581233739853,48.6202278137207,0.0,72.85184270629901,0.012869104743003845,48.47141647338867,0.0,94.74565209074888,3.5611042244063156,0.012869104743003845,48.47141647338867,0.0,94.74565209074888,3.5611042244063156,0.012869104743003845,48.47141647338867,0.0,94.74565209074888,0.0,0.0,0.012565992772579193,0.012869104743003845,0.014192098751664162,0.02012121118605137
scan12,subset_middle,1,0,5pct,15,0,0.004975432530045509,5.512521743774414,0.0,1.2963371409047453,0.0050960625521838665,5.7528181076049805,0.0,3.7127256276183815,2.4245132741706334,0.005259006284177303,6.052596569061279,0.0,0.5256317217303176,5.699479440618607,0.005259006284177303,6.052596569061279,0.0,0.5256317217303176,0.0001629437319934368,0.0,0.0050960625521838665,0.005378857720643282,0.006679142825305462,0.01329247746616602
scan12,subset_middle,2,1,5pct,15,0,0.005113944411277771,4.896920204162598,0.0,1.4926588690440084,0.005334109999239445,5.150893688201904,0.0,5.0313521303841116,4.305201039654303,0.0054548513144254684,5.352654933929443,0.0,2.6922456333035827,6.666222307694548,0.0054548513144254684,5.352654933929443,0.0,2.6922456333035827,0.00012074131518602371,0.0,0.005334109999239445,0.005830687470734119,0.0072825513780117035,0.012758486904203892
scan12,subset_middle,3,2,5pct,15,0,0.005981894209980965,5.882970333099365,0.0,1.7513361688806683,0.006071047857403755,6.078349590301514,0.0,4.656525009112152,1.490391576534989,0.0061431825160980225,6.206048011779785,0.0,2.070937475453373,2.696274799509887,0.0061431825160980225,6.206048011779785,0.0,2.070937475453373,7.213465869426727e-05,0.0,0.006071047857403755,0.006431491579860449,0.007709367200732231,0.013918791897594929
scan12,subset_middle,4,3,5pct,14,0,0.006030912045389414,5.686173439025879,0.0,0.0,0.006205770652741194,6.055849552154541,0.0,0.4893895640554663,2.8993725333046103,0.006205770652741194,6.055849552154541,0.0,0.4893895640554663,2.8993725333046103,0.006205770652741194,6.055849552154541,0.0,0.4893895640554663,0.0,0.0,0.005984263028949499,0.006205770652741194,0.007273716852068901,0.014935505576431751
scan12,subset_middle,5,4,5pct,15,0,0.005781597923487425,8.652953147888184,0.0,0.0,0.005896877031773329,8.945051193237305,0.0,0.0,1.993897012754707,0.005997108295559883,8.97580623626709,0.0,3.1373122855658377,3.727522649006068,0.005997108295559883,8.97580623626709,0.0,3.1373122855658377,0.00010023126378655434,0.0,0.005896877031773329,0.006334319245070219,0.007741671986877918,0.015377636067569256
scan12,subset_uniform,0,0,2pct,15,0,0.004606348928064108,4.646332263946533,0.0,90.89033132316767,0.004668722860515118,4.68847131729126,0.0,142.3454316618645,1.3540861412169096,0.004668722860515118,4.68847131729126,0.0,142.3454316618645,1.3540861412169096,0.004668722860515118,4.68847131729126,0.0,142.3454316618645,0.0,0.0,0.004668722860515118,0.00495112594217062,0.006131625268608332,0.015784988179802895
scan12,subset_uniform,1,8,2pct,15,0,0.0054995291866362095,15.100403785705566,0.0,2.3222890772400766,0.005526926834136248,15.080940246582031,0.0,0.0,0.4981816910184622,0.005526926834136248,15.080940246582031,0.0,0.0,0.4981816910184622,0.005526926834136248,15.080940246582031,0.0,0.0,0.0,0.0,0.005526926834136248,0.0056954422034323215,0.006944619584828615,0.012278961949050426
scan12,subset_uniform,2,16,2pct,15,0,0.004734836984425783,12.222994804382324,0.0,1.705938676231944,0.0047134580090641975,12.243755340576172,0.0,0.0,-0.4515250563410548,0.0047134580090641975,12.243755340576172,0.0,0.0,-0.4515250563410548,0.0047134580090641975,12.243755340576172,0.0,0.0,0.0,0.0,0.0047134580090641975,0.004973195493221283,0.006625051144510508,0.013165951706469059
scan12,subset_uniform,3,24,2pct,15,0,0.012192447669804096,48.5724983215332,0.0,3.4310808562022017,0.012241272255778313,48.57533645629883,0.0,2.903870506999965,0.4004494199727901,0.012241272255778313,48.57533645629883,0.0,2.903870506999965,0.4004494199727901,0.012241272255778313,48.57533645629883,0.0,2.903870506999965,0.0,0.0,0.012241272255778313,0.01247319020330906,0.013432425446808338,0.01964316889643669
scan12,subset_uniform,4,32,2pct,15,0,0.011099510826170444,57.3758659362793,0.0,0.0,0.011191071942448616,57.34326934814453,0.0,0.0,0.8249112750292436,0.011191071942448616,57.34326934814453,0.0,0.0,0.8249112750292436,0.011191071942448616,57.34326934814453,0.0,0.0,0.0,0.0,0.011191071942448616,0.011468532495200634,0.012608152814209461,0.021111546084284782
scan12,subset_uniform,5,40,2pct,15,0,0.046667613089084625,120.03367614746094,0.0,2.57115918592395,0.04689663276076317,120.2135238647461,0.0,0.0,0.4907464867366656,0.04689663276076317,120.2135238647461,0.0,0.0,0.4907464867366656,0.04689663276076317,120.2135238647461,0.0,0.0,0.0,0.0,0.04689663276076317,0.047637682408094406,0.05079948157072067,0.06422232836484909
scan12,subset_uniform,0,0,5pct,15,0,0.004606348928064108,4.646332263946533,0.0,90.89033132316767,0.004683671053498983,4.67542028427124,0.0,141.54649077426976,1.678598965089068,0.004640467464923859,4.720071792602539,0.0,35.69050463993048,0.7406850282635798,0.004640467464923859,4.720071792602539,0.0,35.69050463993048,-4.320358857512474e-05,0.0,0.004668722860515118,0.00495112594217062,0.006131625268608332,0.015784988179802895
scan12,subset_uniform,1,8,5pct,14,0,0.0054995291866362095,15.100403785705566,0.0,2.3222890772400766,0.0056954422034323215,15.017168045043945,0.0,1.6891070624046227,3.5623597974928174,0.005815970711410046,15.023204803466797,0.0,0.0,5.753974822840932,0.005815970711410046,15.023204803466797,0.0,0.0,0.00012052850797772408,0.0,0.005526926834136248,0.0056954422034323215,0.006944619584828615,0.012278961949050426
scan12,subset_uniform,2,16,5pct,15,0,0.004734836984425783,12.222994804382324,0.0,1.705938676231944,0.004702030681073666,12.236085891723633,0.0,0.0,-0.6928708097032008,0.005071829538792372,12.338790893554688,0.0,3.7720590540514594,7.117300035356071,0.005071829538792372,12.338790893554688,0.0,3.7720590540514594,0.00036979885771870613,0.0,0.0047134580090641975,0.004973195493221283,0.006625051144510508,0.013165951706469059
scan12,subset_uniform,3,24,5pct,13,0,0.012192447669804096,48.5724983215332,0.0,3.4310808562022017,0.012801292352378368,48.336326599121094,0.0,3.886855324092333,4.993621453731077,0.012801292352378368,48.336326599121094,0.0,0.0,4.993621453731077,0.012801292352378368,48.336326599121094,0.0,0.0,0.0,0.0,0.012241272255778313,0.01247319020330906,0.013432425446808338,0.01964316889643669
scan12,subset_uniform,4,32,5pct,14,0,0.011099510826170444,57.3758659362793,0.0,0.0,0.011468532495200634,57.249061584472656,0.0,0.0,3.32466605789608,0.011606279760599136,57.10361862182617,0.0,0.0,4.565687104280589,0.011606279760599136,57.10361862182617,0.0,0.0,0.00013774726539850235,0.0,0.011191071942448616,0.011468532495200634,0.012608152814209461,0.021111546084284782
scan12,subset_uniform,5,40,5pct,13,0,0.046667613089084625,120.03367614746094,0.0,2.57115918592395,0.04886123165488243,121.13909149169922,0.0,4.0956734169266635,4.700515883703692,0.04886123165488243,121.13909149169922,0.0,4.292540813147587,4.700515883703692,0.04886123165488243,121.13909149169922,0.0,4.292540813147587,0.0,0.0,0.04689663276076317,0.047637682408094406,0.05079948157072067,0.06422232836484909
scan15,subset_middle,0,24,2pct,16,1,0.010590092279016972,11.963955879211426,0.0,58.30754226502548,0.010590092279016972,11.963955879211426,0.0,58.30754226502548,0.0,0.010590092279016972,11.963955879211426,0.0,58.30754226502548,0.0,0.010590092279016972,11.963955879211426,0.0,58.30754226502548,0.0,0.0,0.010944186709821224,0.011549137532711029,0.014175084419548512,0.021852388978004456
scan15,subset_middle,1,0,2pct,16,1,0.007616203743964434,8.649591445922852,0.0,4.7833991880397235,0.007616203743964434,8.649591445922852,0.0,4.7833991880397235,0.0,0.007616203743964434,8.649591445922852,0.0,4.7833991880397235,0.0,0.007616203743964434,8.649591445922852,0.0,4.7833991880397235,0.0,0.0,0.00795404426753521,0.008528837002813816,0.010869653895497322,0.029430590569972992
scan15,subset_middle,2,1,2pct,16,1,0.008999649435281754,9.32254409790039,0.0,3.145102756644472,0.008999649435281754,9.32254409790039,0.0,3.145102756644472,0.0,0.008999649435281754,9.32254409790039,0.0,3.145102756644472,0.0,0.008999649435281754,9.32254409790039,0.0,3.145102756644472,0.0,0.0,0.009421959519386292,0.009972098283469677,0.01261528767645359,0.028586694970726967
scan15,subset_middle,3,2,2pct,16,1,0.009506492875516415,10.254992485046387,0.0,0.638271252819054,0.009506492875516415,10.254992485046387,0.0,0.638271252819054,0.0,0.009506492875516415,10.254992485046387,0.0,0.638271252819054,0.0,0.009506492875516415,10.254992485046387,0.0,0.638271252819054,0.0,0.0,0.009873319417238235,0.010443883948028088,0.012915815226733685,0.029288679361343384
scan15,subset_middle,4,3,2pct,16,1,0.011225986294448376,13.187981605529785,0.0,1.9933125889795893,0.011225986294448376,13.187981605529785,0.0,1.9933125889795893,0.0,0.011225986294448376,13.187981605529785,0.0,1.9933125889795893,0.0,0.011225986294448376,13.187981605529785,0.0,1.9933125889795893,0.0,0.0,0.011659650132060051,0.012343193404376507,0.01528299693018198,0.03546849638223648
scan15,subset_middle,5,4,2pct,16,1,0.01268815528601408,13.466111183166504,0.0,4.513449194586487,0.01268815528601408,13.466111183166504,0.0,4.513449194586487,0.0,0.01268815528601408,13.466111183166504,0.0,4.513449194586487,0.0,0.01268815528601408,13.466111183166504,0.0,4.513449194586487,0.0,0.0,0.013311433605849743,0.014274817891418934,0.01803559623658657,0.04044758901000023
scan15,subset_middle,0,24,5pct,15,0,0.010590092279016972,11.963955879211426,0.0,58.30754226502548,0.010944186709821224,12.135387420654297,0.0,70.39884173759147,3.3436387660742986,0.010944186709821224,12.135387420654297,0.0,70.39884173759147,3.3436387660742986,0.010944186709821224,12.135387420654297,0.0,70.39884173759147,0.0,0.0,0.010944186709821224,0.011549137532711029,0.014175084419548512,0.021852388978004456
scan15,subset_middle,1,0,5pct,15,0,0.007616203743964434,8.649591445922852,0.0,4.7833991880397235,0.00795404426753521,8.924882888793945,0.0,4.200811372594316,4.435812577079525,0.00795404426753521,8.924882888793945,0.0,4.200811372594316,4.435812577079525,0.00795404426753521,8.924882888793945,0.0,4.200811372594316,0.0,0.0,0.00795404426753521,0.008528837002813816,0.010869653895497322,0.029430590569972992
scan15,subset_middle,2,1,5pct,15,0,0.008999649435281754,9.32254409790039,0.0,3.145102756644472,0.009421959519386292,9.59060287475586,0.0,0.0,4.692517049041218,0.009421959519386292,9.59060287475586,0.0,0.0,4.692517049041218,0.009421959519386292,9.59060287475586,0.0,0.0,0.0,0.0,0.009421959519386292,0.009972098283469677,0.01261528767645359,0.028586694970726967
scan15,subset_middle,3,2,5pct,15,0,0.009506492875516415,10.254992485046387,0.0,0.638271252819054,0.009873319417238235,10.549171447753906,0.0,4.83950535008997,3.8586947523683275,0.009873319417238235,10.549171447753906,0.0,4.83950535008997,3.8586947523683275,0.009873319417238235,10.549171447753906,0.0,4.83950535008997,0.0,0.0,0.009873319417238235,0.010443883948028088,0.012915815226733685,0.029288679361343384
scan15,subset_middle,4,3,5pct,15,0,0.011225986294448376,13.187981605529785,0.0,1.9933125889795893,0.011659650132060051,13.470873832702637,0.0,4.041475012088966,3.8630355163192784,0.011659650132060051,13.470873832702637,0.0,4.041475012088966,3.8630355163192784,0.011659650132060051,13.470873832702637,0.0,4.041475012088966,0.0,0.0,0.011659650132060051,0.012343193404376507,0.01528299693018198,0.03546849638223648
scan15,subset_middle,5,4,5pct,15,0,0.01268815528601408,13.466111183166504,0.0,4.513449194586487,0.013311433605849743,14.040169715881348,0.0,4.508455472529561,4.912284770999698,0.013311433605849743,14.040169715881348,0.0,4.508455472529561,4.912284770999698,0.013311433605849743,14.040169715881348,0.0,4.508455472529561,0.0,0.0,0.013311433605849743,0.014274817891418934,0.01803559623658657,0.04044758901000023
scan15,subset_uniform,0,0,2pct,16,1,0.00725763151422143,8.534934997558594,0.0,103.71662062212955,0.00725763151422143,8.534934997558594,0.0,103.71662062212955,0.0,0.00725763151422143,8.534934997558594,0.0,103.71662062212955,0.0,0.00725763151422143,8.534934997558594,0.0,103.71662062212955,0.0,0.0,0.007615750655531883,0.00827613566070795,0.010806011967360973,0.025290459394454956
scan15,subset_uniform,1,8,2pct,16,1,0.0089966906234622,9.995071411132812,0.0,0.0,0.0089966906234622,9.995071411132812,0.0,0.0,0.0,0.0089966906234622,9.995071411132812,0.0,0.0,0.0,0.0089966906234622,9.995071411132812,0.0,0.0,0.0,0.0,0.009651494212448597,0.010564930737018585,0.013780444860458374,0.02309873141348362
scan15,subset_uniform,2,16,2pct,16,1,0.009982212446630001,12.293042182922363,0.0,2.199625496492406,0.009982212446630001,12.293042182922363,0.0,2.199625496492406,0.0,0.009982212446630001,12.293042182922363,0.0,2.199625496492406,0.0,0.009982212446630001,12.293042182922363,0.0,2.199625496492406,0.0,0.0,0.010631407611072063,0.011532807722687721,0.014610271900892258,0.025029577314853668
scan15,subset_uniform,3,24,2pct,16,1,0.009118740446865559,11.478842735290527,0.0,2.5255348029287346,0.009118740446865559,11.478842735290527,0.0,2.5255348029287346,0.0,0.009118740446865559,11.478842735290527,0.0,2.5255348029287346,0.0,0.009118740446865559,11.478842735290527,0.0,2.5255348029287346,0.0,0.0,0.009772769175469875,0.010707973502576351,0.013642828911542892,0.019747091457247734
scan15,subset_uniform,4,32,2pct,16,1,0.00846855528652668,11.868313789367676,0.0,0.0,0.00846855528652668,11.868313789367676,0.0,0.0,0.0,0.00846855528652668,11.868313789367676,0.0,0.0,0.0,0.00846855528652668,11.868313789367676,0.0,0.0,0.0,0.0,0.00907390657812357,0.00989505648612976,0.012359602376818657,0.016687186434864998
scan15,subset_uniform,5,40,2pct,16,1,0.010578017681837082,15.254783630371094,0.0,0.0,0.010578017681837082,15.254783630371094,0.0,0.0,0.0,0.010578017681837082,15.254783630371094,0.0,0.0,0.0,0.010578017681837082,15.254783630371094,0.0,0.0,0.0,0.0,0.011205810122191906,0.012235580943524837,0.016497792676091194,0.03528338298201561
scan15,subset_uniform,0,0,5pct,15,0,0.00725763151422143,8.534934997558594,0.0,103.71662062212955,0.007615750655531883,8.743087768554688,0.0,72.40482048550003,4.93438032240565,0.007615750655531883,8.743087768554688,0.0,72.40482048550003,4.93438032240565,0.007615750655531883,8.743087768554688,0.0,72.40482048550003,0.0,0.0,0.007615750655531883,0.00827613566070795,0.010806011967360973,0.025290459394454956
scan15,subset_uniform,1,8,5pct,16,1,0.0089966906234622,9.995071411132812,0.0,0.0,0.0089966906234622,9.995071411132812,0.0,0.0,0.0,0.009166480042040348,10.080727577209473,0.0,2.783192803753476,1.8872430506319642,0.009166480042040348,10.080727577209473,0.0,2.783192803753476,0.0001697894185781479,0.0,0.009651494212448597,0.010564930737018585,0.013780444860458374,0.02309873141348362
scan15,subset_uniform,2,16,5pct,16,1,0.009982212446630001,12.293042182922363,0.0,2.199625496492406,0.009982212446630001,12.293042182922363,0.0,3.8529015999545533,0.0,0.010244285687804222,12.402714729309082,0.0,3.5498858069556385,2.6254023602021923,0.010244285687804222,12.402714729309082,0.0,3.5498858069556385,0.00026207324117422104,0.0,0.010631407611072063,0.011532807722687721,0.014610271900892258,0.025029577314853668
scan15,subset_uniform,3,24,5pct,16,1,0.009118740446865559,11.478842735290527,0.0,2.5255348029287346,0.009118740446865559,11.478842735290527,0.0,0.0,0.0,0.009266741573810577,11.527264595031738,0.0,4.058881322301921,1.6230435311479026,0.009266741573810577,11.527264595031738,0.0,4.058881322301921,0.00014800112694501877,0.0,0.009772769175469875,0.010707973502576351,0.013642828911542892,0.019747091457247734
scan15,subset_uniform,4,32,5pct,16,1,0.00846855528652668,11.868313789367676,0.0,0.0,0.00846855528652668,11.868313789367676,0.0,0.0,0.0,0.008595708757638931,11.928750038146973,0.0,2.167266408082413,1.5014777232965602,0.008595708757638931,11.928750038146973,0.0,2.167266408082413,0.00012715347111225128,0.0,0.00907390657812357,0.00989505648612976,0.012359602376818657,0.016687186434864998
scan15,subset_uniform,5,40,5pct,16,1,0.010578017681837082,15.254783630371094,0.0,0.0,0.010578017681837082,15.254783630371094,0.0,0.0,0.0,0.010938302613794804,15.440089225769043,0.0,0.0,3.4059777814168966,0.010938302613794804,15.440089225769043,0.0,0.0,0.0003602849319577217,0.0,0.011205810122191906,0.012235580943524837,0.016497792676091194,0.03528338298201561
scan23,subset_middle,0,24,2pct,16,1,0.006856135092675686,8.292993545532227,0.0,61.23052172033244,0.006856135092675686,8.292993545532227,0.0,61.23052172033244,0.0,0.006856135092675686,8.292993545532227,0.0,61.23052172033244,0.0,0.006856135092675686,8.292993545532227,0.0,61.23052172033244,0.0,0.0,0.007193966303020716,0.007659803610295057,0.009480712935328484,0.02052566036581993
scan23,subset_middle,1,0,2pct,16,1,0.008910669945180416,10.509223937988281,0.0,2.879840193952568,0.008910669945180416,10.509223937988281,0.0,2.879840193952568,0.0,0.008910669945180416,10.509223937988281,0.0,2.879840193952568,0.0,0.008910669945180416,10.509223937988281,0.0,2.879840193952568,0.0,0.0,0.009606578387320042,0.010851776227355003,0.014838259667158127,0.03395819291472435
scan23,subset_middle,2,1,2pct,16,1,0.007579379249364138,8.850183486938477,0.0,4.5624831226380085,0.007579379249364138,8.850183486938477,0.0,4.5624831226380085,0.0,0.007579379249364138,8.850183486938477,0.0,4.5624831226380085,0.0,0.007579379249364138,8.850183486938477,0.0,4.5624831226380085,0.0,0.0,0.008148252964019775,0.00912183616310358,0.012480057775974274,0.02885095775127411
scan23,subset_middle,3,2,2pct,16,1,0.007196406368166208,8.011093139648438,0.0,0.0,0.007196406368166208,8.011093139648438,0.0,0.0,0.0,0.007196406368166208,8.011093139648438,0.0,0.0,0.0,0.007196406368166208,8.011093139648438,0.0,0.0,0.0,0.0,0.007604907266795635,0.008300061337649822,0.010985203087329865,0.023807745426893234
scan23,subset_middle,4,3,2pct,16,1,0.006839199457317591,7.744962692260742,0.0,0.0,0.006839199457317591,7.744962692260742,0.0,0.0,0.0,0.006839199457317591,7.744962692260742,0.0,0.0,0.0,0.006839199457317591,7.744962692260742,0.0,0.0,0.0,0.0,0.007134614046663046,0.007638528477400541,0.00975294690579176,0.021218745037913322
scan23,subset_middle,5,4,2pct,16,1,0.007461511995643377,9.561625480651855,0.0,0.0,0.007461511995643377,9.561625480651855,0.0,0.0,0.0,0.007461511995643377,9.561625480651855,0.0,0.0,0.0,0.007461511995643377,9.561625480651855,0.0,0.0,0.0,0.0,0.007716280873864889,0.008315985091030598,0.010648098774254322,0.019163552671670914
scan23,subset_middle,0,24,5pct,15,0,0.006856135092675686,8.292993545532227,0.0,61.23052172033244,0.007193966303020716,8.471785545349121,0.0,32.541565451406576,4.927429313724145,0.007193966303020716,8.471785545349121,0.0,32.541565451406576,4.927429313724145,0.007193966303020716,8.471785545349121,0.0,32.541565451406576,0.0,0.0,0.007193966303020716,0.007659803610295057,0.009480712935328484,0.02052566036581993
scan23,subset_middle,1,0,5pct,16,1,0.008910669945180416,10.509223937988281,0.0,2.879840193952568,0.008910669945180416,10.509223937988281,0.0,2.879840193952568,0.0,0.009118727408349514,10.602097511291504,0.0,2.876099171278105,2.3349250331242666,0.009118727408349514,10.602097511291504,0.0,2.876099171278105,0.0002080574631690979,0.0,0.009606578387320042,0.010851776227355003,0.014838259667158127,0.03395819291472435
scan23,subset_middle,2,1,5pct,16,1,0.007579379249364138,8.850183486938477,0.0,4.5624831226380085,0.007579379249364138,8.850183486938477,0.0,4.5624831226380085,0.0,0.007682449650019407,8.882634162902832,0.0,3.27255408655691,1.3598791835613264,0.007682449650019407,8.882634162902832,0.0,3.27255408655691,0.00010307040065526962,0.0,0.008148252964019775,0.00912183616310358,0.012480057775974274,0.02885095775127411
scan23,subset_middle,3,2,5pct,16,1,0.007196406368166208,8.011093139648438,0.0,0.0,0.007196406368166208,8.011093139648438,0.0,0.0,0.0,0.007277084514498711,8.04670238494873,0.0,4.512928392662273,1.1210893632881491,0.007277084514498711,8.04670238494873,0.0,4.512928392662273,8.067814633250237e-05,0.0,0.007604907266795635,0.008300061337649822,0.010985203087329865,0.023807745426893234
scan23,subset_middle,4,3,5pct,15,0,0.006839199457317591,7.744962692260742,0.0,0.0,0.007134614046663046,7.977427005767822,0.0,0.0,4.319432284276734,0.007134614046663046,7.977427005767822,0.0,0.0,4.319432284276734,0.007134614046663046,7.977427005767822,0.0,0.0,0.0,0.0,0.007134614046663046,0.007638528477400541,0.00975294690579176,0.021218745037913322
scan23,subset_middle,5,4,5pct,15,0,0.007461511995643377,9.561625480651855,0.0,0.0,0.007716280873864889,9.756468772888184,0.0,0.0,3.414440375761188,0.007716280873864889,9.756468772888184,0.0,0.0,3.414440375761188,0.007716280873864889,9.756468772888184,0.0,0.0,0.0,0.0,0.007716280873864889,0.008315985091030598,0.010648098774254322,0.019163552671670914
scan23,subset_uniform,0,0,2pct,16,1,0.009008300490677357,11.269953727722168,0.0,83.59339434603292,0.008961212821304798,11.250393867492676,0.0,96.6405992835097,-0.522714239176295,0.00929386168718338,11.458988189697266,0.0,154.11944835691588,3.169978585878093,0.00929386168718338,11.458988189697266,0.0,154.11944835691588,0.000332648865878582,0.0,0.009370697662234306,0.01013538334518671,0.01384479645639658,0.03630658984184265
scan23,subset_uniform,1,8,2pct,15,0,0.005757079925388098,7.793869972229004,0.0,2.459731479804362,0.005832822062075138,7.830995559692383,0.0,0.0,1.3156346215209855,0.005898280534893274,7.895535469055176,0.0,0.0,2.452642856016245,0.005898280534893274,7.895535469055176,0.0,0.0,6.545847281813622e-05,0.0,0.005832822062075138,0.006090307142585516,0.008314769715070724,0.021002154797315598
scan23,subset_uniform,2,16,2pct,15,0,0.005787381436675787,9.864569664001465,0.0,0.0,0.00576989958062768,9.875795364379883,0.0,2.91973639611167,-0.30206849573316785,0.005820313468575478,9.963732719421387,0.0,2.91973639611167,0.5690316468687168,0.005820313468575478,9.963732719421387,0.0,2.91973639611167,5.0413887947797775e-05,0.0,0.00576989958062768,0.005964639130979776,0.007784625049680471,0.01659015566110611
scan23,subset_uniform,3,24,2pct,14,0,0.005543164908885956,7.466434001922607,0.0,0.0,0.005537598393857479,7.543817520141602,0.0,0.0,-0.10042124165480497,0.005537598393857479,7.543817520141602,0.0,0.0,-0.10042124165480497,0.005537598393857479,7.543817520141602,0.0,0.0,0.0,0.0,0.005461872089654207,0.005537598393857479,0.0069292886182665825,0.016594775021076202
scan23,subset_uniform,4,32,2pct,14,0,0.005437466315925121,9.133505821228027,0.0,4.000565167168352,0.005461976397782564,9.264731407165527,0.0,5.116458421876586,0.45076291848757416,0.005461976397782564,9.264731407165527,0.0,0.0,0.45076291848757416,0.005461976397782564,9.264731407165527,0.0,0.0,0.0,0.0,0.005368216894567013,0.005461976397782564,0.006466522812843323,0.013670101761817932
scan23,subset_uniform,5,40,2pct,16,1,0.00569620355963707,7.84727668762207,0.0,4.043799837727709,0.0057128299959003925,7.860289096832275,0.0,4.043799837727709,0.2918862728350631,0.005747135262936354,7.832444190979004,0.0,5.6059836292201,0.8941341854455964,0.005747135262936354,7.832444190979004,0.0,5.6059836292201,3.430526703596115e-05,0.0,0.0059059420600533485,0.00616583414375782,0.006788930855691433,0.00814376212656498
scan23,subset_uniform,0,0,5pct,15,0,0.009008300490677357,11.269953727722168,0.0,83.59339434603292,0.009370697662234306,11.495373725891113,0.0,96.27606525731696,4.022924989369444,0.009567968547344208,11.639368057250977,0.0,130.4084466532166,6.212804038298329,0.009567968547344208,11.639368057250977,0.0,130.4084466532166,0.00019727088510990143,0.0,0.009370697662234306,0.01013538334518671,0.01384479645639658,0.03630658984184265
scan23,subset_uniform,1,8,5pct,15,0,0.005757079925388098,7.793869972229004,0.0,2.459731479804362,0.005832822062075138,7.830995559692383,0.0,0.0,1.3156346215209855,0.005912343971431255,7.892536640167236,0.0,0.0,2.6969235802765215,0.005912343971431255,7.892536640167236,0.0,0.0,7.952190935611725e-05,0.0,0.005832822062075138,0.006090307142585516,0.008314769715070724,0.021002154797315598
scan23,subset_uniform,2,16,5pct,14,0,0.005787381436675787,9.864569664001465,0.0,0.0,0.005964639130979776,10.014846801757812,0.0,0.5237670800869041,3.0628306816045017,0.005964639130979776,10.014846801757812,0.0,3.2459440964373636,3.0628306816045017,0.005964639130979776,10.014846801757812,0.0,3.2459440964373636,0.0,0.0,0.00576989958062768,0.005964639130979776,0.007784625049680471,0.01659015566110611
scan23,subset_uniform,3,24,5pct,14,0,0.005543164908885956,7.466434001922607,0.0,0.0,0.005537598393857479,7.543817520141602,0.0,0.0,-0.10042124165480497,0.005537598393857479,7.543817520141602,0.0,0.0,-0.10042124165480497,0.005537598393857479,7.543817520141602,0.0,0.0,0.0,0.0,0.005461872089654207,0.005537598393857479,0.0069292886182665825,0.016594775021076202
scan23,subset_uniform,4,32,5pct,14,0,0.005437466315925121,9.133505821228027,0.0,4.000565167168352,0.005461976397782564,9.264731407165527,0.0,0.0,0.45076291848757416,0.005461976397782564,9.264731407165527,0.0,0.0,0.45076291848757416,0.005461976397782564,9.264731407165527,0.0,0.0,0.0,0.0,0.005368216894567013,0.005461976397782564,0.006466522812843323,0.013670101761817932
scan23,subset_uniform,5,40,5pct,15,0,0.00569620355963707,7.84727668762207,0.0,4.043799837727709,0.0059059420600533485,7.963015079498291,0.0,4.718664789520458,3.682075231694181,0.005901894997805357,7.958369731903076,0.0,4.718664789520458,3.611026818384854,0.005901894997805357,7.958369731903076,0.0,4.718664789520458,-4.047062247991562e-06,0.0,0.0059059420600533485,0.00616583414375782,0.006788930855691433,0.00814376212656498
scan24,subset_middle,0,24,2pct,9,0,0.004045342560857534,4.806511878967285,0.0,45.43521749105771,0.00406059343367815,4.9735331535339355,0.0,112.95195845552475,0.37699830338676876,0.00406059343367815,4.9735331535339355,0.0,112.95195845552475,0.37699830338676876,0.00406059343367815,4.9735331535339355,0.0,112.95195845552475,0.0,0.0,0.00391776068136096,0.0038147044833749533,0.0037113220896571875,0.004551628138870001
scan24,subset_middle,1,0,2pct,10,0,0.006050230469554663,7.861161231994629,0.0,0.0,0.005512766074389219,7.795232772827148,0.0,0.0,-8.883370606624252,0.005458981264382601,7.739799976348877,0.0,0.0,-9.77234186610385,0.005458981264382601,7.739799976348877,0.0,0.0,-5.37848100066185e-05,0.0,0.005787205416709185,0.005472976714372635,0.005203139502555132,0.007797845173627138
scan24,subset_middle,2,1,2pct,10,0,0.005256598349660635,7.763556480407715,0.0,0.0,0.005317322444170713,7.983623027801514,0.0,2.553819683498815,1.155197534047827,0.005206270143389702,7.925715446472168,0.0,0.0,-0.9574291761169527,0.005206270143389702,7.925715446472168,0.0,0.0,-0.00011105230078101158,0.0,0.004979375749826431,0.004749394487589598,0.004755950532853603,0.0075402213260531425
scan24,subset_middle,3,2,2pct,10,0,0.005348315928131342,7.181193828582764,0.0,4.591327865276618,0.005197690334171057,7.0875630378723145,0.0,0.0,-2.816318182851112,0.005189650226384401,7.0380425453186035,0.0,4.606363672960755,-2.966647892140828,0.005189650226384401,7.0380425453186035,0.0,4.606363672960755,-8.040107786655426e-06,0.0,0.0051556979306042194,0.00495791295543313,0.004858174826949835,0.006661437451839447
scan24,subset_middle,4,3,2pct,12,0,0.005589742213487625,6.950552463531494,0.0,0.0,0.0052880034781992435,7.222349166870117,0.0,3.476826048168362,-5.3980796209225685,0.005645003169775009,7.569805145263672,0.0,0.0,0.9886136815762904,0.005645003169775009,7.569805145263672,0.0,0.0,0.0003569996915757656,0.0,0.0054054269567132,0.005312768742442131,0.005491300486028194,0.008493566885590553
scan24,subset_middle,5,4,2pct,14,0,0.00631324015557766,10.581061363220215,0.0,0.0,0.006277849432080984,10.642349243164062,0.0,3.727936032013177,-0.5605793954378289,0.007603881414979696,10.867960929870605,0.0,3.9377090706708398,20.443405091469128,0.007603881414979696,10.867960929870605,0.0,3.9377090706708398,0.0013260319828987122,0.0,0.006278136279433966,0.0063219256699085236,0.006710429210215807,0.009255721233785152
scan24,subset_middle,0,24,5pct,9,0,0.004045342560857534,4.806511878967285,0.0,45.43521749105771,0.00406059343367815,4.9735331535339355,0.0,112.95195845552475,0.37699830338676876,0.00406059343367815,4.9735331535339355,0.0,112.95195845552475,0.37699830338676876,0.00406059343367815,4.9735331535339355,0.0,112.95195845552475,0.0,0.0,0.00391776068136096,0.0038147044833749533,0.0037113220896571875,0.004551628138870001
scan24,subset_middle,1,0,5pct,9,0,0.006050230469554663,7.861161231994629,0.0,0.0,0.006278191227465868,8.130546569824219,0.0,1.6232915730057913,3.7678028805402635,0.006278191227465868,8.130546569824219,0.0,1.6232915730057913,3.7678028805402635,0.006278191227465868,8.130546569824219,0.0,1.6232915730057913,0.0,0.0,0.005787205416709185,0.005472976714372635,0.005203139502555132,0.007797845173627138
scan24,subset_middle,2,1,5pct,10,0,0.005256598349660635,7.763556480407715,0.0,0.0,0.005317322444170713,7.983623027801514,0.0,2.553819683498815,1.155197534047827,0.00522677693516016,7.969532012939453,0.0,0.0,-0.5673139265510022,0.00522677693516016,7.969532012939453,0.0,0.0,-9.054550901055336e-05,0.0,0.004979375749826431,0.004749394487589598,0.004755950532853603,0.0075402213260531425
scan24,subset_middle,3,2,5pct,10,0,0.005348315928131342,7.181193828582764,0.0,4.591327865276618,0.005197690334171057,7.0875630378723145,0.0,0.0,-2.816318182851112,0.005203259643167257,7.066162109375,0.0,4.687551143416934,-2.712186170624481,0.005203259643167257,7.066162109375,0.0,4.687551143416934,5.5693089962005615e-06,0.0,0.0051556979306042194,0.00495791295543313,0.004858174826949835,0.006661437451839447
scan24,subset_middle,4,3,5pct,11,0,0.005589742213487625,6.950552463531494,0.0,0.0,0.005719875451177359,7.363718509674072,0.0,3.4622668596222455,2.3280722566370207,0.005559608805924654,7.51161527633667,0.0,2.662048940096133,-0.5390840294971292,0.005559608805924654,7.51161527633667,0.0,2.662048940096133,-0.00016026664525270462,0.0,0.0054054269567132,0.005312768742442131,0.005491300486028194,0.008493566885590553
scan24,subset_middle,5,4,5pct,13,0,0.00631324015557766,10.581061363220215,0.0,0.0,0.006509654689580202,10.738037109375,0.0,1.8574103940731417,3.1111525803277575,0.007497286889702082,10.879398345947266,0.0,2.237908920233739,18.75497692065988,0.007497286889702082,10.879398345947266,0.0,2.237908920233739,0.0009876322001218796,0.0,0.006278136279433966,0.0063219256699085236,0.006710429210215807,0.009255721233785152
scan24,subset_uniform,0,0,2pct,9,0,0.00922782439738512,10.829559326171875,0.0,53.672015818742885,0.009086749516427517,10.525579452514648,0.0,58.06638877599984,-1.5287989333388237,0.009190026670694351,10.574380874633789,0.0,127.74853876398187,-0.4096060464856689,0.009190026670694351,10.574380874633789,0.0,127.74853876398187,0.00010327715426683426,0.0,0.009075627662241459,0.00884312018752098,0.00787182617932558,0.010355934500694275
scan24,subset_uniform,1,8,2pct,9,0,0.006157055031508207,6.789881706237793,0.0,3.5417134856137182,0.006127307191491127,6.908596515655518,0.0,0.608772092680592,-0.48315046503317344,0.006218107417225838,6.943547248840332,0.0,0.0,0.9915842136410992,0.006218107417225838,6.943547248840332,0.0,0.0,9.08002257347107e-05,0.0,0.005766801070421934,0.0052232760936021805,0.004430643282830715,0.007094875443726778
scan24,subset_uniform,2,16,2pct,9,0,0.005858118645846844,6.312901973724365,0.0,2.8565671781293958,0.005547733511775732,6.190328598022461,0.0,0.0,-5.298375687408815,0.005597715266048908,6.210079193115234,0.0,0.7942617811264496,-4.445170805520479,0.005597715266048908,6.210079193115234,0.0,0.7942617811264496,4.998175427317619e-05,0.0,0.005580891389399767,0.0052123721688985825,0.004633568227291107,0.005990529432892799
scan24,subset_uniform,3,24,2pct,9,0,0.005154709797352552,5.499969482421875,0.0,1.8640365313417002,0.004751799628138542,5.4586920738220215,0.0,0.0,-7.816350193389045,0.004846559371799231,5.517187118530273,0.0,0.0,-5.978036352533119,0.004846559371799231,5.517187118530273,0.0,0.0,9.47597436606884e-05,0.0,0.00483660725876689,0.004455894697457552,0.0038449345156550407,0.005468202754855156
scan24,subset_uniform,4,32,2pct,9,0,0.0047574774362146854,5.49972677230835,0.0,0.0,0.004518631845712662,5.4517035484313965,0.0,0.0,-5.020425082500498,0.004642943385988474,5.548745155334473,0.0,0.0,-2.407453356570015,0.004642943385988474,5.548745155334473,0.0,0.0,0.00012431154027581215,0.0,0.004491136409342289,0.004186207894235849,0.0037807149346917868,0.004964245483279228
scan24,subset_uniform,5,40,2pct,8,0,0.005506996996700764,7.495269775390625,0.0,1.3562406746901075,0.005334989167749882,7.716662883758545,7.166643434753933,2.0483218653378144,-3.1234414882363595,0.005334989167749882,7.716662883758545,7.166643434753933,0.0,-3.1234414882363595,0.005334989167749882,7.716662883758545,7.166643434753933,0.0,0.0,0.0,0.005284398328512907,0.004870880860835314,0.004309610929340124,0.005334989167749882
scan24,subset_uniform,0,0,5pct,9,0,0.00922782439738512,10.829559326171875,0.0,53.672015818742885,0.009086749516427517,10.525579452514648,0.0,58.06638877599984,-1.5287989333388237,0.009240147657692432,10.567358016967773,0.0,91.81901165404679,0.13354459054080006,0.009240147657692432,10.567358016967773,0.0,91.81901165404679,0.00015339814126491547,0.0,0.009075627662241459,0.00884312018752098,0.00787182617932558,0.010355934500694275
scan24,subset_uniform,1,8,5pct,9,0,0.006157055031508207,6.789881706237793,0.0,3.5417134856137182,0.006127307191491127,6.908596515655518,0.0,0.608772092680592,-0.48315046503317344,0.006327309645712376,6.943379878997803,0.0,0.608772092680592,2.7651955899842497,0.006327309645712376,6.943379878997803,0.0,0.608772092680592,0.00020000245422124863,0.0,0.005766801070421934,0.0052232760936021805,0.004430643282830715,0.007094875443726778
scan24,subset_uniform,2,16,5pct,8,0,0.005858118645846844,6.312901973724365,0.0,2.8565671781293958,0.005990529432892799,6.435597896575928,0.0,0.0,2.2602954130986963,0.005990529432892799,6.435597896575928,0.0,0.0,2.2602954130986963,0.005990529432892799,6.435597896575928,0.0,0.0,0.0,0.0,0.005580891389399767,0.0052123721688985825,0.004633568227291107,0.005990529432892799
scan24,subset_uniform,3,24,5pct,9,0,0.005154709797352552,5.499969482421875,0.0,1.8640365313417002,0.004751799628138542,5.4586920738220215,0.0,0.0,-7.816350193389045,0.0048675392754375935,5.4980244636535645,0.0,0.0,-5.571031798190639,0.0048675392754375935,5.4980244636535645,0.0,0.0,0.00011573964729905128,0.0,0.00483660725876689,0.004455894697457552,0.0038449345156550407,0.005468202754855156
scan24,subset_uniform,4,32,5pct,8,0,0.0047574774362146854,5.49972677230835,0.0,0.0,0.004964245483279228,5.673875331878662,0.0,0.0,4.346169789279315,0.004964245483279228,5.673875331878662,0.0,3.229739472631508,4.346169789279315,0.004964245483279228,5.673875331878662,0.0,3.229739472631508,0.0,0.0,0.004491136409342289,0.004186207894235849,0.0037807149346917868,0.004964245483279228
scan24,subset_uniform,5,40,5pct,8,0,0.005506996996700764,7.495269775390625,0.0,1.3562406746901075,0.005334989167749882,7.716662883758545,7.166643434753933,2.0483218653378144,-3.1234414882363595,0.005334989167749882,7.716662883758545,0.0,2.378827462198738,-3.1234414882363595,0.005334989167749882,7.716662883758545,0.0,2.378827462198738,0.0,0.0,0.005284398328512907,0.004870880860835314,0.004309610929340124,0.005334989167749882
scan29,subset_middle,0,24,2pct,16,1,0.014621429145336151,24.815399169921875,0.0,75.60554275321637,0.014621429145336151,24.815399169921875,0.0,75.60554275321637,0.0,0.014621429145336151,24.815399169921875,0.0,75.60554275321637,0.0,0.014621429145336151,24.815399169921875,0.0,75.60554275321637,0.0,0.0,0.014984485693275928,0.015423834323883057,0.01651027984917164,0.020259561017155647
scan29,subset_middle,1,0,2pct,16,1,0.007061735726892948,6.911570072174072,0.0,2.1874013788687874,0.007061735726892948,6.911570072174072,0.0,2.1874013788687874,0.0,0.007061735726892948,6.911570072174072,0.0,2.1874013788687874,0.0,0.007061735726892948,6.911570072174072,0.0,2.1874013788687874,0.0,0.0,0.007597631309181452,0.008555173873901367,0.012290650978684425,0.028531454503536224
scan29,subset_middle,2,1,2pct,16,1,0.009883887134492397,14.088004112243652,0.0,2.5423739939971663,0.009883887134492397,14.088004112243652,0.0,2.5423739939971663,0.0,0.009883887134492397,14.088004112243652,0.0,2.5423739939971663,0.0,0.009883887134492397,14.088004112243652,0.0,2.5423739939971663,0.0,0.0,0.010159114375710487,0.010684167966246605,0.01221505831927061,0.019216621294617653
scan29,subset_middle,3,2,2pct,16,1,0.011037911288440228,11.459966659545898,0.0,1.2233335177347102,0.011037911288440228,11.459966659545898,0.0,1.2233335177347102,0.0,0.011037911288440228,11.459966659545898,0.0,1.2233335177347102,0.0,0.011037911288440228,11.459966659545898,0.0,1.2233335177347102,0.0,0.0,0.01144341193139553,0.011966305784881115,0.01339922845363617,0.01945273019373417
scan29,subset_middle,4,3,2pct,16,1,0.014564231038093567,12.407702445983887,0.0,3.9103123281362726,0.014564231038093567,12.407702445983887,0.0,3.9103123281362726,0.0,0.014564231038093567,12.407702445983887,0.0,3.9103123281362726,0.0,0.014564231038093567,12.407702445983887,0.0,3.9103123281362726,0.0,0.0,0.015307986177504063,0.01637592725455761,0.01922897808253765,0.03139249607920647
scan29,subset_middle,5,4,2pct,16,1,0.01832333207130432,18.15923500061035,0.0,4.505673877990073,0.01832333207130432,18.15923500061035,0.0,4.505673877990073,0.0,0.01832333207130432,18.15923500061035,0.0,4.505673877990073,0.0,0.01832333207130432,18.15923500061035,0.0,4.505673877990073,0.0,0.0,0.01904039829969406,0.020233456045389175,0.02322928048670292,0.03416929766535759
scan29,subset_middle,0,24,5pct,15,0,0.014621429145336151,24.815399169921875,0.0,75.60554275321637,0.014984485693275928,25.014535903930664,0.0,118.60048391799027,2.4830441971917825,0.014984485693275928,25.014535903930664,0.0,118.60048391799027,2.4830441971917825,0.014984485693275928,25.014535903930664,0.0,118.60048391799027,0.0,0.0,0.014984485693275928,0.015423834323883057,0.01651027984917164,0.020259561017155647
scan29,subset_middle,1,0,5pct,16,1,0.007061735726892948,6.911570072174072,0.0,2.1874013788687874,0.007061735726892948,6.911570072174072,0.0,3.16000622941344,0.0,0.007712977007031441,7.34065580368042,0.0,0.0,9.222113448091726,0.007712977007031441,7.34065580368042,0.0,0.0,0.0006512412801384926,0.0,0.007597631309181452,0.008555173873901367,0.012290650978684425,0.028531454503536224
scan29,subset_middle,2,1,5pct,15,0,0.009883887134492397,14.088004112243652,0.0,2.5423739939971663,0.010159114375710487,14.231307029724121,0.0,0.0,2.7846052618064903,0.010159114375710487,14.231307029724121,0.0,0.0,2.7846052618064903,0.010159114375710487,14.231307029724121,0.0,0.0,0.0,0.0,0.010159114375710487,0.010684167966246605,0.01221505831927061,0.019216621294617653
scan29,subset_middle,3,2,5pct,15,0,0.011037911288440228,11.459966659545898,0.0,1.2233335177347102,0.01144341193139553,11.728201866149902,0.0,1.7669110279007074,3.673708117041813,0.01144341193139553,11.728201866149902,0.0,1.7669110279007074,3.673708117041813,0.01144341193139553,11.728201866149902,0.0,1.7669110279007074,0.0,0.0,0.01144341193139553,0.011966305784881115,0.01339922845363617,0.01945273019373417
scan29,subset_middle,4,3,5pct,16,1,0.014564231038093567,12.407702445983887,0.0,3.9103123281362726,0.014564231038093567,12.407702445983887,0.0,0.0,0.0,0.015440595336258411,12.96306324005127,0.0,0.0,6.0172369957099985,0.015440595336258411,12.96306324005127,0.0,0.0,0.0008763642981648445,0.0,0.015307986177504063,0.01637592725455761,0.01922897808253765,0.03139249607920647
scan29,subset_middle,5,4,5pct,15,0,0.01832333207130432,18.15923500061035,0.0,4.505673877990073,0.01904039829969406,18.555049896240234,0.0,4.546311796004357,3.9134051907115635,0.01904039829969406,18.555049896240234,0.0,4.546311796004357,3.9134051907115635,0.01904039829969406,18.555049896240234,0.0,4.546311796004357,0.0,0.0,0.01904039829969406,0.020233456045389175,0.02322928048670292,0.03416929766535759
scan29,subset_uniform,0,0,2pct,16,1,0.005482018459588289,5.8990960121154785,0.0,80.65939096540556,0.005482018459588289,5.8990960121154785,0.0,80.65939096540556,0.0,0.005592966917902231,5.980978488922119,0.0,87.80541491282888,2.023861450518983,0.005592966917902231,5.980978488922119,0.0,87.80541491282888,0.00011094845831394196,0.0,0.0056049516424536705,0.006005608476698399,0.007621998433023691,0.01855609565973282
scan29,subset_uniform,1,8,2pct,16,1,0.008363786153495312,8.725040435791016,0.0,4.1689417099270365,0.008363786153495312,8.725040435791016,0.0,4.1689417099270365,0.0,0.008522257208824158,8.852659225463867,0.0,4.1689417099270365,1.8947286841213569,0.008522257208824158,8.852659225463867,0.0,4.1689417099270365,0.00015847105532884598,0.0,0.008863757364451885,0.009439464658498764,0.01060029212385416,0.016378531232476234
scan29,subset_uniform,2,16,2pct,16,1,0.00897594541311264,11.487184524536133,0.0,0.0,0.00897594541311264,11.487184524536133,0.0,0.0,0.0,0.00921740010380745,11.706429481506348,0.0,0.0,2.690019597735926,0.00921740010380745,11.706429481506348,0.0,0.0,0.00024145469069480896,0.0,0.009458168409764767,0.010151660069823265,0.011682034470140934,0.019214363768696785
scan29,subset_uniform,3,24,2pct,16,1,0.01124317105859518,19.692893981933594,0.0,0.7991738610784525,0.01124317105859518,19.692893981933594,0.0,0.7991738610784525,0.0,0.011444885283708572,19.995758056640625,0.0,0.0,1.7941043862281663,0.011444885283708572,19.995758056640625,0.0,0.0,0.00020171422511339188,0.0,0.011756098829209805,0.012391474097967148,0.013604743406176567,0.01902198977768421
scan29,subset_uniform,4,32,2pct,16,1,0.019337782636284828,49.484676361083984,0.0,4.505369934572008,0.019337782636284828,49.484676361083984,0.0,4.505369934572008,0.0,0.019511496648192406,49.75580596923828,0.0,3.827968848163068,0.898314016528585,0.019511496648192406,49.75580596923828,0.0,3.827968848163068,0.00017371401190757751,0.0,0.019949542358517647,0.02077641524374485,0.021959764882922173,0.026419688016176224
scan29,subset_uniform,5,40,2pct,15,0,0.009032649919390678,11.837974548339844,0.0,4.893728514363409,0.009195034392178059,11.849666595458984,0.0,4.219325881000105,1.7977500981055878,0.009195034392178059,11.849666595458984,0.0,4.219325881000105,1.7977500981055878,0.009195034392178059,11.849666595458984,0.0,4.219325881000105,0.0,0.0,0.009195034392178059,0.009609914384782314,0.010572251863777637,0.017313135787844658
scan29,subset_uniform,0,0,5pct,15,0,0.005482018459588289,5.8990960121154785,0.0,80.65939096540556,0.0056049516424536705,5.898453712463379,0.0,74.94862198903371,2.242480279327877,0.0056049516424536705,5.898453712463379,0.0,74.94862198903371,2.242480279327877,0.0056049516424536705,5.898453712463379,0.0,74.94862198903371,0.0,0.0,0.0056049516424536705,0.006005608476698399,0.007621998433023691,0.01855609565973282
scan29,subset_uniform,1,8,5pct,16,1,0.008363786153495312,8.725040435791016,0.0,4.1689417099270365,0.008363786153495312,8.725040435791016,0.0,4.60500275776863,0.0,0.008750585839152336,8.960881233215332,0.0,0.0,4.624696023527298,0.008750585839152336,8.960881233215332,0.0,0.0,0.0003867996856570244,0.0,0.008863757364451885,0.009439464658498764,0.01060029212385416,0.016378531232476234
scan29,subset_uniform,2,16,5pct,16,1,0.00897594541311264,11.487184524536133,0.0,0.0,0.00897594541311264,11.487184524536133,0.0,0.0,0.0,0.009569705463945866,11.868378639221191,0.0,0.0,6.6150140570799625,0.009569705463945866,11.868378639221191,0.0,0.0,0.0005937600508332253,0.0,0.009458168409764767,0.010151660069823265,0.011682034470140934,0.019214363768696785
scan29,subset_uniform,3,24,5pct,15,0,0.01124317105859518,19.692893981933594,0.0,0.7991738610784525,0.011756098829209805,20.112823486328125,0.0,0.0,4.562127249878502,0.011756098829209805,20.112823486328125,0.0,0.0,4.562127249878502,0.011756098829209805,20.112823486328125,0.0,0.0,0.0,0.0,0.011756098829209805,0.012391474097967148,0.013604743406176567,0.01902198977768421
scan29,subset_uniform,4,32,5pct,15,0,0.019337782636284828,49.484676361083984,0.0,4.505369934572008,0.019949542358517647,50.6845588684082,0.0,0.0,3.163546378295365,0.019949542358517647,50.6845588684082,0.0,0.0,3.163546378295365,0.019949542358517647,50.6845588684082,0.0,0.0,0.0,0.0,0.019949542358517647,0.02077641524374485,0.021959764882922173,0.026419688016176224
scan29,subset_uniform,5,40,5pct,15,0,0.009032649919390678,11.837974548339844,0.0,4.893728514363409,0.009195034392178059,11.849666595458984,0.0,4.429962511700952,1.7977500981055878,0.009195034392178059,11.849666595458984,0.0,4.429962511700952,1.7977500981055878,0.009195034392178059,11.849666595458984,0.0,4.429962511700952,0.0,0.0,0.009195034392178059,0.009609914384782314,0.010572251863777637,0.017313135787844658
scan33,subset_middle,0,24,2pct,14,0,0.004717972129583359,7.061306953430176,0.0,48.64112387235411,0.004650043789297342,7.127041339874268,0.0,66.62756644774727,-1.4397783289155455,0.004624813795089722,7.11232852935791,0.0,132.8653749806969,-1.9745418568605202,0.004624813795089722,7.11232852935791,0.0,132.8653749806969,-2.522999420762062e-05,0.05988001823425293,0.004583065863698721,0.004650043789297342,0.0057709128595888615,0.00900140218436718
scan33,subset_middle,1,0,2pct,13,0,0.07405580580234528,150.5007781982422,0.0,0.0,0.07535060495138168,151.5413360595703,0.0,0.0,1.7484100470018817,0.07535060495138168,151.5413360595703,0.0,0.0,1.7484100470018817,0.07535060495138168,151.5413360595703,0.0,0.0,0.0,0.05988001823425293,0.07414967566728592,0.07457290589809418,0.0763513520359993,0.08255907148122787
scan33,subset_middle,2,1,2pct,14,0,0.037918202579021454,99.1327896118164,0.0,0.0,0.03866572305560112,99.5067138671875,0.0,1.9122339746633068,1.9714027188441623,0.03855830803513527,99.46581268310547,0.0,1.9122339746633068,1.6881218321987623,0.03855830803513527,99.46581268310547,0.0,1.9122339746633068,-0.00010741502046585083,0.05988001823425293,0.038076914846897125,0.03866572305560112,0.040923766791820526,0.04835224524140358
scan33,subset_middle,3,2,2pct,15,0,0.02563762664794922,77.23377990722656,0.0,0.0,0.02572491206228733,77.35948944091797,0.0,0.0,0.3404582473124279,0.025866486132144928,77.41976928710938,0.0,0.0,0.8926703213927017,0.025866568088531494,77.42151641845703,0.0,0.0,0.00014157406985759735,0.05988001823425293,0.025702688843011856,0.02616714872419834,0.02825756184756756,0.03570719435811043
scan33,subset_middle,4,3,2pct,14,0,0.05179448053240776,114.71277618408203,0.0,0.0,0.05251976475119591,115.25605010986328,0.0,3.4147219128097865,1.4003117925554582,0.052428003400564194,115.21390533447266,0.0,2.6581489020800557,1.2231474505474351,0.052428003400564194,115.21390533447266,0.0,2.6581489020800557,-9.176135063171387e-05,0.05988001823425293,0.052043814212083817,0.05251976475119591,0.05449078232049942,0.062476690858602524
scan33,subset_middle,5,4,2pct,14,0,0.07369570434093475,131.0615234375,0.0,3.7988538861654195,0.07471074163913727,131.61282348632812,0.0,0.0,1.3773357718472956,0.0746043473482132,131.5677490234375,0.0,0.0,1.232966039750204,0.0746043473482132,131.5677490234375,0.0,0.0,-0.00010639429092407227,0.05988001823425293,0.0740237608551979,0.07471074163913727,0.07644292712211609,0.08288486301898956
scan33,subset_middle,0,24,5pct,14,0,0.004717972129583359,7.061306953430176,0.0,48.64112387235411,0.00468353321775794,7.147125720977783,0.0,146.6220863087763,-0.7299515740984199,0.004683719947934151,7.128931522369385,0.0,67.61774580191319,-0.7259937258729177,0.004683719947934151,7.128931522369385,0.0,67.61774580191319,1.8673017621040344e-07,0.0,0.004583065863698721,0.004650043789297342,0.0057709128595888615,0.00900140218436718
scan33,subset_middle,1,0,5pct,11,0,0.07405580580234528,150.5007781982422,0.0,0.0,0.07767396420240402,152.04629516601562,0.0,0.7332870815801591,4.885718764191966,0.07767396420240402,152.04629516601562,0.0,0.7332870815801591,4.885718764191966,0.07767396420240402,152.04629516601562,0.0,0.7332870815801591,0.0,0.0,0.07414967566728592,0.07457290589809418,0.0763513520359993,0.08255907148122787
scan33,subset_middle,2,1,5pct,13,0,0.037918202579021454,99.1327896118164,0.0,0.0,0.03967772051692009,99.73165893554688,0.0,0.0,4.640298901910776,0.03965961933135986,99.7319564819336,0.0,0.0,4.5925614451510475,0.03965961933135986,99.7319564819336,0.0,0.0,-1.810118556022644e-05,0.0,0.038076914846897125,0.03866572305560112,0.040923766791820526,0.04835224524140358
scan33,subset_middle,3,2,5pct,14,0,0.02563762664794922,77.23377990722656,0.0,0.0,0.026182206347584724,77.47393035888672,0.0,4.265674264047342,2.1241424064464534,0.026293575763702393,77.53157806396484,0.0,3.620716576195963,2.558540713462039,0.026293575763702393,77.53157806396484,0.0,3.620716576195963,0.00011136941611766815,0.0,0.025702688843011856,0.02616714872419834,0.02825756184756756,0.03570719435811043
scan33,subset_middle,4,3,5pct,13,0,0.05179448053240776,114.71277618408203,0.0,0.0,0.05334078148007393,115.5097885131836,0.0,0.7803435097844033,2.985455075080151,0.05328911915421486,115.55785369873047,0.0,1.6695291789224274,2.885710227119479,0.05328911915421486,115.55785369873047,0.0,1.6695291789224274,-5.1662325859069824e-05,0.0,0.052043814212083817,0.05251976475119591,0.05449078232049942,0.062476690858602524
scan33,subset_middle,5,4,5pct,12,0,0.07369570434093475,131.0615234375,0.0,3.7988538861654195,0.07644292712211609,132.1939239501953,0.0,3.7807701065641646,3.727792285520464,0.076424740254879,132.20321655273438,0.0,4.295688249694494,3.7031139580660524,0.076424740254879,132.20321655273438,0.0,4.295688249694494,-1.8186867237091064e-05,0.0,0.0740237608551979,0.07471074163913727,0.07644292712211609,0.08288486301898956
scan33,subset_uniform,0,0,2pct,14,0,0.07080504298210144,142.91357421875,0.0,49.211366120874715,0.07150483131408691,143.5604248046875,0.0,69.68393266735539,0.9883312014405115,0.0719120129942894,143.7383575439453,0.0,58.22635180636154,1.5634056072358924,0.0719120129942894,143.7383575439453,0.0,58.22635180636154,0.00040718168020248413,0.0,0.07104415446519852,0.07150483131408691,0.07314898073673248,0.08396362513303757
scan33,subset_uniform,1,8,2pct,15,0,0.013523148372769356,55.829078674316406,0.0,2.1367997089593365,0.01367346104234457,55.89472961425781,0.0,3.0172040493413985,1.1115212628879292,0.014219701290130615,56.05013656616211,0.0,3.702532850942607,5.15081915956687,0.014219701290130615,56.05013656616211,0.0,3.702532850942607,0.0005462402477860451,0.0,0.013671002350747585,0.014069274999201298,0.01588798314332962,0.028157604858279228
scan33,subset_uniform,2,16,2pct,15,0,0.004854337777942419,13.633707046508789,0.0,0.0,0.004821624606847763,13.629596710205078,0.0,3.1578372174651377,-0.673895649439581,0.0050316001288592815,13.715645790100098,0.0,2.3011225344456188,3.6516278640996767,0.0050316001288592815,13.715645790100098,0.0,2.3011225344456188,0.00020997552201151848,0.0,0.004814599175006151,0.00495769502595067,0.006282548885792494,0.016808751970529556
scan33,subset_uniform,3,24,2pct,14,0,0.004107574000954628,6.553811073303223,0.0,0.0,0.00403085071593523,6.601478576660156,0.0,0.0,-1.8678491246065614,0.0041002994403243065,6.636637210845947,0.0,0.0,-0.17710114604462013,0.0041002994403243065,6.636637210845947,0.0,0.0,6.944872438907623e-05,0.0,0.0040101041086018085,0.00403085071593523,0.004824227653443813,0.010924937203526497
scan33,subset_uniform,4,32,2pct,13,0,0.004038942977786064,3.796538829803467,0.0,0.0,0.003949030768126249,3.8965156078338623,0.0,3.7003109050282372,-2.226132187414539,0.003949030768126249,3.8965156078338623,0.0,3.7003109050282372,-2.226132187414539,0.003949030768126249,3.8965156078338623,0.0,3.7003109050282372,0.0,0.0,0.003941337112337351,0.0038892014417797327,0.004177846014499664,0.007936658337712288
scan33,subset_uniform,5,40,2pct,13,0,0.004048328381031752,4.225883960723877,0.0,3.4632279953045133,0.004029362462460995,4.226133346557617,0.0,1.78596960356257,-0.4684876518323171,0.004029362462460995,4.226133346557617,0.0,1.78596960356257,-0.4684876518323171,0.004029362462460995,4.226133346557617,0.0,1.78596960356257,0.0,0.0,0.0038892028387635946,0.003882059594616294,0.004324485547840595,0.00829127337783575
scan33,subset_uniform,0,0,5pct,12,0,0.07080504298210144,142.91357421875,0.0,49.211366120874715,0.07314898073673248,144.20286560058594,0.0,121.56407567810213,3.310410750295792,0.07314898073673248,144.20286560058594,0.0,121.56407567810213,3.310410750295792,0.07314898073673248,144.20286560058594,0.0,121.56407567810213,0.0,0.0,0.07104415446519852,0.07150483131408691,0.07314898073673248,0.08396362513303757
scan33,subset_uniform,1,8,5pct,14,0,0.013523148372769356,55.829078674316406,0.0,2.1367997089593365,0.013947037048637867,55.973594665527344,0.0,3.508275654201686,3.1345413374452584,0.014665490947663784,56.126102447509766,0.0,0.0,8.447312293006307,0.014665490947663784,56.126102447509766,0.0,0.0,0.000718453899025917,0.0,0.013671002350747585,0.014069274999201298,0.01588798314332962,0.028157604858279228
scan33,subset_uniform,2,16,5pct,14,0,0.004854337777942419,13.633707046508789,0.0,0.0,0.004882398992776871,13.656535148620605,0.0,0.0,0.5780647354611121,0.005250133574008942,13.761993408203125,0.0,0.0,8.153445725696622,0.005250133574008942,13.761993408203125,0.0,0.0,0.0003677345812320709,0.0,0.004814599175006151,0.00495769502595067,0.006282548885792494,0.016808751970529556
scan33,subset_uniform,3,24,5pct,13,0,0.004107574000954628,6.553811073303223,0.0,0.0,0.004294366110116243,6.718430995941162,0.0,1.653155721378026,4.547504417892498,0.0044347927905619144,6.780997276306152,0.0,3.5513195063511063,7.966229933562696,0.0044347927905619144,6.780997276306152,0.0,3.5513195063511063,0.00014042668044567108,0.0,0.0040101041086018085,0.00403085071593523,0.004824227653443813,0.010924937203526497
scan33,subset_uniform,4,32,5pct,12,0,0.004038942977786064,3.796538829803467,0.0,0.0,0.004177846014499664,4.089833736419678,0.0,2.8917787242915156,3.4390937796735,0.004177846014499664,4.089833736419678,0.0,2.8917787242915156,3.4390937796735,0.004177846014499664,4.089833736419678,0.0,2.8917787242915156,0.0,0.0,0.003941337112337351,0.0038892014417797327,0.004177846014499664,0.007936658337712288
scan33,subset_uniform,5,40,5pct,13,0,0.004048328381031752,4.225883960723877,0.0,3.4632279953045133,0.004029362462460995,4.226133346557617,0.0,0.0,-0.4684876518323171,0.004088104702532291,4.251899242401123,0.0,3.6032616008851726,0.9825369326981928,0.004088104702532291,4.251899242401123,0.0,3.6032616008851726,5.874224007129669e-05,0.0,0.0038892028387635946,0.003882059594616294,0.004324485547840595,0.00829127337783575
scan48,subset_middle,0,24,2pct,9,0,0.004983480088412762,5.186372756958008,0.0,69.69064674330953,0.004703231621533632,5.048758506774902,0.0,43.138320495830804,-5.623549445511852,0.004703231621533632,5.048758506774902,0.0,43.138320495830804,-5.623549445511852,0.004703231621533632,5.048758506774902,0.0,43.138320495830804,0.0,0.0,0.004812486935406923,0.004688880406320095,0.004767576698213816,0.00509748887270689
scan48,subset_middle,1,0,2pct,11,0,0.005053607281297445,6.8126983642578125,0.0,0.0,0.004939759615808725,7.037149429321289,0.0,0.44980477583383427,-2.2528000129739225,0.004762182477861643,7.036706924438477,0.0,2.1505858054687725,-5.7666689794895,0.004762182477861643,7.036706924438477,0.0,2.1505858054687725,-0.00017757713794708252,0.0,0.004897426813840866,0.004843350499868393,0.0049471319653093815,0.011304744519293308
scan48,subset_middle,2,1,2pct,11,0,0.005413472652435303,5.757596492767334,0.0,0.0,0.005318921525031328,5.698777198791504,0.0,0.0,-1.7465891761998615,0.005168079398572445,5.694172382354736,0.0,0.0,-4.533009947920681,0.005168079398572445,5.694172382354736,0.0,0.0,-0.00015084212645888329,0.0,0.005255741532891989,0.00513600604608655,0.00520703662186861,0.009372944012284279
scan48,subset_middle,3,2,2pct,13,0,0.004946899600327015,4.4125237464904785,0.0,0.0,0.005744569469243288,4.877729415893555,0.0,4.982124822601714,16.12464236920319,0.005089737940579653,4.445903778076172,0.0,4.5792815460148315,2.8874315590151767,0.005089737940579653,4.445903778076172,0.0,4.5792815460148315,-0.0006548315286636353,0.0,0.004926006775349379,0.0049562351778149605,0.005208751652389765,0.00862948875874281
scan48,subset_middle,4,3,2pct,13,0,0.006160324439406395,9.277724266052246,0.0,0.0,0.006812818814069033,9.086007118225098,0.0,3.773408016412537,10.591883286028873,0.006219044793397188,8.944660186767578,0.0,3.5239229772599505,0.9532022958916022,0.006219044793397188,8.944660186767578,0.0,3.5239229772599505,-0.0005937740206718445,0.0,0.006079183425754309,0.006076567806303501,0.006306039169430733,0.011677239090204239
scan48,subset_middle,5,4,2pct,13,0,0.006053423974663019,9.278873443603516,0.0,3.2115641258066927,0.006612342782318592,9.346668243408203,0.0,2.125043672737275,9.23310196006363,0.00612353952601552,9.279193878173828,0.0,3.5158016688933937,1.1582792093528207,0.00612353952601552,9.279193878173828,0.0,3.5158016688933937,-0.000488803256303072,0.0,0.006023423746228218,0.006010825280100107,0.006231312174350023,0.014951637014746666
scan48,subset_middle,0,24,5pct,8,0,0.004983480088412762,5.186372756958008,0.0,69.69064674330953,0.00509748887270689,5.312051296234131,0.0,129.7169173205095,2.287734319621616,0.00509748887270689,5.312051296234131,0.0,129.7169173205095,2.287734319621616,0.00509748887270689,5.312051296234131,0.0,129.7169173205095,0.0,0.0,0.004812486935406923,0.004688880406320095,0.004767576698213816,0.00509748887270689
scan48,subset_middle,1,0,5pct,11,0,0.005053607281297445,6.8126983642578125,0.0,0.0,0.00500577362254262,7.110617637634277,0.0,0.0,-0.9465250481937912,0.0051089986227452755,7.299570083618164,0.0,1.5624777030701136,1.0960753055114567,0.0051089986227452755,7.299570083618164,0.0,1.5624777030701136,0.00010322500020265579,0.0,0.004897426813840866,0.004843350499868393,0.0049471319653093815,0.011304744519293308
scan48,subset_middle,2,1,5pct,11,0,0.005413472652435303,5.757596492767334,0.0,0.0,0.0052843596786260605,5.682539463043213,0.0,0.0,-2.3850304988824416,0.0054547954350709915,5.892429828643799,0.0,4.317653284291609,0.7633322506413573,0.0054547954350709915,5.892429828643799,0.0,4.317653284291609,0.00017043575644493103,0.0,0.005255741532891989,0.00513600604608655,0.00520703662186861,0.009372944012284279
scan48,subset_middle,3,2,5pct,13,0,0.004946899600327015,4.4125237464904785,0.0,0.0,0.005422654096037149,4.576808452606201,0.0,4.909556197104444,9.617225619025799,0.005006952676922083,4.335951805114746,0.0,2.559637937454608,1.2139538184906393,0.005006952676922083,4.335951805114746,0.0,2.559637937454608,-0.00041570141911506653,0.0,0.004926006775349379,0.0049562351778149605,0.005208751652389765,0.00862948875874281
scan48,subset_middle,4,3,5pct,11,0,0.006160324439406395,9.277724266052246,0.0,0.0,0.006371467839926481,9.265853881835938,0.0,3.799523671590904,3.4274720852272504,0.006657368037849665,9.48509407043457,0.0,3.935073044538038,8.068464629294176,0.006657368037849665,9.48509407043457,0.0,3.935073044538038,0.00028590019792318344,0.0,0.006079183425754309,0.006076567806303501,0.006306039169430733,0.011677239090204239
scan48,subset_middle,5,4,5pct,12,0,0.006053423974663019,9.278873443603516,0.0,3.2115641258066927,0.006068706512451172,9.25263786315918,0.0,0.0,0.2524610510038402,0.006457295268774033,9.6078462600708,0.0,2.7909186014784066,6.671782710106573,0.006457295268774033,9.6078462600708,0.0,2.7909186014784066,0.0003885887563228607,0.0,0.006023423746228218,0.006010825280100107,0.006231312174350023,0.014951637014746666
scan48,subset_uniform,0,0,2pct,15,0,0.004692209884524345,8.195677757263184,0.0,66.18848090676383,0.004778769798576832,8.153008460998535,0.0,85.89899983245161,1.8447579324610945,0.00462723383679986,7.894443988800049,0.0,143.42126841841156,-1.3847643077260192,0.00462723383679986,7.894443988800049,0.0,143.42126841841156,-0.00015153596177697182,0.0,0.004751957021653652,0.0049816095270216465,0.005813765339553356,0.014941579662263393
scan48,subset_uniform,1,8,2pct,14,0,0.0039096553809940815,5.212607383728027,0.0,0.0,0.003953853622078896,5.341579437255859,0.0,0.0,1.1304894364775466,0.003924572840332985,5.2243781089782715,0.0,0.0,0.38155432858408267,0.003924572840332985,5.2243781089782715,0.0,0.0,-2.9280781745910645e-05,0.0,0.0039046660531312227,0.003953853622078896,0.004233413841575384,0.008516825735569
scan48,subset_uniform,2,16,2pct,14,0,0.003499177284538746,5.4439778327941895,0.0,0.0,0.003568759886547923,5.479578971862793,0.0,0.0,1.988541772851313,0.0035166859161108732,5.458658218383789,0.0,0.0,0.5003642327437917,0.0035166859161108732,5.458658218383789,0.0,0.0,-5.2073970437049866e-05,0.0,0.0035194274969398975,0.003568759886547923,0.0038397556636482477,0.007332348730415106
scan48,subset_uniform,3,24,2pct,13,0,0.003605422331020236,4.552785396575928,0.0,0.0,0.0035802789498120546,4.502568244934082,0.0,0.0,-0.69737686461454,0.0035802789498120546,4.502568244934082,0.0,0.0,-0.69737686461454,0.0035802789498120546,4.502568244934082,0.0,0.0,0.0,0.0,0.0035193711519241333,0.0034962263889610767,0.003722074441611767,0.005933197680860758
scan48,subset_uniform,4,32,2pct,13,0,0.004141601268202066,4.034265041351318,0.0,3.2118689229984043,0.004149272572249174,3.9924798011779785,0.0,0.0,0.18522555770893728,0.004149272572249174,3.9924798011779785,0.0,0.0,0.18522555770893728,0.004149272572249174,3.9924798011779785,0.0,0.0,0.0,0.0,0.004147846717387438,0.0041068363934755325,0.004280693829059601,0.005487011279910803
scan48,subset_uniform,5,40,2pct,15,0,0.006795067805796862,22.016935348510742,0.0,1.9275246337808496,0.0068404353223741055,22.052528381347656,0.0,0.0,0.6676536257451449,0.006766746751964092,22.004398345947266,0.0,4.200252150856021,-0.41678839184811,0.006766746751964092,22.004398345947266,0.0,4.200252150856021,-7.36885704100132e-05,0.0,0.006818587426096201,0.006971240974962711,0.007166704162955284,0.013830415904521942
scan48,subset_uniform,0,0,5pct,15,0,0.004692209884524345,8.195677757263184,0.0,66.18848090676383,0.004829299636185169,8.24727725982666,0.0,104.66022491634516,2.9216457710676504,0.004648185335099697,8.179071426391602,0.0,72.82980168584739,-0.9382476595910225,0.00465706130489707,8.187888145446777,0.0,14.450569755293447,-0.0001811143010854721,0.018248915672302246,0.004751957021653652,0.0049816095270216465,0.005813765339553356,0.014941579662263393
scan48,subset_uniform,1,8,5pct,13,0,0.0039096553809940815,5.212607383728027,0.0,0.0,0.004058477468788624,5.159555912017822,0.0,0.0,3.806527002814819,0.0040447604842484,5.115543842315674,0.0,0.0,3.45567806081072,0.0040447604842484,5.115543842315674,0.0,0.0,-1.3716984540224075e-05,0.018248915672302246,0.0039046660531312227,0.003953853622078896,0.004233413841575384,0.008516825735569
scan48,subset_uniform,2,16,5pct,14,0,0.003499177284538746,5.4439778327941895,0.0,0.0,0.0035648271441459656,5.49015998840332,0.0,0.0,1.8761512855406388,0.0035282985772937536,5.470102787017822,0.0,0.0,0.8322325617419082,0.0035282985772937536,5.470102787017822,0.0,0.0,-3.652856685221195e-05,0.018248915672302246,0.0035194274969398975,0.003568759886547923,0.0038397556636482477,0.007332348730415106
scan48,subset_uniform,3,24,5pct,12,0,0.003605422331020236,4.552785396575928,0.0,0.0,0.003722074441611767,4.560540199279785,0.0,1.3281013625267126,3.235463140833253,0.003722074441611767,4.560540199279785,0.0,0.0,3.235463140833253,0.003722074441611767,4.560540199279785,0.0,0.0,0.0,0.018248915672302246,0.0035193711519241333,0.0034962263889610767,0.003722074441611767,0.005933197680860758
scan48,subset_uniform,4,32,5pct,12,0,0.004141601268202066,4.034265041351318,0.0,3.2118689229984043,0.004280693829059601,4.04829216003418,0.0,2.402162590054675,3.358424721506729,0.004280693829059601,4.04829216003418,0.0,0.0,3.358424721506729,0.004280693829059601,4.04829216003418,0.0,0.0,0.0,0.018248915672302246,0.004147846717387438,0.0041068363934755325,0.004280693829059601,0.005487011279910803
scan48,subset_uniform,5,40,5pct,13,0,0.006795067805796862,22.016935348510742,0.0,1.9275246337808496,0.007047619670629501,22.148767471313477,0.0,0.0,3.716693814551609,0.0068441214971244335,22.088430404663086,0.0,0.0,0.7219014251149083,0.0068441214971244335,22.088430404663086,0.0,0.0,-0.00020349817350506783,0.018248915672302246,0.006818587426096201,0.006971240974962711,0.007166704162955284,0.013830415904521942
scan62,subset_middle,0,24,2pct,12,0,0.004459275398403406,6.2521281242370605,0.0,144.3206540679405,0.004538560751825571,6.211946964263916,0.0,59.78782867327484,1.7779873710099214,0.004538560751825571,6.211946964263916,0.0,59.78782867327484,1.7779873710099214,0.004538560751825571,6.211946964263916,0.0,59.78782867327484,0.0,0.0,0.0044511351734399796,0.004444533493369818,0.004538560751825571,0.011670040898025036
scan62,subset_middle,1,0,2pct,13,0,0.004255292005836964,5.5304694175720215,0.0,3.1893593942583927,0.004241537302732468,5.565702438354492,0.0,3.3712716644047505,-0.32323758476806624,0.004256964195519686,5.566744327545166,0.0,2.470529795438741,0.03929670820306473,0.004256964195519686,5.566744327545166,0.0,2.470529795438741,1.5426892787218094e-05,0.0,0.004248101729899645,0.004232300445437431,0.004346142988651991,0.010341418907046318
scan62,subset_middle,2,1,2pct,12,0,0.004756789188832045,6.553004264831543,0.0,0.0,0.004741348791867495,6.372262477874756,0.0,2.9400476711559955,-0.32459704123110755,0.004741348791867495,6.372262477874756,0.0,2.9400476711559955,-0.32459704123110755,0.004741348791867495,6.372262477874756,0.0,2.9400476711559955,0.0,0.0,0.004748558159917593,0.004718962125480175,0.004741348791867495,0.012411488220095634
scan62,subset_middle,3,2,2pct,13,0,0.0046862163580954075,7.154677867889404,0.0,0.0,0.004613169468939304,7.1350250244140625,0.0,4.213287566886991,-1.5587604919246871,0.004700820427387953,7.192094326019287,0.0,3.1014145188355435,0.31163881853890263,0.004700820427387953,7.192094326019287,0.0,3.1014145188355435,8.765095844864845e-05,0.0,0.004650305490940809,0.004612105432897806,0.004826670046895742,0.015387756749987602
scan62,subset_middle,4,3,2pct,15,0,0.0046423315070569515,9.658623695373535,0.0,1.3808351186742656,0.004704359918832779,9.67202377319336,0.0,0.0,1.3361478317853024,0.00521210627630353,9.802641868591309,0.0,1.053505773220809,12.273461479009976,0.00521210627630353,9.802641868591309,0.0,1.053505773220809,0.0005077463574707508,0.0,0.004676647484302521,0.004814554937183857,0.0061477371491491795,0.02115665003657341
scan62,subset_middle,5,4,2pct,15,0,0.006706437095999718,15.55815601348877,0.0,2.187938189048868,0.0065824007615447044,15.511810302734375,0.0,0.0,-1.8495116360518606,0.007505207322537899,15.753043174743652,0.0,0.0,11.91050054006523,0.007505207322537899,15.753043174743652,0.0,0.0,0.0009228065609931946,0.0,0.006707430817186832,0.006992751732468605,0.008750607259571552,0.026137076318264008
scan62,subset_middle,0,24,5pct,12,0,0.004459275398403406,6.2521281242370605,0.0,144.3206540679405,0.004538560751825571,6.211946964263916,0.0,59.78782867327484,1.7779873710099214,0.004538560751825571,6.211946964263916,0.0,59.78782867327484,1.7779873710099214,0.004538560751825571,6.211946964263916,0.0,59.78782867327484,0.0,0.0,0.0044511351734399796,0.004444533493369818,0.004538560751825571,0.011670040898025036
scan62,subset_middle,1,0,5pct,12,0,0.004255292005836964,5.5304694175720215,0.0,3.1893593942583927,0.004346142988651991,5.604513168334961,0.0,3.353162271594108,2.1350117145993126,0.004346142988651991,5.604513168334961,0.0,3.353162271594108,2.1350117145993126,0.004346142988651991,5.604513168334961,0.0,3.353162271594108,0.0,0.0,0.004248101729899645,0.004232300445437431,0.004346142988651991,0.010341418907046318
scan62,subset_middle,2,1,5pct,12,0,0.004756789188832045,6.553004264831543,0.0,0.0,0.004741348791867495,6.372262477874756,0.0,2.9400476711559955,-0.32459704123110755,0.004741348791867495,6.372262477874756,0.0,2.9400476711559955,-0.32459704123110755,0.004741348791867495,6.372262477874756,0.0,2.9400476711559955,0.0,0.0,0.004748558159917593,0.004718962125480175,0.004741348791867495,0.012411488220095634
scan62,subset_middle,3,2,5pct,12,0,0.0046862163580954075,7.154677867889404,0.0,0.0,0.004826670046895742,7.160451889038086,0.0,0.0,2.9971661158516962,0.004826670046895742,7.160451889038086,0.0,0.0,2.9971661158516962,0.004826670046895742,7.160451889038086,0.0,0.0,0.0,0.0,0.004650305490940809,0.004612105432897806,0.004826670046895742,0.015387756749987602
scan62,subset_middle,4,3,5pct,14,0,0.0046423315070569515,9.658623695373535,0.0,1.3808351186742656,0.004782625939697027,9.65382194519043,0.0,0.0,3.0220683815192815,0.005691485479474068,9.917485237121582,0.0,1.3808351186742656,22.599721084594343,0.005691485479474068,9.917485237121582,0.0,1.3808351186742656,0.0009088595397770405,0.0,0.004676647484302521,0.004814554937183857,0.0061477371491491795,0.02115665003657341
scan62,subset_middle,5,4,5pct,14,0,0.006706437095999718,15.55815601348877,0.0,2.187938189048868,0.006903957575559616,15.673246383666992,0.0,4.311616250838964,2.945237191260859,0.008171840570867062,15.962740898132324,0.0,2.187938189048868,21.85070036281163,0.008171840570867062,15.962740898132324,0.0,2.187938189048868,0.0012678829953074455,0.0,0.006707430817186832,0.006992751732468605,0.008750607259571552,0.026137076318264008
scan62,subset_uniform,0,0,2pct,15,0,0.004451945889741182,6.537766456604004,0.0,163.92348823117385,0.0045304433442652225,6.590461730957031,0.0,29.41468435880723,1.7632167251835968,0.004559067543596029,6.543883800506592,0.0,146.81669205860828,2.4061760072531917,0.004559067543596029,6.543883800506592,0.0,146.81669205860828,2.8624199330806732e-05,0.0,0.0045304433442652225,0.0046120258048176765,0.0050336942076683044,0.011418528854846954
scan62,subset_uniform,1,8,2pct,14,0,0.004145204089581966,4.918864727020264,0.0,2.0676271815834437,0.004200107418000698,4.855660438537598,0.0,0.0,1.3245024185110401,0.004200107418000698,4.855660438537598,0.0,1.2234934935716766,1.3245024185110401,0.004200107418000698,4.855660438537598,0.0,1.2234934935716766,0.0,0.0,0.0041318307630717754,0.004200107418000698,0.00503664743155241,0.014564300887286663
scan62,subset_uniform,2,16,2pct,15,0,0.0039024334400892258,5.938241004943848,0.0,1.7550197752774208,0.0039016802329570055,5.922394275665283,0.0,2.2482923018760395,-0.019300960382377382,0.003983680624514818,5.94486665725708,0.0,0.0,2.0819620801459404,0.003983680624514818,5.94486665725708,0.0,0.0,8.200039155781269e-05,0.0,0.0039016802329570055,0.00398961640894413,0.00500005017966032,0.017253097146749496
scan62,subset_uniform,3,24,2pct,14,0,0.004372426308691502,5.897397041320801,0.0,1.2210920417481823,0.004309056792408228,5.92642068862915,0.0,0.0,-1.4492986687347453,0.004309056792408228,5.92642068862915,0.0,0.0,-1.4492986687347453,0.004309056792408228,5.92642068862915,0.0,0.0,0.0,0.0,0.004295275080949068,0.004309056792408228,0.0048867883160710335,0.012794292531907558
scan62,subset_uniform,4,32,2pct,14,0,0.004356142599135637,5.85348653793335,0.0,0.0,0.004337692633271217,5.82418155670166,0.0,4.3916404547021255,-0.4235390702793075,0.004337692633271217,5.82418155670166,0.0,0.0,-0.4235390702793075,0.004337692633271217,5.82418155670166,0.0,0.0,0.0,0.0,0.0043208179995417595,0.004337692633271217,0.004819031804800034,0.010575981810688972
scan62,subset_uniform,5,40,2pct,15,0,0.003501387545838952,4.665273189544678,0.0,3.534076266904586,0.0035123489797115326,4.660421848297119,0.0,0.0,0.31305971501518287,0.003592921420931816,4.708464622497559,0.0,2.935849879580788,2.6142171894580155,0.003592921420931816,4.708464622497559,0.0,2.935849879580788,8.057244122028351e-05,0.0,0.0035123489797115326,0.003613692242652178,0.004892624448984861,0.021700255572795868
scan62,subset_uniform,0,0,5pct,14,0,0.004451945889741182,6.537766456604004,0.0,163.92348823117385,0.0046120258048176765,6.670046329498291,0.0,46.076015593704554,3.5957291270177723,0.004637391772121191,6.636141777038574,0.0,44.77631255692116,4.1655017148195785,0.004637391772121191,6.636141777038574,0.0,44.77631255692116,2.536596730351448e-05,0.0,0.0045304433442652225,0.0046120258048176765,0.0050336942076683044,0.011418528854846954
scan62,subset_uniform,1,8,5pct,14,0,0.004145204089581966,4.918864727020264,0.0,2.0676271815834437,0.004200107418000698,4.855660438537598,0.0,1.2234934935716766,1.3245024185110401,0.0043356516398489475,4.927921295166016,0.0,0.0,4.594407082286443,0.0043356516398489475,4.927921295166016,0.0,0.0,0.00013554422184824944,0.0,0.0041318307630717754,0.004200107418000698,0.00503664743155241,0.014564300887286663
scan62,subset_uniform,2,16,5pct,14,0,0.0039024334400892258,5.938241004943848,0.0,1.7550197752774208,0.00398961640894413,5.928727149963379,0.0,2.2482923018760395,2.234066773805393,0.004112483002245426,5.9449286460876465,0.0,1.4325847939728076,5.3825277325267535,0.004112483002245426,5.9449286460876465,0.0,1.4325847939728076,0.00012286659330129623,0.0,0.0039016802329570055,0.00398961640894413,0.00500005017966032,0.017253097146749496
scan62,subset_uniform,3,24,5pct,13,0,0.004372426308691502,5.897397041320801,0.0,1.2210920417481823,0.004463875666260719,6.011501312255859,0.0,0.0,2.0915014024921312,0.004463875666260719,6.011501312255859,0.0,0.956748566386468,2.0915014024921312,0.004463875666260719,6.011501312255859,0.0,0.956748566386468,0.0,0.0,0.004295275080949068,0.004309056792408228,0.0048867883160710335,0.012794292531907558
scan62,subset_uniform,4,32,5pct,13,0,0.004356142599135637,5.85348653793335,0.0,0.0,0.004472475964576006,5.9007792472839355,0.0,4.738467215471618,2.670559165428881,0.004472475964576006,5.9007792472839355,0.0,0.0,2.670559165428881,0.004472475964576006,5.9007792472839355,0.0,0.0,0.0,0.0,0.0043208179995417595,0.004337692633271217,0.004819031804800034,0.010575981810688972
scan62,subset_uniform,5,40,5pct,14,0,0.003501387545838952,4.665273189544678,0.0,3.534076266904586,0.003613692242652178,4.671628952026367,0.0,0.0,3.2074340627243223,0.003749205730855465,4.765413284301758,0.0,0.0,7.077713671284972,0.003749205730855465,4.765413284301758,0.0,0.0,0.00013551348820328712,0.0,0.0035123489797115326,0.003613692242652178,0.004892624448984861,0.021700255572795868
scan110,subset_middle,0,24,2pct,14,0,0.0036102591548115015,4.3478546142578125,0.0,63.708555332348084,0.00357766798697412,4.358160495758057,0.0,146.65435212241542,-0.9027376274067784,0.00357766798697412,4.358160495758057,0.0,146.65435212241542,-0.9027376274067784,0.00357766798697412,4.358160495758057,0.0,146.65435212241542,0.0,0.0,0.0035981303080916405,0.00357766798697412,0.004151761531829834,0.00826677493751049
scan110,subset_middle,1,0,2pct,14,0,0.008683726191520691,15.803543090820312,0.0,0.0,0.008697406388819218,16.18513298034668,0.0,3.602065890893597,0.1575383308594521,0.008697406388819218,16.18513298034668,0.0,3.602065890893597,0.1575383308594521,0.008697406388819218,16.18513298034668,0.0,3.602065890893597,0.0,0.0,0.008587074466049671,0.008697406388819218,0.010026543401181698,0.022715648636221886
scan110,subset_middle,2,1,2pct,14,0,0.0063730524852871895,11.845715522766113,0.0,4.556253563228133,0.006436323281377554,12.103922843933105,0.0,3.6586433359965747,0.9927863647197512,0.006436323281377554,12.103922843933105,0.0,3.6586433359965747,0.9927863647197512,0.006436323281377554,12.103922843933105,0.0,3.6586433359965747,0.0,0.0,0.006352520547807217,0.006436323281377554,0.007811752147972584,0.019246114417910576
scan110,subset_middle,3,2,2pct,14,0,0.0093541806563735,32.27143859863281,0.0,3.8334381221409557,0.009512136690318584,32.56166076660156,0.0,3.9186161306197156,1.6886143185342455,0.009512136690318584,32.56166076660156,0.0,3.9186161306197156,1.6886143185342455,0.009512136690318584,32.56166076660156,0.0,3.9186161306197156,0.0,0.0,0.009400547482073307,0.009512136690318584,0.010728966444730759,0.021756257861852646
scan110,subset_middle,4,3,2pct,14,0,0.025061702355742455,64.87964630126953,0.0,2.5332731938149475,0.02550000511109829,65.64286804199219,0.0,3.457230235439596,1.7488945847902684,0.02550000511109829,65.64286804199219,0.0,3.457230235439596,1.7488945847902684,0.02550000511109829,65.64286804199219,0.0,3.457230235439596,0.0,0.0,0.025202255696058273,0.02550000511109829,0.027350930497050285,0.04164034500718117
scan110,subset_middle,5,4,2pct,14,0,0.06323044002056122,105.20494842529297,0.0,3.5052605525699483,0.0644550621509552,106.77433776855469,0.0,3.2756633167331466,1.9367604115925183,0.0644550621509552,106.77433776855469,0.0,3.2756633167331466,1.9367604115925183,0.0644550621509552,106.77433776855469,0.0,3.2756633167331466,0.0,0.0,0.06370282173156738,0.0644550621509552,0.06743495166301727,0.08689337968826294
scan110,subset_middle,0,24,5pct,13,0,0.0036102591548115015,4.3478546142578125,0.0,63.708555332348084,0.003739806590601802,4.455615043640137,0.0,45.98304305872234,3.588314030521842,0.003739806590601802,4.455615043640137,0.0,45.98304305872234,3.588314030521842,0.003739806590601802,4.455615043640137,0.0,45.98304305872234,0.0,0.0,0.0035981303080916405,0.00357766798697412,0.004151761531829834,0.00826677493751049
scan110,subset_middle,1,0,5pct,14,0,0.008683726191520691,15.803543090820312,0.0,0.0,0.008697406388819218,16.18513298034668,0.0,3.602065890893597,0.1575383308594521,0.008890943601727486,16.401018142700195,0.0,1.3080585992941334,2.3862729620509477,0.008890943601727486,16.401018142700195,0.0,1.3080585992941334,0.00019353721290826797,0.0,0.008587074466049671,0.008697406388819218,0.010026543401181698,0.022715648636221886
scan110,subset_middle,2,1,5pct,14,0,0.0063730524852871895,11.845715522766113,0.0,4.556253563228133,0.006436323281377554,12.103922843933105,0.0,3.9299439993581817,0.9927863647197512,0.006701117847114801,12.288644790649414,0.0,3.237670389474951,5.147695905297856,0.006701117847114801,12.288644790649414,0.0,3.237670389474951,0.00026479456573724747,0.0,0.006352520547807217,0.006436323281377554,0.007811752147972584,0.019246114417910576
scan110,subset_middle,3,2,5pct,14,0,0.0093541806563735,32.27143859863281,0.0,3.8334381221409557,0.009512136690318584,32.56166076660156,0.0,3.792663173456449,1.6886143185342455,0.009802655316889286,32.73973846435547,0.0,0.0,4.794376728337137,0.009802655316889286,32.73973846435547,0.0,0.0,0.0002905186265707016,0.0,0.009400547482073307,0.009512136690318584,0.010728966444730759,0.021756257861852646
scan110,subset_middle,4,3,5pct,13,0,0.025061702355742455,64.87964630126953,0.0,2.5332731938149475,0.02617352083325386,66.32849884033203,0.0,0.0,4.436324642793677,0.02617352083325386,66.32849884033203,0.0,0.0,4.436324642793677,0.02617352083325386,66.32849884033203,0.0,0.0,0.0,0.0,0.025202255696058273,0.02550000511109829,0.027350930497050285,0.04164034500718117
scan110,subset_middle,5,4,5pct,13,0,0.06323044002056122,105.20494842529297,0.0,3.5052605525699483,0.06563597917556763,107.94561004638672,0.0,3.0256918400456083,3.804400466332636,0.06563597917556763,107.94561004638672,0.0,3.0256918400456083,3.804400466332636,0.06563597917556763,107.94561004638672,0.0,3.0256918400456083,0.0,0.0,0.06370282173156738,0.0644550621509552,0.06743495166301727,0.08689337968826294
scan110,subset_uniform,0,0,2pct,14,0,0.00880295131355524,16.115962982177734,0.0,119.83606513884558,0.008802755735814571,16.335233688354492,0.0,92.49136864575368,-0.0022217292099308756,0.008899573236703873,16.448322296142578,0.0,44.80769727615738,1.0976082873461837,0.008899573236703873,16.448322296142578,0.0,44.80769727615738,9.68175008893013e-05,0.07614421844482422,0.008722516708076,0.008788135834038258,0.009659312665462494,0.020467298105359077
scan110,subset_uniform,1,8,2pct,14,0,0.005221245344728231,10.754297256469727,0.0,4.1124701327561946,0.005250653252005577,10.94587516784668,0.0,0.0,0.563235499113983,0.005409557837992907,11.057027816772461,0.0,2.773399166257324,3.606658581076062,0.005409557837992907,11.057027816772461,0.0,2.773399166257324,0.00015890458598732948,0.07614421844482422,0.005174465011805296,0.0052357022650539875,0.005897126160562038,0.012785137630999088
scan110,subset_uniform,2,16,2pct,14,0,0.004865224473178387,6.928003787994385,0.0,3.3602778346053803,0.004953046794980764,7.219560623168945,0.0,0.317135448199771,1.805103182526017,0.005055980756878853,7.327544689178467,0.0,0.0,3.9208115627982036,0.005055980756878853,7.327544689178467,0.0,0.0,0.00010293396189808846,0.07614421844482422,0.004835151601582766,0.004954967647790909,0.005548348184674978,0.010983600281178951
scan110,subset_uniform,3,24,2pct,12,0,0.0037164969835430384,4.349172115325928,0.0,3.726307458782952,0.003756364341825247,4.4459052085876465,0.0,3.712250929471066,1.0727133227537777,0.003756364341825247,4.4459052085876465,0.0,3.712250929471066,1.0727133227537777,0.003756364341825247,4.4459052085876465,0.0,3.712250929471066,0.0,0.07614421844482422,0.0036038353573530912,0.003552395384758711,0.003756364341825247,0.005974980536848307
scan110,subset_uniform,4,32,2pct,12,0,0.0038522304967045784,5.355909824371338,0.0,3.4171865438831035,0.0038598303217440844,5.40062952041626,0.0,4.692605056515921,0.1972837566705131,0.0038598303217440844,5.40062952041626,0.0,0.0,0.1972837566705131,0.0038598303217440844,5.40062952041626,0.0,0.0,0.0,0.07614421844482422,0.003785844426602125,0.003752742428332567,0.0038598303217440844,0.0057837627828121185
scan110,subset_uniform,5,40,2pct,15,0,0.004863907117396593,7.624626636505127,0.0,1.0669788549671881,0.004831947386264801,7.610443592071533,0.0,0.0,-0.657079388244949,0.004945278633385897,7.647268772125244,0.0,0.0,1.6729660749125839,0.0049545313231647015,7.6542277336120605,0.0,0.0,0.00011333124712109566,0.07614421844482422,0.004875455517321825,0.00498424144461751,0.00566092599183321,0.011408901773393154
scan110,subset_uniform,0,0,5pct,13,0,0.00880295131355524,16.115962982177734,0.0,119.83606513884558,0.009040115401148796,16.58369255065918,0.0,31.877541290487105,2.694142897602511,0.00918839406222105,16.676244735717773,0.0,20.49723718976277,4.3785627676059615,0.00918839406222105,16.676244735717773,0.0,20.49723718976277,0.00014827866107225418,0.0,0.008722516708076,0.008788135834038258,0.009659312665462494,0.020467298105359077
scan110,subset_uniform,1,8,5pct,13,0,0.005221245344728231,10.754297256469727,0.0,4.1124701327561946,0.005467451177537441,11.16864013671875,0.0,2.6671907918806834,4.715461859263098,0.005600455682724714,11.22754192352295,0.0,1.2898297848947213,7.262833154917009,0.005600455682724714,11.22754192352295,0.0,1.2898297848947213,0.00013300450518727303,0.0,0.005174465011805296,0.0052357022650539875,0.005897126160562038,0.012785137630999088
scan110,subset_uniform,2,16,5pct,14,0,0.004865224473178387,6.928003787994385,0.0,3.3602778346053803,0.004953046794980764,7.219560623168945,0.0,2.2272136977671453,1.805103182526017,0.005118553061038256,7.35727596282959,0.0,0.0,5.206924968343193,0.005118553061038256,7.35727596282959,0.0,0.0,0.0001655062660574913,0.0,0.004835151601582766,0.004954967647790909,0.005548348184674978,0.010983600281178951
scan110,subset_uniform,3,24,5pct,12,0,0.0037164969835430384,4.349172115325928,0.0,3.726307458782952,0.003756364341825247,4.4459052085876465,0.0,0.0,1.0727133227537777,0.003756364341825247,4.4459052085876465,0.0,0.0,1.0727133227537777,0.003756364341825247,4.4459052085876465,0.0,0.0,0.0,0.0,0.0036038353573530912,0.003552395384758711,0.003756364341825247,0.005974980536848307
scan110,subset_uniform,4,32,5pct,12,0,0.0038522304967045784,5.355909824371338,0.0,3.4171865438831035,0.0038598303217440844,5.40062952041626,0.0,4.785487518378455,0.1972837566705131,0.0038598303217440844,5.40062952041626,0.0,4.785487518378455,0.1972837566705131,0.0038598303217440844,5.40062952041626,0.0,4.785487518378455,0.0,0.0,0.003785844426602125,0.003752742428332567,0.0038598303217440844,0.0057837627828121185
scan110,subset_uniform,5,40,5pct,14,0,0.004863907117396593,7.624626636505127,0.0,1.0669788549671881,0.004979713819921017,7.643143177032471,0.0,0.0,2.3809398438185876,0.0051159607246518135,7.697541236877441,0.0,1.7560230660334724,5.182122132918774,0.0051159607246518135,7.697541236877441,0.0,1.7560230660334724,0.00013624690473079681,0.0,0.004875455517321825,0.00498424144461751,0.00566092599183321,0.011408901773393154
